0 3 0000000080000000 (0x00000093) x01 0000000000000000
0 3 0000000080000002 (0x00000113) x02 0000000000000000
0 3 0000000080000004 (0x00000193) x03 0000000000000000
0 3 0000000080000006 (0x00000213) x04 0000000000000000
0 3 0000000080000008 (0x00000293) x05 0000000000000000
0 3 000000008000000a (0x00000313) x06 0000000000000000
0 3 000000008000000c (0x00000393) x07 0000000000000000
0 3 000000008000000e (0x00000413) x08 0000000000000000
0 3 0000000080000010 (0x00000493) x09 0000000000000000
0 3 0000000080000012 (0x00000513) x0a 0000000000000000
0 3 0000000080000014 (0x00000593) x0b 0000000000000000
0 3 0000000080000016 (0x00000613) x0c 0000000000000000
0 3 0000000080000018 (0x00000693) x0d 0000000000000000
0 3 000000008000001a (0x00000713) x0e 0000000000000000
0 3 000000008000001c (0x00000793) x0f 0000000000000000
0 3 000000008000001e (0x00000813) x10 0000000000000000
0 3 0000000080000020 (0x00000893) x11 0000000000000000
0 3 0000000080000022 (0x00000913) x12 0000000000000000
0 3 0000000080000024 (0x00000993) x13 0000000000000000
0 3 0000000080000026 (0x00000a13) x14 0000000000000000
0 3 0000000080000028 (0x00000a93) x15 0000000000000000
0 3 000000008000002a (0x00000b13) x16 0000000000000000
0 3 000000008000002c (0x00000b93) x17 0000000000000000
0 3 000000008000002e (0x00000c13) x18 0000000000000000
0 3 0000000080000030 (0x00000c93) x19 0000000000000000
0 3 0000000080000032 (0x00000d13) x1a 0000000000000000
0 3 0000000080000034 (0x00000d93) x1b 0000000000000000
0 3 0000000080000036 (0x00000e13) x1c 0000000000000000
0 3 0000000080000038 (0x00000e93) x1d 0000000000000000
0 3 000000008000003a (0x00000f13) x1e 0000000000000000
0 3 000000008000003c (0x00000f93) x1f 0000000000000000
0 3 000000008000003e (0x0001e2b7) x05 000000000001e000
0 3 0000000080000040 (0x6002829b) x05 000000000001e600
0 3 0000000080000044 (0x3002a073) 
0 3 0000000080000048 (0x00000297) x05 0000000080000048
0 3 000000008000004c (0x09028293) x05 00000000800000d8
0 3 0000000080000050 (0x30529073) 
0 3 0000000080000054 (0x00301073) 
0 3 0000000080000058 (0xf0000053) f00 ffffffff00000000
0 3 000000008000005c (0xf00000d3) f01 ffffffff00000000
0 3 0000000080000060 (0xf0000153) f02 ffffffff00000000
0 3 0000000080000064 (0xf00001d3) f03 ffffffff00000000
0 3 0000000080000068 (0xf0000253) f04 ffffffff00000000
0 3 000000008000006c (0xf00002d3) f05 ffffffff00000000
0 3 0000000080000070 (0xf0000353) f06 ffffffff00000000
0 3 0000000080000074 (0xf00003d3) f07 ffffffff00000000
0 3 0000000080000078 (0xf0000453) f08 ffffffff00000000
0 3 000000008000007c (0xf00004d3) f09 ffffffff00000000
0 3 0000000080000080 (0xf0000553) f0a ffffffff00000000
0 3 0000000080000084 (0xf00005d3) f0b ffffffff00000000
0 3 0000000080000088 (0xf0000653) f0c ffffffff00000000
0 3 000000008000008c (0xf00006d3) f0d ffffffff00000000
0 3 0000000080000090 (0xf0000753) f0e ffffffff00000000
0 3 0000000080000094 (0xf00007d3) f0f ffffffff00000000
0 3 0000000080000098 (0xf0000853) f10 ffffffff00000000
0 3 000000008000009c (0xf00008d3) f11 ffffffff00000000
0 3 00000000800000a0 (0xf0000953) f12 ffffffff00000000
0 3 00000000800000a4 (0xf00009d3) f13 ffffffff00000000
0 3 00000000800000a8 (0xf0000a53) f14 ffffffff00000000
0 3 00000000800000ac (0xf0000ad3) f15 ffffffff00000000
0 3 00000000800000b0 (0xf0000b53) f16 ffffffff00000000
0 3 00000000800000b4 (0xf0000bd3) f17 ffffffff00000000
0 3 00000000800000b8 (0xf0000c53) f18 ffffffff00000000
0 3 00000000800000bc (0xf0000cd3) f19 ffffffff00000000
0 3 00000000800000c0 (0xf0000d53) f1a ffffffff00000000
0 3 00000000800000c4 (0xf0000dd3) f1b ffffffff00000000
0 3 00000000800000c8 (0xf0000e53) f1c ffffffff00000000
0 3 00000000800000cc (0xf0000ed3) f1d ffffffff00000000
0 3 00000000800000d0 (0xf0000f53) f1e ffffffff00000000
0 3 00000000800000d4 (0xf0000fd3) f1f ffffffff00000000
0 3 00000000800000d8 (0x00007197) x03 00000000800070d8
0 3 00000000800000dc (0xf6818193) x03 0000000080007040
0 3 00000000800000e0 (0xf1402473) x08 0000000000000000
0 3 00000000800000e4 (0x01800293) x05 0000000000000018
0 3 00000000800000e8 (0x00027217) x04 00000000800270e8
0 3 00000000800000ec (0xf1820213) x04 0000000080027000
0 3 00000000800000f0 (0x005412b3) x05 0000000000000000
0 3 00000000800000f4 (0x00520233) x04 0000000080027000
0 3 00000000800000f6 (0x010002b7) x05 0000000001000000
0 3 00000000800000fa (0x00028293) x05 0000000001000000
0 3 00000000800000fe (0x00520133) x02 0000000081027000
0 3 0000000080000102 (0x00000297) x05 0000000080000102
0 3 0000000080000106 (0x03e28293) x05 0000000080000140
0 3 000000008000010a (0x30529073) 
0 3 000000008000010e (0x164000ef) x01 0000000080000112
0 3 0000000080000272 (0xff010113) x02 0000000081026ff0
0 3 0000000080000274 (0x00000613) x0c 0000000000000000
0 3 0000000080000278 (0x00005597) x0b 0000000080005278
0 3 000000008000027c (0x75858593) x0b 00000000800059d0
0 3 0000000080000280 (0x00400533) x0a 0000000080027000
0 3 0000000080000282 (0x00813023) 
0 3 0000000080000284 (0x00113423) 
0 3 0000000080000286 (0x00400433) x08 0000000080027000
0 3 0000000080000288 (0x1c1000ef) x01 000000008000028c
0 3 0000000080000c48 (0x00a5c7b3) x0f 00000000000229d0
0 3 0000000080000c4c (0x0077f793) x0f 0000000000000000
0 3 0000000080000c4e (0x00c508b3) x11 0000000080027000
0 3 0000000080000c52 (0x04079663) 
0 3 0000000080000c54 (0x00863613) x0c 0000000000000001
0 3 0000000080000c58 (0x04061363) 
0 3 0000000080000c9e (0x00a00733) x0e 0000000080027000
0 3 0000000080000ca0 (0xff157ee3) 
0 3 0000000080000c9c (0x00008067) 
0 3 000000008000028c (0x00000513) x0a 0000000000000000
0 3 0000000080000290 (0x00850533) x0a 0000000080027000
0 3 0000000080000292 (0x00013403) x08 0000000000000000
0 3 0000000080000294 (0x00813083) x01 0000000080000112
0 3 0000000080000296 (0x00000613) x0c 0000000000000000
0 3 000000008000029a (0x00000593) x0b 0000000000000000
0 3 000000008000029c (0x01010113) x02 0000000081027000
0 3 000000008000029e (0x0fd0006f) 
0 3 0000000080000b9a (0x00f00313) x06 000000000000000f
0 3 0000000080000b9c (0x00a00733) x0e 0000000080027000
0 3 0000000080000b9e (0x02c37163) 
0 3 0000000080000bc0 (0x40c306b3) x0d 000000000000000f
0 3 0000000080000bc4 (0x00269693) x0d 000000000000003c
0 3 0000000080000bc6 (0x00000297) x05 0000000080000bc6
0 3 0000000080000bca (0x005686b3) x0d 0000000080000c02
0 3 0000000080000bcc (0x00a68067) 
0 3 0000000080000c0c (0x00008067) 
0 3 0000000080000112 (0x00000293) x05 0000000000000000
0 3 0000000080000116 (0x00540463) 
0 3 000000008000011e (0x84818293) x05 0000000080006888
0 3 0000000080000122 (0x00007317) x06 0000000080007122
0 3 0000000080000126 (0xe1e30313) x06 0000000080006f40
0 3 000000008000012a (0x0062f763) 
0 3 000000008000012e (0x0002b023) 
0 3 0000000080000132 (0x00828293) x05 0000000080006890
0 3 0000000080000134 (0xfe62ede3) 
0 3 000000008000012e (0x0002b023) 
0 3 0000000080000132 (0x00828293) x05 0000000080006898
0 3 0000000080000134 (0xfe62ede3) 
0 3 000000008000012e (0x0002b023) 
0 3 0000000080000132 (0x00828293) x05 00000000800068a0
0 3 0000000080000134 (0xfe62ede3) 
0 3 000000008000012e (0x0002b023) 
0 3 0000000080000132 (0x00828293) x05 00000000800068a8
0 3 0000000080000134 (0xfe62ede3) 
0 3 000000008000012e (0x0002b023) 
0 3 0000000080000132 (0x00828293) x05 00000000800068b0
0 3 0000000080000134 (0xfe62ede3) 
0 3 000000008000012e (0x0002b023) 
0 3 0000000080000132 (0x00828293) x05 00000000800068b8
0 3 0000000080000134 (0xfe62ede3) 
0 3 000000008000012e (0x0002b023) 
0 3 0000000080000132 (0x00828293) x05 00000000800068c0
0 3 0000000080000134 (0xfe62ede3) 
0 3 000000008000012e (0x0002b023) 
0 3 0000000080000132 (0x00828293) x05 00000000800068c8
0 3 0000000080000134 (0xfe62ede3) 
0 3 000000008000012e (0x0002b023) 
0 3 0000000080000132 (0x00828293) x05 00000000800068d0
0 3 0000000080000134 (0xfe62ede3) 
0 3 000000008000012e (0x0002b023) 
0 3 0000000080000132 (0x00828293) x05 00000000800068d8
0 3 0000000080000134 (0xfe62ede3) 
0 3 000000008000012e (0x0002b023) 
0 3 0000000080000132 (0x00828293) x05 00000000800068e0
0 3 0000000080000134 (0xfe62ede3) 
0 3 000000008000012e (0x0002b023) 
0 3 0000000080000132 (0x00828293) x05 00000000800068e8
0 3 0000000080000134 (0xfe62ede3) 
0 3 000000008000012e (0x0002b023) 
0 3 0000000080000132 (0x00828293) x05 00000000800068f0
0 3 0000000080000134 (0xfe62ede3) 
0 3 000000008000012e (0x0002b023) 
0 3 0000000080000132 (0x00828293) x05 00000000800068f8
0 3 0000000080000134 (0xfe62ede3) 
0 3 000000008000012e (0x0002b023) 
0 3 0000000080000132 (0x00828293) x05 0000000080006900
0 3 0000000080000134 (0xfe62ede3) 
0 3 000000008000012e (0x0002b023) 
0 3 0000000080000132 (0x00828293) x05 0000000080006908
0 3 0000000080000134 (0xfe62ede3) 
0 3 000000008000012e (0x0002b023) 
0 3 0000000080000132 (0x00828293) x05 0000000080006910
0 3 0000000080000134 (0xfe62ede3) 
0 3 000000008000012e (0x0002b023) 
0 3 0000000080000132 (0x00828293) x05 0000000080006918
0 3 0000000080000134 (0xfe62ede3) 
0 3 000000008000012e (0x0002b023) 
0 3 0000000080000132 (0x00828293) x05 0000000080006920
0 3 0000000080000134 (0xfe62ede3) 
0 3 000000008000012e (0x0002b023) 
0 3 0000000080000132 (0x00828293) x05 0000000080006928
0 3 0000000080000134 (0xfe62ede3) 
0 3 000000008000012e (0x0002b023) 
0 3 0000000080000132 (0x00828293) x05 0000000080006930
0 3 0000000080000134 (0xfe62ede3) 
0 3 000000008000012e (0x0002b023) 
0 3 0000000080000132 (0x00828293) x05 0000000080006938
0 3 0000000080000134 (0xfe62ede3) 
0 3 000000008000012e (0x0002b023) 
0 3 0000000080000132 (0x00828293) x05 0000000080006940
0 3 0000000080000134 (0xfe62ede3) 
0 3 000000008000012e (0x0002b023) 
0 3 0000000080000132 (0x00828293) x05 0000000080006948
0 3 0000000080000134 (0xfe62ede3) 
0 3 000000008000012e (0x0002b023) 
0 3 0000000080000132 (0x00828293) x05 0000000080006950
0 3 0000000080000134 (0xfe62ede3) 
0 3 000000008000012e (0x0002b023) 
0 3 0000000080000132 (0x00828293) x05 0000000080006958
0 3 0000000080000134 (0xfe62ede3) 
0 3 000000008000012e (0x0002b023) 
0 3 0000000080000132 (0x00828293) x05 0000000080006960
0 3 0000000080000134 (0xfe62ede3) 
0 3 000000008000012e (0x0002b023) 
0 3 0000000080000132 (0x00828293) x05 0000000080006968
0 3 0000000080000134 (0xfe62ede3) 
0 3 000000008000012e (0x0002b023) 
0 3 0000000080000132 (0x00828293) x05 0000000080006970
0 3 0000000080000134 (0xfe62ede3) 
0 3 000000008000012e (0x0002b023) 
0 3 0000000080000132 (0x00828293) x05 0000000080006978
0 3 0000000080000134 (0xfe62ede3) 
0 3 000000008000012e (0x0002b023) 
0 3 0000000080000132 (0x00828293) x05 0000000080006980
0 3 0000000080000134 (0xfe62ede3) 
0 3 000000008000012e (0x0002b023) 
0 3 0000000080000132 (0x00828293) x05 0000000080006988
0 3 0000000080000134 (0xfe62ede3) 
0 3 000000008000012e (0x0002b023) 
0 3 0000000080000132 (0x00828293) x05 0000000080006990
0 3 0000000080000134 (0xfe62ede3) 
0 3 000000008000012e (0x0002b023) 
0 3 0000000080000132 (0x00828293) x05 0000000080006998
0 3 0000000080000134 (0xfe62ede3) 
0 3 000000008000012e (0x0002b023) 
0 3 0000000080000132 (0x00828293) x05 00000000800069a0
0 3 0000000080000134 (0xfe62ede3) 
0 3 000000008000012e (0x0002b023) 
0 3 0000000080000132 (0x00828293) x05 00000000800069a8
0 3 0000000080000134 (0xfe62ede3) 
0 3 000000008000012e (0x0002b023) 
0 3 0000000080000132 (0x00828293) x05 00000000800069b0
0 3 0000000080000134 (0xfe62ede3) 
0 3 000000008000012e (0x0002b023) 
0 3 0000000080000132 (0x00828293) x05 00000000800069b8
0 3 0000000080000134 (0xfe62ede3) 
0 3 000000008000012e (0x0002b023) 
0 3 0000000080000132 (0x00828293) x05 00000000800069c0
0 3 0000000080000134 (0xfe62ede3) 
0 3 000000008000012e (0x0002b023) 
0 3 0000000080000132 (0x00828293) x05 00000000800069c8
0 3 0000000080000134 (0xfe62ede3) 
0 3 000000008000012e (0x0002b023) 
0 3 0000000080000132 (0x00828293) x05 00000000800069d0
0 3 0000000080000134 (0xfe62ede3) 
0 3 000000008000012e (0x0002b023) 
0 3 0000000080000132 (0x00828293) x05 00000000800069d8
0 3 0000000080000134 (0xfe62ede3) 
0 3 000000008000012e (0x0002b023) 
0 3 0000000080000132 (0x00828293) x05 00000000800069e0
0 3 0000000080000134 (0xfe62ede3) 
0 3 000000008000012e (0x0002b023) 
0 3 0000000080000132 (0x00828293) x05 00000000800069e8
0 3 0000000080000134 (0xfe62ede3) 
0 3 000000008000012e (0x0002b023) 
0 3 0000000080000132 (0x00828293) x05 00000000800069f0
0 3 0000000080000134 (0xfe62ede3) 
0 3 000000008000012e (0x0002b023) 
0 3 0000000080000132 (0x00828293) x05 00000000800069f8
0 3 0000000080000134 (0xfe62ede3) 
0 3 000000008000012e (0x0002b023) 
0 3 0000000080000132 (0x00828293) x05 0000000080006a00
0 3 0000000080000134 (0xfe62ede3) 
0 3 000000008000012e (0x0002b023) 
0 3 0000000080000132 (0x00828293) x05 0000000080006a08
0 3 0000000080000134 (0xfe62ede3) 
0 3 000000008000012e (0x0002b023) 
0 3 0000000080000132 (0x00828293) x05 0000000080006a10
0 3 0000000080000134 (0xfe62ede3) 
0 3 000000008000012e (0x0002b023) 
0 3 0000000080000132 (0x00828293) x05 0000000080006a18
0 3 0000000080000134 (0xfe62ede3) 
0 3 000000008000012e (0x0002b023) 
0 3 0000000080000132 (0x00828293) x05 0000000080006a20
0 3 0000000080000134 (0xfe62ede3) 
0 3 000000008000012e (0x0002b023) 
0 3 0000000080000132 (0x00828293) x05 0000000080006a28
0 3 0000000080000134 (0xfe62ede3) 
0 3 000000008000012e (0x0002b023) 
0 3 0000000080000132 (0x00828293) x05 0000000080006a30
0 3 0000000080000134 (0xfe62ede3) 
0 3 000000008000012e (0x0002b023) 
0 3 0000000080000132 (0x00828293) x05 0000000080006a38
0 3 0000000080000134 (0xfe62ede3) 
0 3 000000008000012e (0x0002b023) 
0 3 0000000080000132 (0x00828293) x05 0000000080006a40
0 3 0000000080000134 (0xfe62ede3) 
0 3 000000008000012e (0x0002b023) 
0 3 0000000080000132 (0x00828293) x05 0000000080006a48
0 3 0000000080000134 (0xfe62ede3) 
0 3 000000008000012e (0x0002b023) 
0 3 0000000080000132 (0x00828293) x05 0000000080006a50
0 3 0000000080000134 (0xfe62ede3) 
0 3 000000008000012e (0x0002b023) 
0 3 0000000080000132 (0x00828293) x05 0000000080006a58
0 3 0000000080000134 (0xfe62ede3) 
0 3 000000008000012e (0x0002b023) 
0 3 0000000080000132 (0x00828293) x05 0000000080006a60
0 3 0000000080000134 (0xfe62ede3) 
0 3 000000008000012e (0x0002b023) 
0 3 0000000080000132 (0x00828293) x05 0000000080006a68
0 3 0000000080000134 (0xfe62ede3) 
0 3 000000008000012e (0x0002b023) 
0 3 0000000080000132 (0x00828293) x05 0000000080006a70
0 3 0000000080000134 (0xfe62ede3) 
0 3 000000008000012e (0x0002b023) 
0 3 0000000080000132 (0x00828293) x05 0000000080006a78
0 3 0000000080000134 (0xfe62ede3) 
0 3 000000008000012e (0x0002b023) 
0 3 0000000080000132 (0x00828293) x05 0000000080006a80
0 3 0000000080000134 (0xfe62ede3) 
0 3 000000008000012e (0x0002b023) 
0 3 0000000080000132 (0x00828293) x05 0000000080006a88
0 3 0000000080000134 (0xfe62ede3) 
0 3 000000008000012e (0x0002b023) 
0 3 0000000080000132 (0x00828293) x05 0000000080006a90
0 3 0000000080000134 (0xfe62ede3) 
0 3 000000008000012e (0x0002b023) 
0 3 0000000080000132 (0x00828293) x05 0000000080006a98
0 3 0000000080000134 (0xfe62ede3) 
0 3 000000008000012e (0x0002b023) 
0 3 0000000080000132 (0x00828293) x05 0000000080006aa0
0 3 0000000080000134 (0xfe62ede3) 
0 3 000000008000012e (0x0002b023) 
0 3 0000000080000132 (0x00828293) x05 0000000080006aa8
0 3 0000000080000134 (0xfe62ede3) 
0 3 000000008000012e (0x0002b023) 
0 3 0000000080000132 (0x00828293) x05 0000000080006ab0
0 3 0000000080000134 (0xfe62ede3) 
0 3 000000008000012e (0x0002b023) 
0 3 0000000080000132 (0x00828293) x05 0000000080006ab8
0 3 0000000080000134 (0xfe62ede3) 
0 3 000000008000012e (0x0002b023) 
0 3 0000000080000132 (0x00828293) x05 0000000080006ac0
0 3 0000000080000134 (0xfe62ede3) 
0 3 000000008000012e (0x0002b023) 
0 3 0000000080000132 (0x00828293) x05 0000000080006ac8
0 3 0000000080000134 (0xfe62ede3) 
0 3 000000008000012e (0x0002b023) 
0 3 0000000080000132 (0x00828293) x05 0000000080006ad0
0 3 0000000080000134 (0xfe62ede3) 
0 3 000000008000012e (0x0002b023) 
0 3 0000000080000132 (0x00828293) x05 0000000080006ad8
0 3 0000000080000134 (0xfe62ede3) 
0 3 000000008000012e (0x0002b023) 
0 3 0000000080000132 (0x00828293) x05 0000000080006ae0
0 3 0000000080000134 (0xfe62ede3) 
0 3 000000008000012e (0x0002b023) 
0 3 0000000080000132 (0x00828293) x05 0000000080006ae8
0 3 0000000080000134 (0xfe62ede3) 
0 3 000000008000012e (0x0002b023) 
0 3 0000000080000132 (0x00828293) x05 0000000080006af0
0 3 0000000080000134 (0xfe62ede3) 
0 3 000000008000012e (0x0002b023) 
0 3 0000000080000132 (0x00828293) x05 0000000080006af8
0 3 0000000080000134 (0xfe62ede3) 
0 3 000000008000012e (0x0002b023) 
0 3 0000000080000132 (0x00828293) x05 0000000080006b00
0 3 0000000080000134 (0xfe62ede3) 
0 3 000000008000012e (0x0002b023) 
0 3 0000000080000132 (0x00828293) x05 0000000080006b08
0 3 0000000080000134 (0xfe62ede3) 
0 3 000000008000012e (0x0002b023) 
0 3 0000000080000132 (0x00828293) x05 0000000080006b10
0 3 0000000080000134 (0xfe62ede3) 
0 3 000000008000012e (0x0002b023) 
0 3 0000000080000132 (0x00828293) x05 0000000080006b18
0 3 0000000080000134 (0xfe62ede3) 
0 3 000000008000012e (0x0002b023) 
0 3 0000000080000132 (0x00828293) x05 0000000080006b20
0 3 0000000080000134 (0xfe62ede3) 
0 3 000000008000012e (0x0002b023) 
0 3 0000000080000132 (0x00828293) x05 0000000080006b28
0 3 0000000080000134 (0xfe62ede3) 
0 3 000000008000012e (0x0002b023) 
0 3 0000000080000132 (0x00828293) x05 0000000080006b30
0 3 0000000080000134 (0xfe62ede3) 
0 3 000000008000012e (0x0002b023) 
0 3 0000000080000132 (0x00828293) x05 0000000080006b38
0 3 0000000080000134 (0xfe62ede3) 
0 3 000000008000012e (0x0002b023) 
0 3 0000000080000132 (0x00828293) x05 0000000080006b40
0 3 0000000080000134 (0xfe62ede3) 
0 3 000000008000012e (0x0002b023) 
0 3 0000000080000132 (0x00828293) x05 0000000080006b48
0 3 0000000080000134 (0xfe62ede3) 
0 3 000000008000012e (0x0002b023) 
0 3 0000000080000132 (0x00828293) x05 0000000080006b50
0 3 0000000080000134 (0xfe62ede3) 
0 3 000000008000012e (0x0002b023) 
0 3 0000000080000132 (0x00828293) x05 0000000080006b58
0 3 0000000080000134 (0xfe62ede3) 
0 3 000000008000012e (0x0002b023) 
0 3 0000000080000132 (0x00828293) x05 0000000080006b60
0 3 0000000080000134 (0xfe62ede3) 
0 3 000000008000012e (0x0002b023) 
0 3 0000000080000132 (0x00828293) x05 0000000080006b68
0 3 0000000080000134 (0xfe62ede3) 
0 3 000000008000012e (0x0002b023) 
0 3 0000000080000132 (0x00828293) x05 0000000080006b70
0 3 0000000080000134 (0xfe62ede3) 
0 3 000000008000012e (0x0002b023) 
0 3 0000000080000132 (0x00828293) x05 0000000080006b78
0 3 0000000080000134 (0xfe62ede3) 
0 3 000000008000012e (0x0002b023) 
0 3 0000000080000132 (0x00828293) x05 0000000080006b80
0 3 0000000080000134 (0xfe62ede3) 
0 3 000000008000012e (0x0002b023) 
0 3 0000000080000132 (0x00828293) x05 0000000080006b88
0 3 0000000080000134 (0xfe62ede3) 
0 3 000000008000012e (0x0002b023) 
0 3 0000000080000132 (0x00828293) x05 0000000080006b90
0 3 0000000080000134 (0xfe62ede3) 
0 3 000000008000012e (0x0002b023) 
0 3 0000000080000132 (0x00828293) x05 0000000080006b98
0 3 0000000080000134 (0xfe62ede3) 
0 3 000000008000012e (0x0002b023) 
0 3 0000000080000132 (0x00828293) x05 0000000080006ba0
0 3 0000000080000134 (0xfe62ede3) 
0 3 000000008000012e (0x0002b023) 
0 3 0000000080000132 (0x00828293) x05 0000000080006ba8
0 3 0000000080000134 (0xfe62ede3) 
0 3 000000008000012e (0x0002b023) 
0 3 0000000080000132 (0x00828293) x05 0000000080006bb0
0 3 0000000080000134 (0xfe62ede3) 
0 3 000000008000012e (0x0002b023) 
0 3 0000000080000132 (0x00828293) x05 0000000080006bb8
0 3 0000000080000134 (0xfe62ede3) 
0 3 000000008000012e (0x0002b023) 
0 3 0000000080000132 (0x00828293) x05 0000000080006bc0
0 3 0000000080000134 (0xfe62ede3) 
0 3 000000008000012e (0x0002b023) 
0 3 0000000080000132 (0x00828293) x05 0000000080006bc8
0 3 0000000080000134 (0xfe62ede3) 
0 3 000000008000012e (0x0002b023) 
0 3 0000000080000132 (0x00828293) x05 0000000080006bd0
0 3 0000000080000134 (0xfe62ede3) 
0 3 000000008000012e (0x0002b023) 
0 3 0000000080000132 (0x00828293) x05 0000000080006bd8
0 3 0000000080000134 (0xfe62ede3) 
0 3 000000008000012e (0x0002b023) 
0 3 0000000080000132 (0x00828293) x05 0000000080006be0
0 3 0000000080000134 (0xfe62ede3) 
0 3 000000008000012e (0x0002b023) 
0 3 0000000080000132 (0x00828293) x05 0000000080006be8
0 3 0000000080000134 (0xfe62ede3) 
0 3 000000008000012e (0x0002b023) 
0 3 0000000080000132 (0x00828293) x05 0000000080006bf0
0 3 0000000080000134 (0xfe62ede3) 
0 3 000000008000012e (0x0002b023) 
0 3 0000000080000132 (0x00828293) x05 0000000080006bf8
0 3 0000000080000134 (0xfe62ede3) 
0 3 000000008000012e (0x0002b023) 
0 3 0000000080000132 (0x00828293) x05 0000000080006c00
0 3 0000000080000134 (0xfe62ede3) 
0 3 000000008000012e (0x0002b023) 
0 3 0000000080000132 (0x00828293) x05 0000000080006c08
0 3 0000000080000134 (0xfe62ede3) 
0 3 000000008000012e (0x0002b023) 
0 3 0000000080000132 (0x00828293) x05 0000000080006c10
0 3 0000000080000134 (0xfe62ede3) 
0 3 000000008000012e (0x0002b023) 
0 3 0000000080000132 (0x00828293) x05 0000000080006c18
0 3 0000000080000134 (0xfe62ede3) 
0 3 000000008000012e (0x0002b023) 
0 3 0000000080000132 (0x00828293) x05 0000000080006c20
0 3 0000000080000134 (0xfe62ede3) 
0 3 000000008000012e (0x0002b023) 
0 3 0000000080000132 (0x00828293) x05 0000000080006c28
0 3 0000000080000134 (0xfe62ede3) 
0 3 000000008000012e (0x0002b023) 
0 3 0000000080000132 (0x00828293) x05 0000000080006c30
0 3 0000000080000134 (0xfe62ede3) 
0 3 000000008000012e (0x0002b023) 
0 3 0000000080000132 (0x00828293) x05 0000000080006c38
0 3 0000000080000134 (0xfe62ede3) 
0 3 000000008000012e (0x0002b023) 
0 3 0000000080000132 (0x00828293) x05 0000000080006c40
0 3 0000000080000134 (0xfe62ede3) 
0 3 000000008000012e (0x0002b023) 
0 3 0000000080000132 (0x00828293) x05 0000000080006c48
0 3 0000000080000134 (0xfe62ede3) 
0 3 000000008000012e (0x0002b023) 
0 3 0000000080000132 (0x00828293) x05 0000000080006c50
0 3 0000000080000134 (0xfe62ede3) 
0 3 000000008000012e (0x0002b023) 
0 3 0000000080000132 (0x00828293) x05 0000000080006c58
0 3 0000000080000134 (0xfe62ede3) 
0 3 000000008000012e (0x0002b023) 
0 3 0000000080000132 (0x00828293) x05 0000000080006c60
0 3 0000000080000134 (0xfe62ede3) 
0 3 000000008000012e (0x0002b023) 
0 3 0000000080000132 (0x00828293) x05 0000000080006c68
0 3 0000000080000134 (0xfe62ede3) 
0 3 000000008000012e (0x0002b023) 
0 3 0000000080000132 (0x00828293) x05 0000000080006c70
0 3 0000000080000134 (0xfe62ede3) 
0 3 000000008000012e (0x0002b023) 
0 3 0000000080000132 (0x00828293) x05 0000000080006c78
0 3 0000000080000134 (0xfe62ede3) 
0 3 000000008000012e (0x0002b023) 
0 3 0000000080000132 (0x00828293) x05 0000000080006c80
0 3 0000000080000134 (0xfe62ede3) 
0 3 000000008000012e (0x0002b023) 
0 3 0000000080000132 (0x00828293) x05 0000000080006c88
0 3 0000000080000134 (0xfe62ede3) 
0 3 000000008000012e (0x0002b023) 
0 3 0000000080000132 (0x00828293) x05 0000000080006c90
0 3 0000000080000134 (0xfe62ede3) 
0 3 000000008000012e (0x0002b023) 
0 3 0000000080000132 (0x00828293) x05 0000000080006c98
0 3 0000000080000134 (0xfe62ede3) 
0 3 000000008000012e (0x0002b023) 
0 3 0000000080000132 (0x00828293) x05 0000000080006ca0
0 3 0000000080000134 (0xfe62ede3) 
0 3 000000008000012e (0x0002b023) 
0 3 0000000080000132 (0x00828293) x05 0000000080006ca8
0 3 0000000080000134 (0xfe62ede3) 
0 3 000000008000012e (0x0002b023) 
0 3 0000000080000132 (0x00828293) x05 0000000080006cb0
0 3 0000000080000134 (0xfe62ede3) 
0 3 000000008000012e (0x0002b023) 
0 3 0000000080000132 (0x00828293) x05 0000000080006cb8
0 3 0000000080000134 (0xfe62ede3) 
0 3 000000008000012e (0x0002b023) 
0 3 0000000080000132 (0x00828293) x05 0000000080006cc0
0 3 0000000080000134 (0xfe62ede3) 
0 3 000000008000012e (0x0002b023) 
0 3 0000000080000132 (0x00828293) x05 0000000080006cc8
0 3 0000000080000134 (0xfe62ede3) 
0 3 000000008000012e (0x0002b023) 
0 3 0000000080000132 (0x00828293) x05 0000000080006cd0
0 3 0000000080000134 (0xfe62ede3) 
0 3 000000008000012e (0x0002b023) 
0 3 0000000080000132 (0x00828293) x05 0000000080006cd8
0 3 0000000080000134 (0xfe62ede3) 
0 3 000000008000012e (0x0002b023) 
0 3 0000000080000132 (0x00828293) x05 0000000080006ce0
0 3 0000000080000134 (0xfe62ede3) 
0 3 000000008000012e (0x0002b023) 
0 3 0000000080000132 (0x00828293) x05 0000000080006ce8
0 3 0000000080000134 (0xfe62ede3) 
0 3 000000008000012e (0x0002b023) 
0 3 0000000080000132 (0x00828293) x05 0000000080006cf0
0 3 0000000080000134 (0xfe62ede3) 
0 3 000000008000012e (0x0002b023) 
0 3 0000000080000132 (0x00828293) x05 0000000080006cf8
0 3 0000000080000134 (0xfe62ede3) 
0 3 000000008000012e (0x0002b023) 
0 3 0000000080000132 (0x00828293) x05 0000000080006d00
0 3 0000000080000134 (0xfe62ede3) 
0 3 000000008000012e (0x0002b023) 
0 3 0000000080000132 (0x00828293) x05 0000000080006d08
0 3 0000000080000134 (0xfe62ede3) 
0 3 000000008000012e (0x0002b023) 
0 3 0000000080000132 (0x00828293) x05 0000000080006d10
0 3 0000000080000134 (0xfe62ede3) 
0 3 000000008000012e (0x0002b023) 
0 3 0000000080000132 (0x00828293) x05 0000000080006d18
0 3 0000000080000134 (0xfe62ede3) 
0 3 000000008000012e (0x0002b023) 
0 3 0000000080000132 (0x00828293) x05 0000000080006d20
0 3 0000000080000134 (0xfe62ede3) 
0 3 000000008000012e (0x0002b023) 
0 3 0000000080000132 (0x00828293) x05 0000000080006d28
0 3 0000000080000134 (0xfe62ede3) 
0 3 000000008000012e (0x0002b023) 
0 3 0000000080000132 (0x00828293) x05 0000000080006d30
0 3 0000000080000134 (0xfe62ede3) 
0 3 000000008000012e (0x0002b023) 
0 3 0000000080000132 (0x00828293) x05 0000000080006d38
0 3 0000000080000134 (0xfe62ede3) 
0 3 000000008000012e (0x0002b023) 
0 3 0000000080000132 (0x00828293) x05 0000000080006d40
0 3 0000000080000134 (0xfe62ede3) 
0 3 000000008000012e (0x0002b023) 
0 3 0000000080000132 (0x00828293) x05 0000000080006d48
0 3 0000000080000134 (0xfe62ede3) 
0 3 000000008000012e (0x0002b023) 
0 3 0000000080000132 (0x00828293) x05 0000000080006d50
0 3 0000000080000134 (0xfe62ede3) 
0 3 000000008000012e (0x0002b023) 
0 3 0000000080000132 (0x00828293) x05 0000000080006d58
0 3 0000000080000134 (0xfe62ede3) 
0 3 000000008000012e (0x0002b023) 
0 3 0000000080000132 (0x00828293) x05 0000000080006d60
0 3 0000000080000134 (0xfe62ede3) 
0 3 000000008000012e (0x0002b023) 
0 3 0000000080000132 (0x00828293) x05 0000000080006d68
0 3 0000000080000134 (0xfe62ede3) 
0 3 000000008000012e (0x0002b023) 
0 3 0000000080000132 (0x00828293) x05 0000000080006d70
0 3 0000000080000134 (0xfe62ede3) 
0 3 000000008000012e (0x0002b023) 
0 3 0000000080000132 (0x00828293) x05 0000000080006d78
0 3 0000000080000134 (0xfe62ede3) 
0 3 000000008000012e (0x0002b023) 
0 3 0000000080000132 (0x00828293) x05 0000000080006d80
0 3 0000000080000134 (0xfe62ede3) 
0 3 000000008000012e (0x0002b023) 
0 3 0000000080000132 (0x00828293) x05 0000000080006d88
0 3 0000000080000134 (0xfe62ede3) 
0 3 000000008000012e (0x0002b023) 
0 3 0000000080000132 (0x00828293) x05 0000000080006d90
0 3 0000000080000134 (0xfe62ede3) 
0 3 000000008000012e (0x0002b023) 
0 3 0000000080000132 (0x00828293) x05 0000000080006d98
0 3 0000000080000134 (0xfe62ede3) 
0 3 000000008000012e (0x0002b023) 
0 3 0000000080000132 (0x00828293) x05 0000000080006da0
0 3 0000000080000134 (0xfe62ede3) 
0 3 000000008000012e (0x0002b023) 
0 3 0000000080000132 (0x00828293) x05 0000000080006da8
0 3 0000000080000134 (0xfe62ede3) 
0 3 000000008000012e (0x0002b023) 
0 3 0000000080000132 (0x00828293) x05 0000000080006db0
0 3 0000000080000134 (0xfe62ede3) 
0 3 000000008000012e (0x0002b023) 
0 3 0000000080000132 (0x00828293) x05 0000000080006db8
0 3 0000000080000134 (0xfe62ede3) 
0 3 000000008000012e (0x0002b023) 
0 3 0000000080000132 (0x00828293) x05 0000000080006dc0
0 3 0000000080000134 (0xfe62ede3) 
0 3 000000008000012e (0x0002b023) 
0 3 0000000080000132 (0x00828293) x05 0000000080006dc8
0 3 0000000080000134 (0xfe62ede3) 
0 3 000000008000012e (0x0002b023) 
0 3 0000000080000132 (0x00828293) x05 0000000080006dd0
0 3 0000000080000134 (0xfe62ede3) 
0 3 000000008000012e (0x0002b023) 
0 3 0000000080000132 (0x00828293) x05 0000000080006dd8
0 3 0000000080000134 (0xfe62ede3) 
0 3 000000008000012e (0x0002b023) 
0 3 0000000080000132 (0x00828293) x05 0000000080006de0
0 3 0000000080000134 (0xfe62ede3) 
0 3 000000008000012e (0x0002b023) 
0 3 0000000080000132 (0x00828293) x05 0000000080006de8
0 3 0000000080000134 (0xfe62ede3) 
0 3 000000008000012e (0x0002b023) 
0 3 0000000080000132 (0x00828293) x05 0000000080006df0
0 3 0000000080000134 (0xfe62ede3) 
0 3 000000008000012e (0x0002b023) 
0 3 0000000080000132 (0x00828293) x05 0000000080006df8
0 3 0000000080000134 (0xfe62ede3) 
0 3 000000008000012e (0x0002b023) 
0 3 0000000080000132 (0x00828293) x05 0000000080006e00
0 3 0000000080000134 (0xfe62ede3) 
0 3 000000008000012e (0x0002b023) 
0 3 0000000080000132 (0x00828293) x05 0000000080006e08
0 3 0000000080000134 (0xfe62ede3) 
0 3 000000008000012e (0x0002b023) 
0 3 0000000080000132 (0x00828293) x05 0000000080006e10
0 3 0000000080000134 (0xfe62ede3) 
0 3 000000008000012e (0x0002b023) 
0 3 0000000080000132 (0x00828293) x05 0000000080006e18
0 3 0000000080000134 (0xfe62ede3) 
0 3 000000008000012e (0x0002b023) 
0 3 0000000080000132 (0x00828293) x05 0000000080006e20
0 3 0000000080000134 (0xfe62ede3) 
0 3 000000008000012e (0x0002b023) 
0 3 0000000080000132 (0x00828293) x05 0000000080006e28
0 3 0000000080000134 (0xfe62ede3) 
0 3 000000008000012e (0x0002b023) 
0 3 0000000080000132 (0x00828293) x05 0000000080006e30
0 3 0000000080000134 (0xfe62ede3) 
0 3 000000008000012e (0x0002b023) 
0 3 0000000080000132 (0x00828293) x05 0000000080006e38
0 3 0000000080000134 (0xfe62ede3) 
0 3 000000008000012e (0x0002b023) 
0 3 0000000080000132 (0x00828293) x05 0000000080006e40
0 3 0000000080000134 (0xfe62ede3) 
0 3 000000008000012e (0x0002b023) 
0 3 0000000080000132 (0x00828293) x05 0000000080006e48
0 3 0000000080000134 (0xfe62ede3) 
0 3 000000008000012e (0x0002b023) 
0 3 0000000080000132 (0x00828293) x05 0000000080006e50
0 3 0000000080000134 (0xfe62ede3) 
0 3 000000008000012e (0x0002b023) 
0 3 0000000080000132 (0x00828293) x05 0000000080006e58
0 3 0000000080000134 (0xfe62ede3) 
0 3 000000008000012e (0x0002b023) 
0 3 0000000080000132 (0x00828293) x05 0000000080006e60
0 3 0000000080000134 (0xfe62ede3) 
0 3 000000008000012e (0x0002b023) 
0 3 0000000080000132 (0x00828293) x05 0000000080006e68
0 3 0000000080000134 (0xfe62ede3) 
0 3 000000008000012e (0x0002b023) 
0 3 0000000080000132 (0x00828293) x05 0000000080006e70
0 3 0000000080000134 (0xfe62ede3) 
0 3 000000008000012e (0x0002b023) 
0 3 0000000080000132 (0x00828293) x05 0000000080006e78
0 3 0000000080000134 (0xfe62ede3) 
0 3 000000008000012e (0x0002b023) 
0 3 0000000080000132 (0x00828293) x05 0000000080006e80
0 3 0000000080000134 (0xfe62ede3) 
0 3 000000008000012e (0x0002b023) 
0 3 0000000080000132 (0x00828293) x05 0000000080006e88
0 3 0000000080000134 (0xfe62ede3) 
0 3 000000008000012e (0x0002b023) 
0 3 0000000080000132 (0x00828293) x05 0000000080006e90
0 3 0000000080000134 (0xfe62ede3) 
0 3 000000008000012e (0x0002b023) 
0 3 0000000080000132 (0x00828293) x05 0000000080006e98
0 3 0000000080000134 (0xfe62ede3) 
0 3 000000008000012e (0x0002b023) 
0 3 0000000080000132 (0x00828293) x05 0000000080006ea0
0 3 0000000080000134 (0xfe62ede3) 
0 3 000000008000012e (0x0002b023) 
0 3 0000000080000132 (0x00828293) x05 0000000080006ea8
0 3 0000000080000134 (0xfe62ede3) 
0 3 000000008000012e (0x0002b023) 
0 3 0000000080000132 (0x00828293) x05 0000000080006eb0
0 3 0000000080000134 (0xfe62ede3) 
0 3 000000008000012e (0x0002b023) 
0 3 0000000080000132 (0x00828293) x05 0000000080006eb8
0 3 0000000080000134 (0xfe62ede3) 
0 3 000000008000012e (0x0002b023) 
0 3 0000000080000132 (0x00828293) x05 0000000080006ec0
0 3 0000000080000134 (0xfe62ede3) 
0 3 000000008000012e (0x0002b023) 
0 3 0000000080000132 (0x00828293) x05 0000000080006ec8
0 3 0000000080000134 (0xfe62ede3) 
0 3 000000008000012e (0x0002b023) 
0 3 0000000080000132 (0x00828293) x05 0000000080006ed0
0 3 0000000080000134 (0xfe62ede3) 
0 3 000000008000012e (0x0002b023) 
0 3 0000000080000132 (0x00828293) x05 0000000080006ed8
0 3 0000000080000134 (0xfe62ede3) 
0 3 000000008000012e (0x0002b023) 
0 3 0000000080000132 (0x00828293) x05 0000000080006ee0
0 3 0000000080000134 (0xfe62ede3) 
0 3 000000008000012e (0x0002b023) 
0 3 0000000080000132 (0x00828293) x05 0000000080006ee8
0 3 0000000080000134 (0xfe62ede3) 
0 3 000000008000012e (0x0002b023) 
0 3 0000000080000132 (0x00828293) x05 0000000080006ef0
0 3 0000000080000134 (0xfe62ede3) 
0 3 000000008000012e (0x0002b023) 
0 3 0000000080000132 (0x00828293) x05 0000000080006ef8
0 3 0000000080000134 (0xfe62ede3) 
0 3 000000008000012e (0x0002b023) 
0 3 0000000080000132 (0x00828293) x05 0000000080006f00
0 3 0000000080000134 (0xfe62ede3) 
0 3 000000008000012e (0x0002b023) 
0 3 0000000080000132 (0x00828293) x05 0000000080006f08
0 3 0000000080000134 (0xfe62ede3) 
0 3 000000008000012e (0x0002b023) 
0 3 0000000080000132 (0x00828293) x05 0000000080006f10
0 3 0000000080000134 (0xfe62ede3) 
0 3 000000008000012e (0x0002b023) 
0 3 0000000080000132 (0x00828293) x05 0000000080006f18
0 3 0000000080000134 (0xfe62ede3) 
0 3 000000008000012e (0x0002b023) 
0 3 0000000080000132 (0x00828293) x05 0000000080006f20
0 3 0000000080000134 (0xfe62ede3) 
0 3 000000008000012e (0x0002b023) 
0 3 0000000080000132 (0x00828293) x05 0000000080006f28
0 3 0000000080000134 (0xfe62ede3) 
0 3 000000008000012e (0x0002b023) 
0 3 0000000080000132 (0x00828293) x05 0000000080006f30
0 3 0000000080000134 (0xfe62ede3) 
0 3 000000008000012e (0x0002b023) 
0 3 0000000080000132 (0x00828293) x05 0000000080006f38
0 3 0000000080000134 (0xfe62ede3) 
0 3 000000008000012e (0x0002b023) 
0 3 0000000080000132 (0x00828293) x05 0000000080006f40
0 3 0000000080000134 (0xfe62ede3) 
0 3 0000000080000138 (0x1f9000ef) x01 000000008000013c
0 3 0000000080000b30 (0xfe010113) x02 0000000081026fe0
0 3 0000000080000b32 (0x00813823) 
0 3 0000000080000b34 (0x01213023) 
0 3 0000000080000b36 (0x00113c23) 
0 3 0000000080000b38 (0x00913423) 
0 3 0000000080000b3a (0x00005917) x12 0000000080005b3a
0 3 0000000080000b3e (0xfb690913) x12 0000000080005af0
0 3 0000000080000b42 (0x00005417) x08 0000000080005b42
0 3 0000000080000b46 (0xfae40413) x08 0000000080005af0
0 3 0000000080000b4a (0x00890d63) 
0 3 0000000080000b64 (0x00005917) x12 0000000080005b64
0 3 0000000080000b68 (0xfa490913) x12 0000000080005b08
0 3 0000000080000b6c (0x00005417) x08 0000000080005b6c
0 3 0000000080000b70 (0xf8440413) x08 0000000080005af0
0 3 0000000080000b74 (0x00890d63) 
0 3 0000000080000b78 (0x40890933) x12 0000000000000018
0 3 0000000080000b7c (0x40395913) x12 0000000000000003
0 3 0000000080000b80 (0x00000493) x09 0000000000000000
0 3 0000000080000b82 (0x00043783) x0f 0000000080000230
0 3 0000000080000b84 (0x00148493) x09 0000000000000001
0 3 0000000080000b86 (0x00840413) x08 0000000080005af8
0 3 0000000080000b88 (0x000780e7) x01 0000000080000b8a
0 3 0000000080000230 (0x00000793) x0f 0000000000000000
0 3 0000000080000234 (0x00078763) 
0 3 0000000080000242 (0x00008067) 
0 3 0000000080000b8a (0xff24ece3) 
0 3 0000000080000b82 (0x00043783) x0f 00000000800002f8
0 3 0000000080000b84 (0x00148493) x09 0000000000000002
0 3 0000000080000b86 (0x00840413) x08 0000000080005b00
0 3 0000000080000b88 (0x000780e7) x01 0000000080000b8a
0 3 00000000800002f8 (0x00000793) x0f 0000000000000000
0 3 00000000800002fc (0x00078b63) 
0 3 0000000080000312 (0x00008067) 
0 3 0000000080000b8a (0xff24ece3) 
0 3 0000000080000b82 (0x00043783) x0f 000000008000024a
0 3 0000000080000b84 (0x00148493) x09 0000000000000003
0 3 0000000080000b86 (0x00840413) x08 0000000080005b08
0 3 0000000080000b88 (0x000780e7) x01 0000000080000b8a
0 3 000000008000024a (0x8801b783) x0f 0000000000000000
0 3 000000008000024e (0x00078e63) 
0 3 000000008000026a (0x00008067) 
0 3 0000000080000b8a (0xff24ece3) 
0 3 0000000080000b8e (0x01813083) x01 000000008000013c
0 3 0000000080000b90 (0x01013403) x08 0000000000000000
0 3 0000000080000b92 (0x00813483) x09 0000000000000000
0 3 0000000080000b94 (0x00013903) x12 0000000000000000
0 3 0000000080000b96 (0x02010113) x02 0000000081027000
0 3 0000000080000b98 (0x00008067) 
0 3 000000008000013c (0x0ae0006f) 
0 3 00000000800001ea (0xfff00293) x05 ffffffffffffffff
0 3 00000000800001ec (0x0110000f) 
0 3 00000000800001f0 (0x8851a423) 
0 3 00000000800001f4 (0x00005517) x0a 00000000800051f4
0 3 00000000800001f8 (0x7dc53503) x0a 0000000000000001
0 3 00000000800001fc (0x00005597) x0b 00000000800051fc
0 3 0000000080000200 (0x7dc58593) x0b 00000000800059d8
0 3 0000000080000204 (0x2cc000ef) x01 0000000080000208
0 3 00000000800004d0 (0xfd010113) x02 0000000081026fd0
0 3 00000000800004d2 (0x02113423) 
0 3 00000000800004d4 (0x02813023) 
0 3 00000000800004d6 (0x03010413) x08 0000000081027000
0 3 00000000800004d8 (0xfca43c23) 
0 3 00000000800004dc (0xfcb43823) 
0 3 00000000800004e0 (0x0b000793) x0f 00000000000000b0
0 3 00000000800004e4 (0xfef43423) 
0 3 00000000800004e8 (0x000067b7) x0f 0000000000006000
0 3 00000000800004ea (0x00b78793) x0f 000000000000600b
0 3 00000000800004ec (0xfef43023) 
0 3 00000000800004f0 (0x00000797) x0f 00000000800004f0
0 3 00000000800004f4 (0xe5078793) x0f 0000000080000340
0 3 00000000800004f8 (0x30579073) 
0 3 00000000800004fc (0x81018793) x0f 0000000080006850
0 3 0000000080000500 (0x0007b783) x0f 0000000000304000
0 3 0000000080000502 (0x00004737) x0e 0000000000004000
0 3 0000000080000504 (0x00e7b023) 
0 3 0000000080000506 (0x81818793) x0f 0000000080006858
0 3 000000008000050a (0x0007b783) x0f 000000000030bff8
0 3 000000008000050c (0x0007b023) 
0 3 0000000080000510 (0x00005517) x0a 0000000080005510
0 3 0000000080000514 (0x4f850513) x0a 0000000080005a08
0 3 0000000080000518 (0x00c050ef) x01 000000008000051c
0 3 0000000080005524 (0xfe010113) x02 0000000081026fb0
0 3 0000000080005526 (0x00113c23) 
0 3 0000000080005528 (0x00813823) 
0 3 000000008000552a (0x02010413) x08 0000000081026fd0
0 3 000000008000552c (0xfea43423) 
0 3 0000000080005530 (0x01c0006f) 
0 3 000000008000554c (0xfe843783) x0f 0000000080005a08
0 3 0000000080005550 (0x0007c783) x0f 0000000000000045
0 3 0000000080005554 (0xfc079fe3) 
0 3 0000000080005532 (0xfe843783) x0f 0000000080005a08
0 3 0000000080005536 (0x0007c783) x0f 0000000000000045
0 3 000000008000553a (0x0007879b) x0f 0000000000000045
0 3 000000008000553c (0x00f00533) x0a 0000000000000045
0 3 000000008000553e (0xf5fff0ef) x01 0000000080005542
0 3 000000008000549c (0xfe010113) x02 0000000081026f90
0 3 000000008000549e (0x00813c23) 
0 3 00000000800054a0 (0x02010413) x08 0000000081026fb0
0 3 00000000800054a2 (0x00a007b3) x0f 0000000000000045
0 3 00000000800054a4 (0xfef42623) 
0 3 00000000800054a8 (0x001017b7) x0f 0000000000101000
0 3 00000000800054ac (0xfec42703) x0e 0000000000000045
0 3 00000000800054b0 (0x0ff77713) x0e 0000000000000045
0 3 00000000800054b4 (0x00e78023) 
0 3 00000000800054b8 (0x00000013) 
0 3 00000000800054ba (0x01813403) x08 0000000081026fd0
0 3 00000000800054bc (0x02010113) x02 0000000081026fb0
0 3 00000000800054be (0x00008067) 
0 3 0000000080005542 (0xfe843783) x0f 0000000080005a08
0 3 0000000080005546 (0x00178793) x0f 0000000080005a09
0 3 0000000080005548 (0xfef43423) 
0 3 000000008000554c (0xfe843783) x0f 0000000080005a09
0 3 0000000080005550 (0x0007c783) x0f 000000000000006e
0 3 0000000080005554 (0xfc079fe3) 
0 3 0000000080005532 (0xfe843783) x0f 0000000080005a09
0 3 0000000080005536 (0x0007c783) x0f 000000000000006e
0 3 000000008000553a (0x0007879b) x0f 000000000000006e
0 3 000000008000553c (0x00f00533) x0a 000000000000006e
0 3 000000008000553e (0xf5fff0ef) x01 0000000080005542
0 3 000000008000549c (0xfe010113) x02 0000000081026f90
0 3 000000008000549e (0x00813c23) 
0 3 00000000800054a0 (0x02010413) x08 0000000081026fb0
0 3 00000000800054a2 (0x00a007b3) x0f 000000000000006e
0 3 00000000800054a4 (0xfef42623) 
0 3 00000000800054a8 (0x001017b7) x0f 0000000000101000
0 3 00000000800054ac (0xfec42703) x0e 000000000000006e
0 3 00000000800054b0 (0x0ff77713) x0e 000000000000006e
0 3 00000000800054b4 (0x00e78023) 
0 3 00000000800054b8 (0x00000013) 
0 3 00000000800054ba (0x01813403) x08 0000000081026fd0
0 3 00000000800054bc (0x02010113) x02 0000000081026fb0
0 3 00000000800054be (0x00008067) 
0 3 0000000080005542 (0xfe843783) x0f 0000000080005a09
0 3 0000000080005546 (0x00178793) x0f 0000000080005a0a
0 3 0000000080005548 (0xfef43423) 
0 3 000000008000554c (0xfe843783) x0f 0000000080005a0a
0 3 0000000080005550 (0x0007c783) x0f 0000000000000061
0 3 0000000080005554 (0xfc079fe3) 
0 3 0000000080005532 (0xfe843783) x0f 0000000080005a0a
0 3 0000000080005536 (0x0007c783) x0f 0000000000000061
0 3 000000008000553a (0x0007879b) x0f 0000000000000061
0 3 000000008000553c (0x00f00533) x0a 0000000000000061
0 3 000000008000553e (0xf5fff0ef) x01 0000000080005542
0 3 000000008000549c (0xfe010113) x02 0000000081026f90
0 3 000000008000549e (0x00813c23) 
0 3 00000000800054a0 (0x02010413) x08 0000000081026fb0
0 3 00000000800054a2 (0x00a007b3) x0f 0000000000000061
0 3 00000000800054a4 (0xfef42623) 
0 3 00000000800054a8 (0x001017b7) x0f 0000000000101000
0 3 00000000800054ac (0xfec42703) x0e 0000000000000061
0 3 00000000800054b0 (0x0ff77713) x0e 0000000000000061
0 3 00000000800054b4 (0x00e78023) 
0 3 00000000800054b8 (0x00000013) 
0 3 00000000800054ba (0x01813403) x08 0000000081026fd0
0 3 00000000800054bc (0x02010113) x02 0000000081026fb0
0 3 00000000800054be (0x00008067) 
0 3 0000000080005542 (0xfe843783) x0f 0000000080005a0a
0 3 0000000080005546 (0x00178793) x0f 0000000080005a0b
0 3 0000000080005548 (0xfef43423) 
0 3 000000008000554c (0xfe843783) x0f 0000000080005a0b
0 3 0000000080005550 (0x0007c783) x0f 0000000000000062
0 3 0000000080005554 (0xfc079fe3) 
0 3 0000000080005532 (0xfe843783) x0f 0000000080005a0b
0 3 0000000080005536 (0x0007c783) x0f 0000000000000062
0 3 000000008000553a (0x0007879b) x0f 0000000000000062
0 3 000000008000553c (0x00f00533) x0a 0000000000000062
0 3 000000008000553e (0xf5fff0ef) x01 0000000080005542
0 3 000000008000549c (0xfe010113) x02 0000000081026f90
0 3 000000008000549e (0x00813c23) 
0 3 00000000800054a0 (0x02010413) x08 0000000081026fb0
0 3 00000000800054a2 (0x00a007b3) x0f 0000000000000062
0 3 00000000800054a4 (0xfef42623) 
0 3 00000000800054a8 (0x001017b7) x0f 0000000000101000
0 3 00000000800054ac (0xfec42703) x0e 0000000000000062
0 3 00000000800054b0 (0x0ff77713) x0e 0000000000000062
0 3 00000000800054b4 (0x00e78023) 
0 3 00000000800054b8 (0x00000013) 
0 3 00000000800054ba (0x01813403) x08 0000000081026fd0
0 3 00000000800054bc (0x02010113) x02 0000000081026fb0
0 3 00000000800054be (0x00008067) 
0 3 0000000080005542 (0xfe843783) x0f 0000000080005a0b
0 3 0000000080005546 (0x00178793) x0f 0000000080005a0c
0 3 0000000080005548 (0xfef43423) 
0 3 000000008000554c (0xfe843783) x0f 0000000080005a0c
0 3 0000000080005550 (0x0007c783) x0f 000000000000006c
0 3 0000000080005554 (0xfc079fe3) 
0 3 0000000080005532 (0xfe843783) x0f 0000000080005a0c
0 3 0000000080005536 (0x0007c783) x0f 000000000000006c
0 3 000000008000553a (0x0007879b) x0f 000000000000006c
0 3 000000008000553c (0x00f00533) x0a 000000000000006c
0 3 000000008000553e (0xf5fff0ef) x01 0000000080005542
0 3 000000008000549c (0xfe010113) x02 0000000081026f90
0 3 000000008000549e (0x00813c23) 
0 3 00000000800054a0 (0x02010413) x08 0000000081026fb0
0 3 00000000800054a2 (0x00a007b3) x0f 000000000000006c
0 3 00000000800054a4 (0xfef42623) 
0 3 00000000800054a8 (0x001017b7) x0f 0000000000101000
0 3 00000000800054ac (0xfec42703) x0e 000000000000006c
0 3 00000000800054b0 (0x0ff77713) x0e 000000000000006c
0 3 00000000800054b4 (0x00e78023) 
0 3 00000000800054b8 (0x00000013) 
0 3 00000000800054ba (0x01813403) x08 0000000081026fd0
0 3 00000000800054bc (0x02010113) x02 0000000081026fb0
0 3 00000000800054be (0x00008067) 
0 3 0000000080005542 (0xfe843783) x0f 0000000080005a0c
0 3 0000000080005546 (0x00178793) x0f 0000000080005a0d
0 3 0000000080005548 (0xfef43423) 
0 3 000000008000554c (0xfe843783) x0f 0000000080005a0d
0 3 0000000080005550 (0x0007c783) x0f 0000000000000069
0 3 0000000080005554 (0xfc079fe3) 
0 3 0000000080005532 (0xfe843783) x0f 0000000080005a0d
0 3 0000000080005536 (0x0007c783) x0f 0000000000000069
0 3 000000008000553a (0x0007879b) x0f 0000000000000069
0 3 000000008000553c (0x00f00533) x0a 0000000000000069
0 3 000000008000553e (0xf5fff0ef) x01 0000000080005542
0 3 000000008000549c (0xfe010113) x02 0000000081026f90
0 3 000000008000549e (0x00813c23) 
0 3 00000000800054a0 (0x02010413) x08 0000000081026fb0
0 3 00000000800054a2 (0x00a007b3) x0f 0000000000000069
0 3 00000000800054a4 (0xfef42623) 
0 3 00000000800054a8 (0x001017b7) x0f 0000000000101000
0 3 00000000800054ac (0xfec42703) x0e 0000000000000069
0 3 00000000800054b0 (0x0ff77713) x0e 0000000000000069
0 3 00000000800054b4 (0x00e78023) 
0 3 00000000800054b8 (0x00000013) 
0 3 00000000800054ba (0x01813403) x08 0000000081026fd0
0 3 00000000800054bc (0x02010113) x02 0000000081026fb0
0 3 00000000800054be (0x00008067) 
0 3 0000000080005542 (0xfe843783) x0f 0000000080005a0d
0 3 0000000080005546 (0x00178793) x0f 0000000080005a0e
0 3 0000000080005548 (0xfef43423) 
0 3 000000008000554c (0xfe843783) x0f 0000000080005a0e
0 3 0000000080005550 (0x0007c783) x0f 000000000000006e
0 3 0000000080005554 (0xfc079fe3) 
0 3 0000000080005532 (0xfe843783) x0f 0000000080005a0e
0 3 0000000080005536 (0x0007c783) x0f 000000000000006e
0 3 000000008000553a (0x0007879b) x0f 000000000000006e
0 3 000000008000553c (0x00f00533) x0a 000000000000006e
0 3 000000008000553e (0xf5fff0ef) x01 0000000080005542
0 3 000000008000549c (0xfe010113) x02 0000000081026f90
0 3 000000008000549e (0x00813c23) 
0 3 00000000800054a0 (0x02010413) x08 0000000081026fb0
0 3 00000000800054a2 (0x00a007b3) x0f 000000000000006e
0 3 00000000800054a4 (0xfef42623) 
0 3 00000000800054a8 (0x001017b7) x0f 0000000000101000
0 3 00000000800054ac (0xfec42703) x0e 000000000000006e
0 3 00000000800054b0 (0x0ff77713) x0e 000000000000006e
0 3 00000000800054b4 (0x00e78023) 
0 3 00000000800054b8 (0x00000013) 
0 3 00000000800054ba (0x01813403) x08 0000000081026fd0
0 3 00000000800054bc (0x02010113) x02 0000000081026fb0
0 3 00000000800054be (0x00008067) 
0 3 0000000080005542 (0xfe843783) x0f 0000000080005a0e
0 3 0000000080005546 (0x00178793) x0f 0000000080005a0f
0 3 0000000080005548 (0xfef43423) 
0 3 000000008000554c (0xfe843783) x0f 0000000080005a0f
0 3 0000000080005550 (0x0007c783) x0f 0000000000000067
0 3 0000000080005554 (0xfc079fe3) 
0 3 0000000080005532 (0xfe843783) x0f 0000000080005a0f
0 3 0000000080005536 (0x0007c783) x0f 0000000000000067
0 3 000000008000553a (0x0007879b) x0f 0000000000000067
0 3 000000008000553c (0x00f00533) x0a 0000000000000067
0 3 000000008000553e (0xf5fff0ef) x01 0000000080005542
0 3 000000008000549c (0xfe010113) x02 0000000081026f90
0 3 000000008000549e (0x00813c23) 
0 3 00000000800054a0 (0x02010413) x08 0000000081026fb0
0 3 00000000800054a2 (0x00a007b3) x0f 0000000000000067
0 3 00000000800054a4 (0xfef42623) 
0 3 00000000800054a8 (0x001017b7) x0f 0000000000101000
0 3 00000000800054ac (0xfec42703) x0e 0000000000000067
0 3 00000000800054b0 (0x0ff77713) x0e 0000000000000067
0 3 00000000800054b4 (0x00e78023) 
0 3 00000000800054b8 (0x00000013) 
0 3 00000000800054ba (0x01813403) x08 0000000081026fd0
0 3 00000000800054bc (0x02010113) x02 0000000081026fb0
0 3 00000000800054be (0x00008067) 
0 3 0000000080005542 (0xfe843783) x0f 0000000080005a0f
0 3 0000000080005546 (0x00178793) x0f 0000000080005a10
0 3 0000000080005548 (0xfef43423) 
0 3 000000008000554c (0xfe843783) x0f 0000000080005a10
0 3 0000000080005550 (0x0007c783) x0f 0000000000000020
0 3 0000000080005554 (0xfc079fe3) 
0 3 0000000080005532 (0xfe843783) x0f 0000000080005a10
0 3 0000000080005536 (0x0007c783) x0f 0000000000000020
0 3 000000008000553a (0x0007879b) x0f 0000000000000020
0 3 000000008000553c (0x00f00533) x0a 0000000000000020
0 3 000000008000553e (0xf5fff0ef) x01 0000000080005542
0 3 000000008000549c (0xfe010113) x02 0000000081026f90
0 3 000000008000549e (0x00813c23) 
0 3 00000000800054a0 (0x02010413) x08 0000000081026fb0
0 3 00000000800054a2 (0x00a007b3) x0f 0000000000000020
0 3 00000000800054a4 (0xfef42623) 
0 3 00000000800054a8 (0x001017b7) x0f 0000000000101000
0 3 00000000800054ac (0xfec42703) x0e 0000000000000020
0 3 00000000800054b0 (0x0ff77713) x0e 0000000000000020
0 3 00000000800054b4 (0x00e78023) 
0 3 00000000800054b8 (0x00000013) 
0 3 00000000800054ba (0x01813403) x08 0000000081026fd0
0 3 00000000800054bc (0x02010113) x02 0000000081026fb0
0 3 00000000800054be (0x00008067) 
0 3 0000000080005542 (0xfe843783) x0f 0000000080005a10
0 3 0000000080005546 (0x00178793) x0f 0000000080005a11
0 3 0000000080005548 (0xfef43423) 
0 3 000000008000554c (0xfe843783) x0f 0000000080005a11
0 3 0000000080005550 (0x0007c783) x0f 0000000000000049
0 3 0000000080005554 (0xfc079fe3) 
0 3 0000000080005532 (0xfe843783) x0f 0000000080005a11
0 3 0000000080005536 (0x0007c783) x0f 0000000000000049
0 3 000000008000553a (0x0007879b) x0f 0000000000000049
0 3 000000008000553c (0x00f00533) x0a 0000000000000049
0 3 000000008000553e (0xf5fff0ef) x01 0000000080005542
0 3 000000008000549c (0xfe010113) x02 0000000081026f90
0 3 000000008000549e (0x00813c23) 
0 3 00000000800054a0 (0x02010413) x08 0000000081026fb0
0 3 00000000800054a2 (0x00a007b3) x0f 0000000000000049
0 3 00000000800054a4 (0xfef42623) 
0 3 00000000800054a8 (0x001017b7) x0f 0000000000101000
0 3 00000000800054ac (0xfec42703) x0e 0000000000000049
0 3 00000000800054b0 (0x0ff77713) x0e 0000000000000049
0 3 00000000800054b4 (0x00e78023) 
0 3 00000000800054b8 (0x00000013) 
0 3 00000000800054ba (0x01813403) x08 0000000081026fd0
0 3 00000000800054bc (0x02010113) x02 0000000081026fb0
0 3 00000000800054be (0x00008067) 
0 3 0000000080005542 (0xfe843783) x0f 0000000080005a11
0 3 0000000080005546 (0x00178793) x0f 0000000080005a12
0 3 0000000080005548 (0xfef43423) 
0 3 000000008000554c (0xfe843783) x0f 0000000080005a12
0 3 0000000080005550 (0x0007c783) x0f 000000000000006e
0 3 0000000080005554 (0xfc079fe3) 
0 3 0000000080005532 (0xfe843783) x0f 0000000080005a12
0 3 0000000080005536 (0x0007c783) x0f 000000000000006e
0 3 000000008000553a (0x0007879b) x0f 000000000000006e
0 3 000000008000553c (0x00f00533) x0a 000000000000006e
0 3 000000008000553e (0xf5fff0ef) x01 0000000080005542
0 3 000000008000549c (0xfe010113) x02 0000000081026f90
0 3 000000008000549e (0x00813c23) 
0 3 00000000800054a0 (0x02010413) x08 0000000081026fb0
0 3 00000000800054a2 (0x00a007b3) x0f 000000000000006e
0 3 00000000800054a4 (0xfef42623) 
0 3 00000000800054a8 (0x001017b7) x0f 0000000000101000
0 3 00000000800054ac (0xfec42703) x0e 000000000000006e
0 3 00000000800054b0 (0x0ff77713) x0e 000000000000006e
0 3 00000000800054b4 (0x00e78023) 
0 3 00000000800054b8 (0x00000013) 
0 3 00000000800054ba (0x01813403) x08 0000000081026fd0
0 3 00000000800054bc (0x02010113) x02 0000000081026fb0
0 3 00000000800054be (0x00008067) 
0 3 0000000080005542 (0xfe843783) x0f 0000000080005a12
0 3 0000000080005546 (0x00178793) x0f 0000000080005a13
0 3 0000000080005548 (0xfef43423) 
0 3 000000008000554c (0xfe843783) x0f 0000000080005a13
0 3 0000000080005550 (0x0007c783) x0f 0000000000000074
0 3 0000000080005554 (0xfc079fe3) 
0 3 0000000080005532 (0xfe843783) x0f 0000000080005a13
0 3 0000000080005536 (0x0007c783) x0f 0000000000000074
0 3 000000008000553a (0x0007879b) x0f 0000000000000074
0 3 000000008000553c (0x00f00533) x0a 0000000000000074
0 3 000000008000553e (0xf5fff0ef) x01 0000000080005542
0 3 000000008000549c (0xfe010113) x02 0000000081026f90
0 3 000000008000549e (0x00813c23) 
0 3 00000000800054a0 (0x02010413) x08 0000000081026fb0
0 3 00000000800054a2 (0x00a007b3) x0f 0000000000000074
0 3 00000000800054a4 (0xfef42623) 
0 3 00000000800054a8 (0x001017b7) x0f 0000000000101000
0 3 00000000800054ac (0xfec42703) x0e 0000000000000074
0 3 00000000800054b0 (0x0ff77713) x0e 0000000000000074
0 3 00000000800054b4 (0x00e78023) 
0 3 00000000800054b8 (0x00000013) 
0 3 00000000800054ba (0x01813403) x08 0000000081026fd0
0 3 00000000800054bc (0x02010113) x02 0000000081026fb0
0 3 00000000800054be (0x00008067) 
0 3 0000000080005542 (0xfe843783) x0f 0000000080005a13
0 3 0000000080005546 (0x00178793) x0f 0000000080005a14
0 3 0000000080005548 (0xfef43423) 
0 3 000000008000554c (0xfe843783) x0f 0000000080005a14
0 3 0000000080005550 (0x0007c783) x0f 0000000000000065
0 3 0000000080005554 (0xfc079fe3) 
0 3 0000000080005532 (0xfe843783) x0f 0000000080005a14
0 3 0000000080005536 (0x0007c783) x0f 0000000000000065
0 3 000000008000553a (0x0007879b) x0f 0000000000000065
0 3 000000008000553c (0x00f00533) x0a 0000000000000065
0 3 000000008000553e (0xf5fff0ef) x01 0000000080005542
0 3 000000008000549c (0xfe010113) x02 0000000081026f90
0 3 000000008000549e (0x00813c23) 
0 3 00000000800054a0 (0x02010413) x08 0000000081026fb0
0 3 00000000800054a2 (0x00a007b3) x0f 0000000000000065
0 3 00000000800054a4 (0xfef42623) 
0 3 00000000800054a8 (0x001017b7) x0f 0000000000101000
0 3 00000000800054ac (0xfec42703) x0e 0000000000000065
0 3 00000000800054b0 (0x0ff77713) x0e 0000000000000065
0 3 00000000800054b4 (0x00e78023) 
0 3 00000000800054b8 (0x00000013) 
0 3 00000000800054ba (0x01813403) x08 0000000081026fd0
0 3 00000000800054bc (0x02010113) x02 0000000081026fb0
0 3 00000000800054be (0x00008067) 
0 3 0000000080005542 (0xfe843783) x0f 0000000080005a14
0 3 0000000080005546 (0x00178793) x0f 0000000080005a15
0 3 0000000080005548 (0xfef43423) 
0 3 000000008000554c (0xfe843783) x0f 0000000080005a15
0 3 0000000080005550 (0x0007c783) x0f 0000000000000072
0 3 0000000080005554 (0xfc079fe3) 
0 3 0000000080005532 (0xfe843783) x0f 0000000080005a15
0 3 0000000080005536 (0x0007c783) x0f 0000000000000072
0 3 000000008000553a (0x0007879b) x0f 0000000000000072
0 3 000000008000553c (0x00f00533) x0a 0000000000000072
0 3 000000008000553e (0xf5fff0ef) x01 0000000080005542
0 3 000000008000549c (0xfe010113) x02 0000000081026f90
0 3 000000008000549e (0x00813c23) 
0 3 00000000800054a0 (0x02010413) x08 0000000081026fb0
0 3 00000000800054a2 (0x00a007b3) x0f 0000000000000072
0 3 00000000800054a4 (0xfef42623) 
0 3 00000000800054a8 (0x001017b7) x0f 0000000000101000
0 3 00000000800054ac (0xfec42703) x0e 0000000000000072
0 3 00000000800054b0 (0x0ff77713) x0e 0000000000000072
0 3 00000000800054b4 (0x00e78023) 
0 3 00000000800054b8 (0x00000013) 
0 3 00000000800054ba (0x01813403) x08 0000000081026fd0
0 3 00000000800054bc (0x02010113) x02 0000000081026fb0
0 3 00000000800054be (0x00008067) 
0 3 0000000080005542 (0xfe843783) x0f 0000000080005a15
0 3 0000000080005546 (0x00178793) x0f 0000000080005a16
0 3 0000000080005548 (0xfef43423) 
0 3 000000008000554c (0xfe843783) x0f 0000000080005a16
0 3 0000000080005550 (0x0007c783) x0f 0000000000000072
0 3 0000000080005554 (0xfc079fe3) 
0 3 0000000080005532 (0xfe843783) x0f 0000000080005a16
0 3 0000000080005536 (0x0007c783) x0f 0000000000000072
0 3 000000008000553a (0x0007879b) x0f 0000000000000072
0 3 000000008000553c (0x00f00533) x0a 0000000000000072
0 3 000000008000553e (0xf5fff0ef) x01 0000000080005542
0 3 000000008000549c (0xfe010113) x02 0000000081026f90
0 3 000000008000549e (0x00813c23) 
0 3 00000000800054a0 (0x02010413) x08 0000000081026fb0
0 3 00000000800054a2 (0x00a007b3) x0f 0000000000000072
0 3 00000000800054a4 (0xfef42623) 
0 3 00000000800054a8 (0x001017b7) x0f 0000000000101000
0 3 00000000800054ac (0xfec42703) x0e 0000000000000072
0 3 00000000800054b0 (0x0ff77713) x0e 0000000000000072
0 3 00000000800054b4 (0x00e78023) 
0 3 00000000800054b8 (0x00000013) 
0 3 00000000800054ba (0x01813403) x08 0000000081026fd0
0 3 00000000800054bc (0x02010113) x02 0000000081026fb0
0 3 00000000800054be (0x00008067) 
0 3 0000000080005542 (0xfe843783) x0f 0000000080005a16
0 3 0000000080005546 (0x00178793) x0f 0000000080005a17
0 3 0000000080005548 (0xfef43423) 
0 3 000000008000554c (0xfe843783) x0f 0000000080005a17
0 3 0000000080005550 (0x0007c783) x0f 0000000000000075
0 3 0000000080005554 (0xfc079fe3) 
0 3 0000000080005532 (0xfe843783) x0f 0000000080005a17
0 3 0000000080005536 (0x0007c783) x0f 0000000000000075
0 3 000000008000553a (0x0007879b) x0f 0000000000000075
0 3 000000008000553c (0x00f00533) x0a 0000000000000075
0 3 000000008000553e (0xf5fff0ef) x01 0000000080005542
0 3 000000008000549c (0xfe010113) x02 0000000081026f90
0 3 000000008000549e (0x00813c23) 
0 3 00000000800054a0 (0x02010413) x08 0000000081026fb0
0 3 00000000800054a2 (0x00a007b3) x0f 0000000000000075
0 3 00000000800054a4 (0xfef42623) 
0 3 00000000800054a8 (0x001017b7) x0f 0000000000101000
0 3 00000000800054ac (0xfec42703) x0e 0000000000000075
0 3 00000000800054b0 (0x0ff77713) x0e 0000000000000075
0 3 00000000800054b4 (0x00e78023) 
0 3 00000000800054b8 (0x00000013) 
0 3 00000000800054ba (0x01813403) x08 0000000081026fd0
0 3 00000000800054bc (0x02010113) x02 0000000081026fb0
0 3 00000000800054be (0x00008067) 
0 3 0000000080005542 (0xfe843783) x0f 0000000080005a17
0 3 0000000080005546 (0x00178793) x0f 0000000080005a18
0 3 0000000080005548 (0xfef43423) 
0 3 000000008000554c (0xfe843783) x0f 0000000080005a18
0 3 0000000080005550 (0x0007c783) x0f 0000000000000070
0 3 0000000080005554 (0xfc079fe3) 
0 3 0000000080005532 (0xfe843783) x0f 0000000080005a18
0 3 0000000080005536 (0x0007c783) x0f 0000000000000070
0 3 000000008000553a (0x0007879b) x0f 0000000000000070
0 3 000000008000553c (0x00f00533) x0a 0000000000000070
0 3 000000008000553e (0xf5fff0ef) x01 0000000080005542
0 3 000000008000549c (0xfe010113) x02 0000000081026f90
0 3 000000008000549e (0x00813c23) 
0 3 00000000800054a0 (0x02010413) x08 0000000081026fb0
0 3 00000000800054a2 (0x00a007b3) x0f 0000000000000070
0 3 00000000800054a4 (0xfef42623) 
0 3 00000000800054a8 (0x001017b7) x0f 0000000000101000
0 3 00000000800054ac (0xfec42703) x0e 0000000000000070
0 3 00000000800054b0 (0x0ff77713) x0e 0000000000000070
0 3 00000000800054b4 (0x00e78023) 
0 3 00000000800054b8 (0x00000013) 
0 3 00000000800054ba (0x01813403) x08 0000000081026fd0
0 3 00000000800054bc (0x02010113) x02 0000000081026fb0
0 3 00000000800054be (0x00008067) 
0 3 0000000080005542 (0xfe843783) x0f 0000000080005a18
0 3 0000000080005546 (0x00178793) x0f 0000000080005a19
0 3 0000000080005548 (0xfef43423) 
0 3 000000008000554c (0xfe843783) x0f 0000000080005a19
0 3 0000000080005550 (0x0007c783) x0f 0000000000000074
0 3 0000000080005554 (0xfc079fe3) 
0 3 0000000080005532 (0xfe843783) x0f 0000000080005a19
0 3 0000000080005536 (0x0007c783) x0f 0000000000000074
0 3 000000008000553a (0x0007879b) x0f 0000000000000074
0 3 000000008000553c (0x00f00533) x0a 0000000000000074
0 3 000000008000553e (0xf5fff0ef) x01 0000000080005542
0 3 000000008000549c (0xfe010113) x02 0000000081026f90
0 3 000000008000549e (0x00813c23) 
0 3 00000000800054a0 (0x02010413) x08 0000000081026fb0
0 3 00000000800054a2 (0x00a007b3) x0f 0000000000000074
0 3 00000000800054a4 (0xfef42623) 
0 3 00000000800054a8 (0x001017b7) x0f 0000000000101000
0 3 00000000800054ac (0xfec42703) x0e 0000000000000074
0 3 00000000800054b0 (0x0ff77713) x0e 0000000000000074
0 3 00000000800054b4 (0x00e78023) 
0 3 00000000800054b8 (0x00000013) 
0 3 00000000800054ba (0x01813403) x08 0000000081026fd0
0 3 00000000800054bc (0x02010113) x02 0000000081026fb0
0 3 00000000800054be (0x00008067) 
0 3 0000000080005542 (0xfe843783) x0f 0000000080005a19
0 3 0000000080005546 (0x00178793) x0f 0000000080005a1a
0 3 0000000080005548 (0xfef43423) 
0 3 000000008000554c (0xfe843783) x0f 0000000080005a1a
0 3 0000000080005550 (0x0007c783) x0f 0000000000000073
0 3 0000000080005554 (0xfc079fe3) 
0 3 0000000080005532 (0xfe843783) x0f 0000000080005a1a
0 3 0000000080005536 (0x0007c783) x0f 0000000000000073
0 3 000000008000553a (0x0007879b) x0f 0000000000000073
0 3 000000008000553c (0x00f00533) x0a 0000000000000073
0 3 000000008000553e (0xf5fff0ef) x01 0000000080005542
0 3 000000008000549c (0xfe010113) x02 0000000081026f90
0 3 000000008000549e (0x00813c23) 
0 3 00000000800054a0 (0x02010413) x08 0000000081026fb0
0 3 00000000800054a2 (0x00a007b3) x0f 0000000000000073
0 3 00000000800054a4 (0xfef42623) 
0 3 00000000800054a8 (0x001017b7) x0f 0000000000101000
0 3 00000000800054ac (0xfec42703) x0e 0000000000000073
0 3 00000000800054b0 (0x0ff77713) x0e 0000000000000073
0 3 00000000800054b4 (0x00e78023) 
0 3 00000000800054b8 (0x00000013) 
0 3 00000000800054ba (0x01813403) x08 0000000081026fd0
0 3 00000000800054bc (0x02010113) x02 0000000081026fb0
0 3 00000000800054be (0x00008067) 
0 3 0000000080005542 (0xfe843783) x0f 0000000080005a1a
0 3 0000000080005546 (0x00178793) x0f 0000000080005a1b
0 3 0000000080005548 (0xfef43423) 
0 3 000000008000554c (0xfe843783) x0f 0000000080005a1b
0 3 0000000080005550 (0x0007c783) x0f 000000000000002e
0 3 0000000080005554 (0xfc079fe3) 
0 3 0000000080005532 (0xfe843783) x0f 0000000080005a1b
0 3 0000000080005536 (0x0007c783) x0f 000000000000002e
0 3 000000008000553a (0x0007879b) x0f 000000000000002e
0 3 000000008000553c (0x00f00533) x0a 000000000000002e
0 3 000000008000553e (0xf5fff0ef) x01 0000000080005542
0 3 000000008000549c (0xfe010113) x02 0000000081026f90
0 3 000000008000549e (0x00813c23) 
0 3 00000000800054a0 (0x02010413) x08 0000000081026fb0
0 3 00000000800054a2 (0x00a007b3) x0f 000000000000002e
0 3 00000000800054a4 (0xfef42623) 
0 3 00000000800054a8 (0x001017b7) x0f 0000000000101000
0 3 00000000800054ac (0xfec42703) x0e 000000000000002e
0 3 00000000800054b0 (0x0ff77713) x0e 000000000000002e
0 3 00000000800054b4 (0x00e78023) 
0 3 00000000800054b8 (0x00000013) 
0 3 00000000800054ba (0x01813403) x08 0000000081026fd0
0 3 00000000800054bc (0x02010113) x02 0000000081026fb0
0 3 00000000800054be (0x00008067) 
0 3 0000000080005542 (0xfe843783) x0f 0000000080005a1b
0 3 0000000080005546 (0x00178793) x0f 0000000080005a1c
0 3 0000000080005548 (0xfef43423) 
0 3 000000008000554c (0xfe843783) x0f 0000000080005a1c
0 3 0000000080005550 (0x0007c783) x0f 000000000000002e
0 3 0000000080005554 (0xfc079fe3) 
0 3 0000000080005532 (0xfe843783) x0f 0000000080005a1c
0 3 0000000080005536 (0x0007c783) x0f 000000000000002e
0 3 000000008000553a (0x0007879b) x0f 000000000000002e
0 3 000000008000553c (0x00f00533) x0a 000000000000002e
0 3 000000008000553e (0xf5fff0ef) x01 0000000080005542
0 3 000000008000549c (0xfe010113) x02 0000000081026f90
0 3 000000008000549e (0x00813c23) 
0 3 00000000800054a0 (0x02010413) x08 0000000081026fb0
0 3 00000000800054a2 (0x00a007b3) x0f 000000000000002e
0 3 00000000800054a4 (0xfef42623) 
0 3 00000000800054a8 (0x001017b7) x0f 0000000000101000
0 3 00000000800054ac (0xfec42703) x0e 000000000000002e
0 3 00000000800054b0 (0x0ff77713) x0e 000000000000002e
0 3 00000000800054b4 (0x00e78023) 
0 3 00000000800054b8 (0x00000013) 
0 3 00000000800054ba (0x01813403) x08 0000000081026fd0
0 3 00000000800054bc (0x02010113) x02 0000000081026fb0
0 3 00000000800054be (0x00008067) 
0 3 0000000080005542 (0xfe843783) x0f 0000000080005a1c
0 3 0000000080005546 (0x00178793) x0f 0000000080005a1d
0 3 0000000080005548 (0xfef43423) 
0 3 000000008000554c (0xfe843783) x0f 0000000080005a1d
0 3 0000000080005550 (0x0007c783) x0f 000000000000002e
0 3 0000000080005554 (0xfc079fe3) 
0 3 0000000080005532 (0xfe843783) x0f 0000000080005a1d
0 3 0000000080005536 (0x0007c783) x0f 000000000000002e
0 3 000000008000553a (0x0007879b) x0f 000000000000002e
0 3 000000008000553c (0x00f00533) x0a 000000000000002e
0 3 000000008000553e (0xf5fff0ef) x01 0000000080005542
0 3 000000008000549c (0xfe010113) x02 0000000081026f90
0 3 000000008000549e (0x00813c23) 
0 3 00000000800054a0 (0x02010413) x08 0000000081026fb0
0 3 00000000800054a2 (0x00a007b3) x0f 000000000000002e
0 3 00000000800054a4 (0xfef42623) 
0 3 00000000800054a8 (0x001017b7) x0f 0000000000101000
0 3 00000000800054ac (0xfec42703) x0e 000000000000002e
0 3 00000000800054b0 (0x0ff77713) x0e 000000000000002e
0 3 00000000800054b4 (0x00e78023) 
0 3 00000000800054b8 (0x00000013) 
0 3 00000000800054ba (0x01813403) x08 0000000081026fd0
0 3 00000000800054bc (0x02010113) x02 0000000081026fb0
0 3 00000000800054be (0x00008067) 
0 3 0000000080005542 (0xfe843783) x0f 0000000080005a1d
0 3 0000000080005546 (0x00178793) x0f 0000000080005a1e
0 3 0000000080005548 (0xfef43423) 
0 3 000000008000554c (0xfe843783) x0f 0000000080005a1e
0 3 0000000080005550 (0x0007c783) x0f 000000000000000a
0 3 0000000080005554 (0xfc079fe3) 
0 3 0000000080005532 (0xfe843783) x0f 0000000080005a1e
0 3 0000000080005536 (0x0007c783) x0f 000000000000000a
0 3 000000008000553a (0x0007879b) x0f 000000000000000a
0 3 000000008000553c (0x00f00533) x0a 000000000000000a
0 3 000000008000553e (0xf5fff0ef) x01 0000000080005542
0 3 000000008000549c (0xfe010113) x02 0000000081026f90
0 3 000000008000549e (0x00813c23) 
0 3 00000000800054a0 (0x02010413) x08 0000000081026fb0
0 3 00000000800054a2 (0x00a007b3) x0f 000000000000000a
0 3 00000000800054a4 (0xfef42623) 
0 3 00000000800054a8 (0x001017b7) x0f 0000000000101000
0 3 00000000800054ac (0xfec42703) x0e 000000000000000a
0 3 00000000800054b0 (0x0ff77713) x0e 000000000000000a
0 3 00000000800054b4 (0x00e78023) 
0 3 00000000800054b8 (0x00000013) 
0 3 00000000800054ba (0x01813403) x08 0000000081026fd0
0 3 00000000800054bc (0x02010113) x02 0000000081026fb0
0 3 00000000800054be (0x00008067) 
0 3 0000000080005542 (0xfe843783) x0f 0000000080005a1e
0 3 0000000080005546 (0x00178793) x0f 0000000080005a1f
0 3 0000000080005548 (0xfef43423) 
0 3 000000008000554c (0xfe843783) x0f 0000000080005a1f
0 3 0000000080005550 (0x0007c783) x0f 0000000000000000
0 3 0000000080005554 (0xfc079fe3) 
0 3 0000000080005556 (0x00000013) 
0 3 0000000080005558 (0x00000013) 
0 3 000000008000555a (0x01813083) x01 000000008000051c
0 3 000000008000555c (0x01013403) x08 0000000081027000
0 3 000000008000555e (0x02010113) x02 0000000081026fd0
0 3 0000000080005560 (0x00008067) 
0 3 000000008000051c (0xfe843783) x0f 00000000000000b0
0 3 0000000080000520 (0x30479073) 
0 3 0000000080000524 (0xfe043783) x0f 000000000000600b
0 3 0000000080000528 (0x30079073) 
0 3 000000008000052c (0x0000006f) 
0 3 000000008000052c (0x0000006f) 
0 3 000000008000052c (0x0000006f) 
0 3 000000008000052c (0x0000006f) 
0 3 000000008000052c (0x0000006f) 
0 3 000000008000052c (0x0000006f) 
0 3 000000008000052c (0x0000006f) 
0 3 000000008000052c (0x0000006f) 
0 3 000000008000052c (0x0000006f) 
0 3 000000008000052c (0x0000006f) 
0 3 000000008000052c (0x0000006f) 
0 3 000000008000052c (0x0000006f) 
0 3 000000008000052c (0x0000006f) 
0 3 000000008000052c (0x0000006f) 
0 3 000000008000052c (0x0000006f) 
0 3 000000008000052c (0x0000006f) 
0 3 000000008000052c (0x0000006f) 
0 3 000000008000052c (0x0000006f) 
0 3 000000008000052c (0x0000006f) 
0 3 000000008000052c (0x0000006f) 
0 3 000000008000052c (0x0000006f) 
0 3 000000008000052c (0x0000006f) 
0 3 000000008000052c (0x0000006f) 
0 3 000000008000052c (0x0000006f) 
0 3 000000008000052c (0x0000006f) 
0 3 000000008000052c (0x0000006f) 
0 3 000000008000052c (0x0000006f) 
0 3 000000008000052c (0x0000006f) 
0 3 000000008000052c (0x0000006f) 
0 3 000000008000052c (0x0000006f) 
0 3 000000008000052c (0x0000006f) 
0 3 000000008000052c (0x0000006f) 
0 3 000000008000052c (0x0000006f) 
0 3 000000008000052c (0x0000006f) 
0 3 000000008000052c (0x0000006f) 
0 3 000000008000052c (0x0000006f) 
0 3 000000008000052c (0x0000006f) 
0 3 000000008000052c (0x0000006f) 
0 3 000000008000052c (0x0000006f) 
0 3 000000008000052c (0x0000006f) 
0 3 000000008000052c (0x0000006f) 
0 3 000000008000052c (0x0000006f) 
0 3 000000008000052c (0x0000006f) 
0 3 000000008000052c (0x0000006f) 
0 3 000000008000052c (0x0000006f) 
0 3 000000008000052c (0x0000006f) 
0 3 000000008000052c (0x0000006f) 
0 3 000000008000052c (0x0000006f) 
0 3 000000008000052c (0x0000006f) 
0 3 000000008000052c (0x0000006f) 
0 3 000000008000052c (0x0000006f) 
0 3 000000008000052c (0x0000006f) 
0 3 000000008000052c (0x0000006f) 
0 3 000000008000052c (0x0000006f) 
0 3 000000008000052c (0x0000006f) 
0 3 000000008000052c (0x0000006f) 
0 3 000000008000052c (0x0000006f) 
0 3 000000008000052c (0x0000006f) 
0 3 000000008000052c (0x0000006f) 
0 3 000000008000052c (0x0000006f) 
0 3 000000008000052c (0x0000006f) 
0 3 000000008000052c (0x0000006f) 
0 3 000000008000052c (0x0000006f) 
0 3 000000008000052c (0x0000006f) 
0 3 000000008000052c (0x0000006f) 
0 3 000000008000052c (0x0000006f) 
0 3 000000008000052c (0x0000006f) 
0 3 000000008000052c (0x0000006f) 
0 3 000000008000052c (0x0000006f) 
0 3 000000008000052c (0x0000006f) 
0 3 000000008000052c (0x0000006f) 
0 3 000000008000052c (0x0000006f) 
0 3 000000008000052c (0x0000006f) 
0 3 000000008000052c (0x0000006f) 
0 3 000000008000052c (0x0000006f) 
0 3 000000008000052c (0x0000006f) 
0 3 000000008000052c (0x0000006f) 
0 3 000000008000052c (0x0000006f) 
0 3 000000008000052c (0x0000006f) 
0 3 000000008000052c (0x0000006f) 
0 3 000000008000052c (0x0000006f) 
0 3 000000008000052c (0x0000006f) 
0 3 000000008000052c (0x0000006f) 
0 3 000000008000052c (0x0000006f) 
0 3 000000008000052c (0x0000006f) 
0 3 000000008000052c (0x0000006f) 
0 3 000000008000052c (0x0000006f) 
0 3 000000008000052c (0x0000006f) 
0 3 000000008000052c (0x0000006f) 
0 3 000000008000052c (0x0000006f) 
0 3 000000008000052c (0x0000006f) 
0 3 000000008000052c (0x0000006f) 
0 3 000000008000052c (0x0000006f) 
0 3 000000008000052c (0x0000006f) 
0 3 000000008000052c (0x0000006f) 
0 3 000000008000052c (0x0000006f) 
0 3 000000008000052c (0x0000006f) 
0 3 000000008000052c (0x0000006f) 
0 3 000000008000052c (0x0000006f) 
0 3 000000008000052c (0x0000006f) 
0 3 000000008000052c (0x0000006f) 
0 3 000000008000052c (0x0000006f) 
0 3 000000008000052c (0x0000006f) 
0 3 000000008000052c (0x0000006f) 
0 3 000000008000052c (0x0000006f) 
0 3 000000008000052c (0x0000006f) 
0 3 000000008000052c (0x0000006f) 
0 3 000000008000052c (0x0000006f) 
0 3 000000008000052c (0x0000006f) 
0 3 000000008000052c (0x0000006f) 
0 3 000000008000052c (0x0000006f) 
0 3 000000008000052c (0x0000006f) 
0 3 000000008000052c (0x0000006f) 
0 3 000000008000052c (0x0000006f) 
0 3 000000008000052c (0x0000006f) 
0 3 000000008000052c (0x0000006f) 
0 3 000000008000052c (0x0000006f) 
0 3 000000008000052c (0x0000006f) 
0 3 000000008000052c (0x0000006f) 
0 3 000000008000052c (0x0000006f) 
0 3 000000008000052c (0x0000006f) 
0 3 000000008000052c (0x0000006f) 
0 3 000000008000052c (0x0000006f) 
0 3 000000008000052c (0x0000006f) 
0 3 000000008000052c (0x0000006f) 
0 3 000000008000052c (0x0000006f) 
0 3 000000008000052c (0x0000006f) 
0 3 000000008000052c (0x0000006f) 
0 3 000000008000052c (0x0000006f) 
0 3 000000008000052c (0x0000006f) 
0 3 000000008000052c (0x0000006f) 
0 3 000000008000052c (0x0000006f) 
0 3 000000008000052c (0x0000006f) 
0 3 000000008000052c (0x0000006f) 
0 3 000000008000052c (0x0000006f) 
0 3 000000008000052c (0x0000006f) 
0 3 000000008000052c (0x0000006f) 
0 3 000000008000052c (0x0000006f) 
0 3 000000008000052c (0x0000006f) 
0 3 000000008000052c (0x0000006f) 
0 3 000000008000052c (0x0000006f) 
0 3 000000008000052c (0x0000006f) 
0 3 000000008000052c (0x0000006f) 
0 3 000000008000052c (0x0000006f) 
0 3 000000008000052c (0x0000006f) 
0 3 000000008000052c (0x0000006f) 
0 3 000000008000052c (0x0000006f) 
0 3 000000008000052c (0x0000006f) 
0 3 000000008000052c (0x0000006f) 
0 3 000000008000052c (0x0000006f) 
0 3 000000008000052c (0x0000006f) 
0 3 000000008000052c (0x0000006f) 
0 3 000000008000052c (0x0000006f) 
0 3 000000008000052c (0x0000006f) 
0 3 000000008000052c (0x0000006f) 
0 3 000000008000052c (0x0000006f) 
0 3 000000008000052c (0x0000006f) 
0 3 000000008000052c (0x0000006f) 
0 3 000000008000052c (0x0000006f) 
0 3 000000008000052c (0x0000006f) 
0 3 000000008000052c (0x0000006f) 
0 3 000000008000052c (0x0000006f) 
0 3 000000008000052c (0x0000006f) 
0 3 000000008000052c (0x0000006f) 
0 3 000000008000052c (0x0000006f) 
0 3 000000008000052c (0x0000006f) 
0 3 000000008000052c (0x0000006f) 
0 3 000000008000052c (0x0000006f) 
0 3 000000008000052c (0x0000006f) 
0 3 000000008000052c (0x0000006f) 
0 3 000000008000052c (0x0000006f) 
0 3 000000008000052c (0x0000006f) 
0 3 000000008000052c (0x0000006f) 
0 3 000000008000052c (0x0000006f) 
0 3 000000008000052c (0x0000006f) 
0 3 000000008000052c (0x0000006f) 
0 3 000000008000052c (0x0000006f) 
0 3 000000008000052c (0x0000006f) 
0 3 000000008000052c (0x0000006f) 
0 3 000000008000052c (0x0000006f) 
0 3 000000008000052c (0x0000006f) 
0 3 000000008000052c (0x0000006f) 
0 3 000000008000052c (0x0000006f) 
0 3 000000008000052c (0x0000006f) 
0 3 000000008000052c (0x0000006f) 
0 3 000000008000052c (0x0000006f) 
0 3 000000008000052c (0x0000006f) 
0 3 000000008000052c (0x0000006f) 
0 3 000000008000052c (0x0000006f) 
0 3 000000008000052c (0x0000006f) 
0 3 000000008000052c (0x0000006f) 
0 3 000000008000052c (0x0000006f) 
0 3 000000008000052c (0x0000006f) 
0 3 000000008000052c (0x0000006f) 
0 3 000000008000052c (0x0000006f) 
0 3 000000008000052c (0x0000006f) 
0 3 000000008000052c (0x0000006f) 
0 3 000000008000052c (0x0000006f) 
0 3 000000008000052c (0x0000006f) 
0 3 000000008000052c (0x0000006f) 
0 3 000000008000052c (0x0000006f) 
0 3 000000008000052c (0x0000006f) 
0 3 000000008000052c (0x0000006f) 
0 3 000000008000052c (0x0000006f) 
0 3 000000008000052c (0x0000006f) 
0 3 000000008000052c (0x0000006f) 
0 3 000000008000052c (0x0000006f) 
0 3 000000008000052c (0x0000006f) 
0 3 000000008000052c (0x0000006f) 
0 3 000000008000052c (0x0000006f) 
0 3 000000008000052c (0x0000006f) 
0 3 000000008000052c (0x0000006f) 
0 3 000000008000052c (0x0000006f) 
0 3 000000008000052c (0x0000006f) 
0 3 000000008000052c (0x0000006f) 
0 3 000000008000052c (0x0000006f) 
0 3 000000008000052c (0x0000006f) 
0 3 000000008000052c (0x0000006f) 
0 3 000000008000052c (0x0000006f) 
0 3 000000008000052c (0x0000006f) 
0 3 000000008000052c (0x0000006f) 
0 3 000000008000052c (0x0000006f) 
0 3 000000008000052c (0x0000006f) 
0 3 000000008000052c (0x0000006f) 
0 3 000000008000052c (0x0000006f) 
0 3 000000008000052c (0x0000006f) 
0 3 000000008000052c (0x0000006f) 
0 3 000000008000052c (0x0000006f) 
0 3 000000008000052c (0x0000006f) 
0 3 000000008000052c (0x0000006f) 
0 3 000000008000052c (0x0000006f) 
0 3 000000008000052c (0x0000006f) 
0 3 000000008000052c (0x0000006f) 
0 3 000000008000052c (0x0000006f) 
0 3 000000008000052c (0x0000006f) 
0 3 000000008000052c (0x0000006f) 
0 3 000000008000052c (0x0000006f) 
0 3 000000008000052c (0x0000006f) 
0 3 000000008000052c (0x0000006f) 
0 3 000000008000052c (0x0000006f) 
0 3 000000008000052c (0x0000006f) 
0 3 000000008000052c (0x0000006f) 
0 3 000000008000052c (0x0000006f) 
0 3 000000008000052c (0x0000006f) 
0 3 000000008000052c (0x0000006f) 
0 3 000000008000052c (0x0000006f) 
0 3 000000008000052c (0x0000006f) 
0 3 000000008000052c (0x0000006f) 
0 3 000000008000052c (0x0000006f) 
0 3 000000008000052c (0x0000006f) 
0 3 000000008000052c (0x0000006f) 
0 3 000000008000052c (0x0000006f) 
0 3 000000008000052c (0x0000006f) 
0 3 000000008000052c (0x0000006f) 
0 3 000000008000052c (0x0000006f) 
0 3 000000008000052c (0x0000006f) 
0 3 000000008000052c (0x0000006f) 
0 3 000000008000052c (0x0000006f) 
0 3 000000008000052c (0x0000006f) 
0 3 000000008000052c (0x0000006f) 
0 3 000000008000052c (0x0000006f) 
0 3 000000008000052c (0x0000006f) 
0 3 000000008000052c (0x0000006f) 
0 3 000000008000052c (0x0000006f) 
0 3 000000008000052c (0x0000006f) 
0 3 000000008000052c (0x0000006f) 
0 3 000000008000052c (0x0000006f) 
0 3 000000008000052c (0x0000006f) 
0 3 000000008000052c (0x0000006f) 
0 3 000000008000052c (0x0000006f) 
0 3 000000008000052c (0x0000006f) 
0 3 000000008000052c (0x0000006f) 
0 3 000000008000052c (0x0000006f) 
0 3 000000008000052c (0x0000006f) 
0 3 000000008000052c (0x0000006f) 
0 3 000000008000052c (0x0000006f) 
0 3 000000008000052c (0x0000006f) 
0 3 000000008000052c (0x0000006f) 
0 3 000000008000052c (0x0000006f) 
0 3 000000008000052c (0x0000006f) 
0 3 000000008000052c (0x0000006f) 
0 3 000000008000052c (0x0000006f) 
0 3 000000008000052c (0x0000006f) 
0 3 000000008000052c (0x0000006f) 
0 3 000000008000052c (0x0000006f) 
0 3 000000008000052c (0x0000006f) 
0 3 000000008000052c (0x0000006f) 
0 3 000000008000052c (0x0000006f) 
0 3 000000008000052c (0x0000006f) 
0 3 000000008000052c (0x0000006f) 
0 3 000000008000052c (0x0000006f) 
0 3 000000008000052c (0x0000006f) 
0 3 000000008000052c (0x0000006f) 
0 3 000000008000052c (0x0000006f) 
0 3 000000008000052c (0x0000006f) 
0 3 000000008000052c (0x0000006f) 
0 3 000000008000052c (0x0000006f) 
0 3 000000008000052c (0x0000006f) 
0 3 000000008000052c (0x0000006f) 
0 3 000000008000052c (0x0000006f) 
0 3 000000008000052c (0x0000006f) 
0 3 000000008000052c (0x0000006f) 
0 3 000000008000052c (0x0000006f) 
0 3 000000008000052c (0x0000006f) 
0 3 000000008000052c (0x0000006f) 
0 3 000000008000052c (0x0000006f) 
0 3 000000008000052c (0x0000006f) 
0 3 000000008000052c (0x0000006f) 
0 3 000000008000052c (0x0000006f) 
0 3 000000008000052c (0x0000006f) 
0 3 000000008000052c (0x0000006f) 
0 3 000000008000052c (0x0000006f) 
0 3 000000008000052c (0x0000006f) 
0 3 000000008000052c (0x0000006f) 
0 3 000000008000052c (0x0000006f) 
0 3 000000008000052c (0x0000006f) 
0 3 000000008000052c (0x0000006f) 
0 3 000000008000052c (0x0000006f) 
0 3 000000008000052c (0x0000006f) 
0 3 000000008000052c (0x0000006f) 
0 3 000000008000052c (0x0000006f) 
0 3 000000008000052c (0x0000006f) 
0 3 000000008000052c (0x0000006f) 
0 3 000000008000052c (0x0000006f) 
0 3 000000008000052c (0x0000006f) 
0 3 000000008000052c (0x0000006f) 
0 3 000000008000052c (0x0000006f) 
0 3 000000008000052c (0x0000006f) 
0 3 000000008000052c (0x0000006f) 
0 3 000000008000052c (0x0000006f) 
0 3 000000008000052c (0x0000006f) 
0 3 000000008000052c (0x0000006f) 
0 3 000000008000052c (0x0000006f) 
0 3 000000008000052c (0x0000006f) 
0 3 000000008000052c (0x0000006f) 
0 3 000000008000052c (0x0000006f) 
0 3 000000008000052c (0x0000006f) 
0 3 000000008000052c (0x0000006f) 
0 3 000000008000052c (0x0000006f) 
0 3 000000008000052c (0x0000006f) 
0 3 000000008000052c (0x0000006f) 
0 3 000000008000052c (0x0000006f) 
0 3 000000008000052c (0x0000006f) 
0 3 000000008000052c (0x0000006f) 
0 3 000000008000052c (0x0000006f) 
0 3 000000008000052c (0x0000006f) 
0 3 000000008000052c (0x0000006f) 
0 3 000000008000052c (0x0000006f) 
0 3 000000008000052c (0x0000006f) 
0 3 000000008000052c (0x0000006f) 
0 3 000000008000052c (0x0000006f) 
0 3 000000008000052c (0x0000006f) 
0 3 000000008000052c (0x0000006f) 
0 3 000000008000052c (0x0000006f) 
0 3 000000008000052c (0x0000006f) 
0 3 000000008000052c (0x0000006f) 
0 3 000000008000052c (0x0000006f) 
0 3 000000008000052c (0x0000006f) 
0 3 000000008000052c (0x0000006f) 
0 3 000000008000052c (0x0000006f) 
0 3 000000008000052c (0x0000006f) 
0 3 000000008000052c (0x0000006f) 
0 3 000000008000052c (0x0000006f) 
0 3 000000008000052c (0x0000006f) 
0 3 000000008000052c (0x0000006f) 
0 3 000000008000052c (0x0000006f) 
0 3 000000008000052c (0x0000006f) 
0 3 000000008000052c (0x0000006f) 
0 3 000000008000052c (0x0000006f) 
0 3 000000008000052c (0x0000006f) 
0 3 000000008000052c (0x0000006f) 
0 3 000000008000052c (0x0000006f) 
0 3 000000008000052c (0x0000006f) 
0 3 000000008000052c (0x0000006f) 
0 3 000000008000052c (0x0000006f) 
0 3 000000008000052c (0x0000006f) 
0 3 000000008000052c (0x0000006f) 
0 3 000000008000052c (0x0000006f) 
0 3 000000008000052c (0x0000006f) 
0 3 000000008000052c (0x0000006f) 
0 3 000000008000052c (0x0000006f) 
0 3 000000008000052c (0x0000006f) 
0 3 000000008000052c (0x0000006f) 
0 3 000000008000052c (0x0000006f) 
0 3 000000008000052c (0x0000006f) 
0 3 000000008000052c (0x0000006f) 
0 3 000000008000052c (0x0000006f) 
0 3 000000008000052c (0x0000006f) 
0 3 000000008000052c (0x0000006f) 
0 3 000000008000052c (0x0000006f) 
0 3 000000008000052c (0x0000006f) 
0 3 000000008000052c (0x0000006f) 
0 3 000000008000052c (0x0000006f) 
0 3 000000008000052c (0x0000006f) 
0 3 000000008000052c (0x0000006f) 
0 3 000000008000052c (0x0000006f) 
0 3 000000008000052c (0x0000006f) 
0 3 000000008000052c (0x0000006f) 
0 3 000000008000052c (0x0000006f) 
0 3 000000008000052c (0x0000006f) 
0 3 000000008000052c (0x0000006f) 
0 3 000000008000052c (0x0000006f) 
0 3 000000008000052c (0x0000006f) 
0 3 000000008000052c (0x0000006f) 
0 3 000000008000052c (0x0000006f) 
0 3 000000008000052c (0x0000006f) 
0 3 000000008000052c (0x0000006f) 
0 3 000000008000052c (0x0000006f) 
0 3 000000008000052c (0x0000006f) 
0 3 000000008000052c (0x0000006f) 
0 3 000000008000052c (0x0000006f) 
0 3 000000008000052c (0x0000006f) 
0 3 000000008000052c (0x0000006f) 
0 3 000000008000052c (0x0000006f) 
0 3 000000008000052c (0x0000006f) 
0 3 000000008000052c (0x0000006f) 
0 3 000000008000052c (0x0000006f) 
0 3 000000008000052c (0x0000006f) 
0 3 000000008000052c (0x0000006f) 
0 3 000000008000052c (0x0000006f) 
0 3 000000008000052c (0x0000006f) 
0 3 000000008000052c (0x0000006f) 
0 3 000000008000052c (0x0000006f) 
0 3 000000008000052c (0x0000006f) 
0 3 000000008000052c (0x0000006f) 
0 3 000000008000052c (0x0000006f) 
0 3 000000008000052c (0x0000006f) 
0 3 000000008000052c (0x0000006f) 
0 3 000000008000052c (0x0000006f) 
0 3 000000008000052c (0x0000006f) 
0 3 000000008000052c (0x0000006f) 
0 3 000000008000052c (0x0000006f) 
0 3 000000008000052c (0x0000006f) 
0 3 000000008000052c (0x0000006f) 
0 3 000000008000052c (0x0000006f) 
0 3 000000008000052c (0x0000006f) 
0 3 000000008000052c (0x0000006f) 
0 3 000000008000052c (0x0000006f) 
0 3 000000008000052c (0x0000006f) 
0 3 000000008000052c (0x0000006f) 
0 3 000000008000052c (0x0000006f) 
0 3 000000008000052c (0x0000006f) 
0 3 000000008000052c (0x0000006f) 
0 3 000000008000052c (0x0000006f) 
0 3 000000008000052c (0x0000006f) 
0 3 000000008000052c (0x0000006f) 
0 3 000000008000052c (0x0000006f) 
0 3 000000008000052c (0x0000006f) 
0 3 000000008000052c (0x0000006f) 
0 3 000000008000052c (0x0000006f) 
0 3 000000008000052c (0x0000006f) 
0 3 000000008000052c (0x0000006f) 
0 3 000000008000052c (0x0000006f) 
0 3 000000008000052c (0x0000006f) 
0 3 000000008000052c (0x0000006f) 
0 3 000000008000052c (0x0000006f) 
0 3 000000008000052c (0x0000006f) 
0 3 000000008000052c (0x0000006f) 
0 3 000000008000052c (0x0000006f) 
0 3 000000008000052c (0x0000006f) 
0 3 000000008000052c (0x0000006f) 
0 3 000000008000052c (0x0000006f) 
0 3 000000008000052c (0x0000006f) 
0 3 000000008000052c (0x0000006f) 
0 3 000000008000052c (0x0000006f) 
0 3 000000008000052c (0x0000006f) 
0 3 000000008000052c (0x0000006f) 
0 3 000000008000052c (0x0000006f) 
0 3 000000008000052c (0x0000006f) 
0 3 000000008000052c (0x0000006f) 
0 3 000000008000052c (0x0000006f) 
0 3 000000008000052c (0x0000006f) 
0 3 000000008000052c (0x0000006f) 
0 3 000000008000052c (0x0000006f) 
0 3 000000008000052c (0x0000006f) 
0 3 000000008000052c (0x0000006f) 
0 3 000000008000052c (0x0000006f) 
0 3 000000008000052c (0x0000006f) 
0 3 000000008000052c (0x0000006f) 
0 3 000000008000052c (0x0000006f) 
0 3 000000008000052c (0x0000006f) 
0 3 000000008000052c (0x0000006f) 
0 3 000000008000052c (0x0000006f) 
0 3 000000008000052c (0x0000006f) 
0 3 000000008000052c (0x0000006f) 
0 3 000000008000052c (0x0000006f) 
0 3 000000008000052c (0x0000006f) 
0 3 000000008000052c (0x0000006f) 
0 3 000000008000052c (0x0000006f) 
0 3 000000008000052c (0x0000006f) 
0 3 000000008000052c (0x0000006f) 
0 3 000000008000052c (0x0000006f) 
0 3 000000008000052c (0x0000006f) 
0 3 000000008000052c (0x0000006f) 
0 3 000000008000052c (0x0000006f) 
0 3 000000008000052c (0x0000006f) 
0 3 000000008000052c (0x0000006f) 
0 3 000000008000052c (0x0000006f) 
0 3 000000008000052c (0x0000006f) 
0 3 000000008000052c (0x0000006f) 
0 3 000000008000052c (0x0000006f) 
0 3 000000008000052c (0x0000006f) 
0 3 000000008000052c (0x0000006f) 
0 3 000000008000052c (0x0000006f) 
0 3 000000008000052c (0x0000006f) 
0 3 000000008000052c (0x0000006f) 
0 3 000000008000052c (0x0000006f) 
0 3 000000008000052c (0x0000006f) 
0 3 000000008000052c (0x0000006f) 
0 3 000000008000052c (0x0000006f) 
0 3 000000008000052c (0x0000006f) 
0 3 000000008000052c (0x0000006f) 
0 3 000000008000052c (0x0000006f) 
0 3 000000008000052c (0x0000006f) 
0 3 000000008000052c (0x0000006f) 
0 3 000000008000052c (0x0000006f) 
0 3 000000008000052c (0x0000006f) 
0 3 000000008000052c (0x0000006f) 
0 3 000000008000052c (0x0000006f) 
0 3 000000008000052c (0x0000006f) 
0 3 000000008000052c (0x0000006f) 
0 3 000000008000052c (0x0000006f) 
0 3 000000008000052c (0x0000006f) 
0 3 000000008000052c (0x0000006f) 
0 3 000000008000052c (0x0000006f) 
0 3 000000008000052c (0x0000006f) 
0 3 000000008000052c (0x0000006f) 
0 3 000000008000052c (0x0000006f) 
0 3 000000008000052c (0x0000006f) 
0 3 000000008000052c (0x0000006f) 
0 3 000000008000052c (0x0000006f) 
0 3 000000008000052c (0x0000006f) 
0 3 000000008000052c (0x0000006f) 
0 3 000000008000052c (0x0000006f) 
0 3 000000008000052c (0x0000006f) 
0 3 000000008000052c (0x0000006f) 
0 3 000000008000052c (0x0000006f) 
0 3 000000008000052c (0x0000006f) 
0 3 000000008000052c (0x0000006f) 
0 3 000000008000052c (0x0000006f) 
0 3 000000008000052c (0x0000006f) 
0 3 000000008000052c (0x0000006f) 
0 3 000000008000052c (0x0000006f) 
0 3 000000008000052c (0x0000006f) 
0 3 000000008000052c (0x0000006f) 
0 3 000000008000052c (0x0000006f) 
0 3 000000008000052c (0x0000006f) 
0 3 000000008000052c (0x0000006f) 
0 3 000000008000052c (0x0000006f) 
0 3 000000008000052c (0x0000006f) 
0 3 000000008000052c (0x0000006f) 
0 3 000000008000052c (0x0000006f) 
0 3 000000008000052c (0x0000006f) 
0 3 000000008000052c (0x0000006f) 
0 3 000000008000052c (0x0000006f) 
0 3 000000008000052c (0x0000006f) 
0 3 000000008000052c (0x0000006f) 
0 3 000000008000052c (0x0000006f) 
0 3 000000008000052c (0x0000006f) 
0 3 000000008000052c (0x0000006f) 
0 3 000000008000052c (0x0000006f) 
0 3 000000008000052c (0x0000006f) 
0 3 000000008000052c (0x0000006f) 
0 3 000000008000052c (0x0000006f) 
0 3 000000008000052c (0x0000006f) 
0 3 000000008000052c (0x0000006f) 
0 3 000000008000052c (0x0000006f) 
0 3 000000008000052c (0x0000006f) 
0 3 000000008000052c (0x0000006f) 
0 3 000000008000052c (0x0000006f) 
0 3 000000008000052c (0x0000006f) 
0 3 000000008000052c (0x0000006f) 
0 3 000000008000052c (0x0000006f) 
0 3 000000008000052c (0x0000006f) 
0 3 000000008000052c (0x0000006f) 
0 3 000000008000052c (0x0000006f) 
0 3 000000008000052c (0x0000006f) 
0 3 000000008000052c (0x0000006f) 
0 3 000000008000052c (0x0000006f) 
0 3 000000008000052c (0x0000006f) 
0 3 000000008000052c (0x0000006f) 
0 3 000000008000052c (0x0000006f) 
0 3 000000008000052c (0x0000006f) 
0 3 000000008000052c (0x0000006f) 
0 3 000000008000052c (0x0000006f) 
0 3 000000008000052c (0x0000006f) 
0 3 000000008000052c (0x0000006f) 
0 3 000000008000052c (0x0000006f) 
0 3 000000008000052c (0x0000006f) 
0 3 000000008000052c (0x0000006f) 
0 3 000000008000052c (0x0000006f) 
0 3 000000008000052c (0x0000006f) 
0 3 000000008000052c (0x0000006f) 
0 3 000000008000052c (0x0000006f) 
0 3 000000008000052c (0x0000006f) 
0 3 000000008000052c (0x0000006f) 
0 3 000000008000052c (0x0000006f) 
0 3 000000008000052c (0x0000006f) 
0 3 000000008000052c (0x0000006f) 
0 3 000000008000052c (0x0000006f) 
0 3 000000008000052c (0x0000006f) 
0 3 000000008000052c (0x0000006f) 
0 3 000000008000052c (0x0000006f) 
0 3 000000008000052c (0x0000006f) 
0 3 000000008000052c (0x0000006f) 
0 3 000000008000052c (0x0000006f) 
0 3 000000008000052c (0x0000006f) 
0 3 000000008000052c (0x0000006f) 
0 3 000000008000052c (0x0000006f) 
0 3 000000008000052c (0x0000006f) 
0 3 000000008000052c (0x0000006f) 
0 3 000000008000052c (0x0000006f) 
0 3 000000008000052c (0x0000006f) 
0 3 000000008000052c (0x0000006f) 
0 3 000000008000052c (0x0000006f) 
0 3 000000008000052c (0x0000006f) 
0 3 000000008000052c (0x0000006f) 
0 3 000000008000052c (0x0000006f) 
0 3 000000008000052c (0x0000006f) 
0 3 000000008000052c (0x0000006f) 
0 3 000000008000052c (0x0000006f) 
0 3 000000008000052c (0x0000006f) 
0 3 000000008000052c (0x0000006f) 
0 3 000000008000052c (0x0000006f) 
0 3 000000008000052c (0x0000006f) 
0 3 000000008000052c (0x0000006f) 
0 3 000000008000052c (0x0000006f) 
0 3 000000008000052c (0x0000006f) 
0 3 000000008000052c (0x0000006f) 
0 3 000000008000052c (0x0000006f) 
0 3 000000008000052c (0x0000006f) 
0 3 000000008000052c (0x0000006f) 
0 3 000000008000052c (0x0000006f) 
0 3 000000008000052c (0x0000006f) 
0 3 000000008000052c (0x0000006f) 
0 3 000000008000052c (0x0000006f) 
0 3 000000008000052c (0x0000006f) 
0 3 000000008000052c (0x0000006f) 
0 3 000000008000052c (0x0000006f) 
0 3 000000008000052c (0x0000006f) 
0 3 000000008000052c (0x0000006f) 
0 3 000000008000052c (0x0000006f) 
0 3 000000008000052c (0x0000006f) 
0 3 000000008000052c (0x0000006f) 
0 3 000000008000052c (0x0000006f) 
0 3 000000008000052c (0x0000006f) 
0 3 000000008000052c (0x0000006f) 
0 3 000000008000052c (0x0000006f) 
0 3 000000008000052c (0x0000006f) 
0 3 000000008000052c (0x0000006f) 
0 3 000000008000052c (0x0000006f) 
0 3 000000008000052c (0x0000006f) 
0 3 000000008000052c (0x0000006f) 
0 3 000000008000052c (0x0000006f) 
0 3 000000008000052c (0x0000006f) 
0 3 000000008000052c (0x0000006f) 
0 3 000000008000052c (0x0000006f) 
0 3 000000008000052c (0x0000006f) 
0 3 000000008000052c (0x0000006f) 
0 3 000000008000052c (0x0000006f) 
0 3 000000008000052c (0x0000006f) 
0 3 000000008000052c (0x0000006f) 
0 3 000000008000052c (0x0000006f) 
0 3 000000008000052c (0x0000006f) 
0 3 000000008000052c (0x0000006f) 
0 3 000000008000052c (0x0000006f) 
0 3 000000008000052c (0x0000006f) 
0 3 000000008000052c (0x0000006f) 
0 3 000000008000052c (0x0000006f) 
0 3 000000008000052c (0x0000006f) 
0 3 000000008000052c (0x0000006f) 
0 3 000000008000052c (0x0000006f) 
0 3 000000008000052c (0x0000006f) 
0 3 000000008000052c (0x0000006f) 
0 3 000000008000052c (0x0000006f) 
0 3 000000008000052c (0x0000006f) 
0 3 000000008000052c (0x0000006f) 
0 3 000000008000052c (0x0000006f) 
0 3 000000008000052c (0x0000006f) 
0 3 000000008000052c (0x0000006f) 
0 3 000000008000052c (0x0000006f) 
0 3 000000008000052c (0x0000006f) 
0 3 000000008000052c (0x0000006f) 
0 3 000000008000052c (0x0000006f) 
0 3 000000008000052c (0x0000006f) 
0 3 000000008000052c (0x0000006f) 
0 3 000000008000052c (0x0000006f) 
0 3 000000008000052c (0x0000006f) 
0 3 000000008000052c (0x0000006f) 
0 3 000000008000052c (0x0000006f) 
0 3 000000008000052c (0x0000006f) 
0 3 000000008000052c (0x0000006f) 
0 3 000000008000052c (0x0000006f) 
0 3 000000008000052c (0x0000006f) 
0 3 000000008000052c (0x0000006f) 
0 3 000000008000052c (0x0000006f) 
0 3 000000008000052c (0x0000006f) 
0 3 000000008000052c (0x0000006f) 
0 3 000000008000052c (0x0000006f) 
0 3 000000008000052c (0x0000006f) 
0 3 000000008000052c (0x0000006f) 
0 3 000000008000052c (0x0000006f) 
0 3 000000008000052c (0x0000006f) 
0 3 000000008000052c (0x0000006f) 
0 3 000000008000052c (0x0000006f) 
0 3 000000008000052c (0x0000006f) 
0 3 000000008000052c (0x0000006f) 
0 3 000000008000052c (0x0000006f) 
0 3 000000008000052c (0x0000006f) 
0 3 000000008000052c (0x0000006f) 
0 3 000000008000052c (0x0000006f) 
0 3 000000008000052c (0x0000006f) 
0 3 000000008000052c (0x0000006f) 
0 3 000000008000052c (0x0000006f) 
0 3 000000008000052c (0x0000006f) 
0 3 000000008000052c (0x0000006f) 
0 3 000000008000052c (0x0000006f) 
0 3 000000008000052c (0x0000006f) 
0 3 000000008000052c (0x0000006f) 
0 3 000000008000052c (0x0000006f) 
0 3 000000008000052c (0x0000006f) 
0 3 000000008000052c (0x0000006f) 
0 3 000000008000052c (0x0000006f) 
0 3 000000008000052c (0x0000006f) 
0 3 000000008000052c (0x0000006f) 
0 3 000000008000052c (0x0000006f) 
0 3 000000008000052c (0x0000006f) 
0 3 000000008000052c (0x0000006f) 
0 3 000000008000052c (0x0000006f) 
0 3 000000008000052c (0x0000006f) 
0 3 000000008000052c (0x0000006f) 
0 3 000000008000052c (0x0000006f) 
0 3 000000008000052c (0x0000006f) 
0 3 000000008000052c (0x0000006f) 
0 3 000000008000052c (0x0000006f) 
0 3 000000008000052c (0x0000006f) 
0 3 000000008000052c (0x0000006f) 
0 3 000000008000052c (0x0000006f) 
0 3 000000008000052c (0x0000006f) 
0 3 000000008000052c (0x0000006f) 
0 3 000000008000052c (0x0000006f) 
0 3 000000008000052c (0x0000006f) 
0 3 000000008000052c (0x0000006f) 
0 3 000000008000052c (0x0000006f) 
0 3 000000008000052c (0x0000006f) 
0 3 000000008000052c (0x0000006f) 
0 3 000000008000052c (0x0000006f) 
0 3 000000008000052c (0x0000006f) 
0 3 000000008000052c (0x0000006f) 
0 3 000000008000052c (0x0000006f) 
0 3 000000008000052c (0x0000006f) 
0 3 000000008000052c (0x0000006f) 
0 3 000000008000052c (0x0000006f) 
0 3 000000008000052c (0x0000006f) 
0 3 000000008000052c (0x0000006f) 
0 3 000000008000052c (0x0000006f) 
0 3 000000008000052c (0x0000006f) 
0 3 000000008000052c (0x0000006f) 
0 3 000000008000052c (0x0000006f) 
0 3 000000008000052c (0x0000006f) 
0 3 000000008000052c (0x0000006f) 
0 3 000000008000052c (0x0000006f) 
0 3 000000008000052c (0x0000006f) 
0 3 000000008000052c (0x0000006f) 
0 3 000000008000052c (0x0000006f) 
0 3 000000008000052c (0x0000006f) 
0 3 000000008000052c (0x0000006f) 
0 3 000000008000052c (0x0000006f) 
0 3 000000008000052c (0x0000006f) 
0 3 000000008000052c (0x0000006f) 
0 3 000000008000052c (0x0000006f) 
0 3 000000008000052c (0x0000006f) 
0 3 000000008000052c (0x0000006f) 
0 3 000000008000052c (0x0000006f) 
0 3 000000008000052c (0x0000006f) 
0 3 000000008000052c (0x0000006f) 
0 3 000000008000052c (0x0000006f) 
0 3 000000008000052c (0x0000006f) 
0 3 000000008000052c (0x0000006f) 
0 3 000000008000052c (0x0000006f) 
0 3 000000008000052c (0x0000006f) 
0 3 000000008000052c (0x0000006f) 
0 3 000000008000052c (0x0000006f) 
0 3 000000008000052c (0x0000006f) 
0 3 000000008000052c (0x0000006f) 
0 3 000000008000052c (0x0000006f) 
0 3 000000008000052c (0x0000006f) 
0 3 000000008000052c (0x0000006f) 
0 3 000000008000052c (0x0000006f) 
0 3 000000008000052c (0x0000006f) 
0 3 000000008000052c (0x0000006f) 
0 3 000000008000052c (0x0000006f) 
0 3 000000008000052c (0x0000006f) 
0 3 000000008000052c (0x0000006f) 
0 3 000000008000052c (0x0000006f) 
0 3 000000008000052c (0x0000006f) 
0 3 000000008000052c (0x0000006f) 
0 3 000000008000052c (0x0000006f) 
0 3 000000008000052c (0x0000006f) 
0 3 000000008000052c (0x0000006f) 
0 3 000000008000052c (0x0000006f) 
0 3 000000008000052c (0x0000006f) 
0 3 000000008000052c (0x0000006f) 
0 3 000000008000052c (0x0000006f) 
0 3 000000008000052c (0x0000006f) 
0 3 000000008000052c (0x0000006f) 
0 3 000000008000052c (0x0000006f) 
0 3 000000008000052c (0x0000006f) 
0 3 000000008000052c (0x0000006f) 
0 3 000000008000052c (0x0000006f) 
0 3 000000008000052c (0x0000006f) 
0 3 000000008000052c (0x0000006f) 
0 3 000000008000052c (0x0000006f) 
0 3 000000008000052c (0x0000006f) 
0 3 000000008000052c (0x0000006f) 
0 3 000000008000052c (0x0000006f) 
0 3 000000008000052c (0x0000006f) 
0 3 000000008000052c (0x0000006f) 
0 3 000000008000052c (0x0000006f) 
0 3 000000008000052c (0x0000006f) 
0 3 000000008000052c (0x0000006f) 
0 3 000000008000052c (0x0000006f) 
0 3 000000008000052c (0x0000006f) 
0 3 000000008000052c (0x0000006f) 
0 3 000000008000052c (0x0000006f) 
0 3 000000008000052c (0x0000006f) 
0 3 000000008000052c (0x0000006f) 
0 3 000000008000052c (0x0000006f) 
0 3 000000008000052c (0x0000006f) 
0 3 000000008000052c (0x0000006f) 
0 3 000000008000052c (0x0000006f) 
0 3 000000008000052c (0x0000006f) 
0 3 000000008000052c (0x0000006f) 
0 3 000000008000052c (0x0000006f) 
0 3 000000008000052c (0x0000006f) 
0 3 000000008000052c (0x0000006f) 
0 3 000000008000052c (0x0000006f) 
0 3 000000008000052c (0x0000006f) 
0 3 000000008000052c (0x0000006f) 
0 3 000000008000052c (0x0000006f) 
0 3 000000008000052c (0x0000006f) 
0 3 000000008000052c (0x0000006f) 
0 3 000000008000052c (0x0000006f) 
0 3 000000008000052c (0x0000006f) 
0 3 000000008000052c (0x0000006f) 
0 3 000000008000052c (0x0000006f) 
0 3 000000008000052c (0x0000006f) 
0 3 000000008000052c (0x0000006f) 
0 3 000000008000052c (0x0000006f) 
0 3 000000008000052c (0x0000006f) 
0 3 000000008000052c (0x0000006f) 
0 3 000000008000052c (0x0000006f) 
0 3 000000008000052c (0x0000006f) 
0 3 000000008000052c (0x0000006f) 
0 3 000000008000052c (0x0000006f) 
0 3 000000008000052c (0x0000006f) 
0 3 000000008000052c (0x0000006f) 
0 3 000000008000052c (0x0000006f) 
0 3 000000008000052c (0x0000006f) 
0 3 000000008000052c (0x0000006f) 
0 3 000000008000052c (0x0000006f) 
0 3 000000008000052c (0x0000006f) 
0 3 000000008000052c (0x0000006f) 
0 3 000000008000052c (0x0000006f) 
0 3 000000008000052c (0x0000006f) 
0 3 000000008000052c (0x0000006f) 
0 3 000000008000052c (0x0000006f) 
0 3 000000008000052c (0x0000006f) 
0 3 000000008000052c (0x0000006f) 
0 3 000000008000052c (0x0000006f) 
0 3 000000008000052c (0x0000006f) 
0 3 000000008000052c (0x0000006f) 
0 3 000000008000052c (0x0000006f) 
0 3 000000008000052c (0x0000006f) 
0 3 000000008000052c (0x0000006f) 
0 3 000000008000052c (0x0000006f) 
0 3 000000008000052c (0x0000006f) 
0 3 000000008000052c (0x0000006f) 
0 3 000000008000052c (0x0000006f) 
0 3 000000008000052c (0x0000006f) 
0 3 000000008000052c (0x0000006f) 
0 3 000000008000052c (0x0000006f) 
0 3 000000008000052c (0x0000006f) 
0 3 000000008000052c (0x0000006f) 
0 3 000000008000052c (0x0000006f) 
0 3 000000008000052c (0x0000006f) 
0 3 000000008000052c (0x0000006f) 
0 3 000000008000052c (0x0000006f) 
0 3 000000008000052c (0x0000006f) 
0 3 000000008000052c (0x0000006f) 
0 3 000000008000052c (0x0000006f) 
0 3 000000008000052c (0x0000006f) 
0 3 000000008000052c (0x0000006f) 
0 3 000000008000052c (0x0000006f) 
0 3 000000008000052c (0x0000006f) 
0 3 000000008000052c (0x0000006f) 
0 3 000000008000052c (0x0000006f) 
0 3 000000008000052c (0x0000006f) 
0 3 000000008000052c (0x0000006f) 
0 3 000000008000052c (0x0000006f) 
0 3 000000008000052c (0x0000006f) 
0 3 000000008000052c (0x0000006f) 
0 3 000000008000052c (0x0000006f) 
0 3 000000008000052c (0x0000006f) 
0 3 000000008000052c (0x0000006f) 
0 3 000000008000052c (0x0000006f) 
0 3 000000008000052c (0x0000006f) 
0 3 000000008000052c (0x0000006f) 
0 3 000000008000052c (0x0000006f) 
0 3 000000008000052c (0x0000006f) 
0 3 000000008000052c (0x0000006f) 
0 3 000000008000052c (0x0000006f) 
0 3 000000008000052c (0x0000006f) 
0 3 000000008000052c (0x0000006f) 
0 3 000000008000052c (0x0000006f) 
0 3 000000008000052c (0x0000006f) 
0 3 000000008000052c (0x0000006f) 
0 3 000000008000052c (0x0000006f) 
0 3 000000008000052c (0x0000006f) 
0 3 000000008000052c (0x0000006f) 
0 3 000000008000052c (0x0000006f) 
0 3 000000008000052c (0x0000006f) 
0 3 000000008000052c (0x0000006f) 
0 3 000000008000052c (0x0000006f) 
0 3 000000008000052c (0x0000006f) 
0 3 000000008000052c (0x0000006f) 
0 3 000000008000052c (0x0000006f) 
0 3 000000008000052c (0x0000006f) 
0 3 000000008000052c (0x0000006f) 
0 3 000000008000052c (0x0000006f) 
0 3 000000008000052c (0x0000006f) 
0 3 000000008000052c (0x0000006f) 
0 3 000000008000052c (0x0000006f) 
0 3 000000008000052c (0x0000006f) 
0 3 000000008000052c (0x0000006f) 
0 3 000000008000052c (0x0000006f) 
0 3 000000008000052c (0x0000006f) 
0 3 000000008000052c (0x0000006f) 
0 3 000000008000052c (0x0000006f) 
0 3 000000008000052c (0x0000006f) 
0 3 000000008000052c (0x0000006f) 
0 3 000000008000052c (0x0000006f) 
0 3 000000008000052c (0x0000006f) 
0 3 000000008000052c (0x0000006f) 
0 3 000000008000052c (0x0000006f) 
0 3 000000008000052c (0x0000006f) 
0 3 000000008000052c (0x0000006f) 
0 3 000000008000052c (0x0000006f) 
0 3 000000008000052c (0x0000006f) 
0 3 000000008000052c (0x0000006f) 
0 3 000000008000052c (0x0000006f) 
0 3 000000008000052c (0x0000006f) 
0 3 000000008000052c (0x0000006f) 
0 3 000000008000052c (0x0000006f) 
0 3 000000008000052c (0x0000006f) 
0 3 000000008000052c (0x0000006f) 
0 3 000000008000052c (0x0000006f) 
0 3 000000008000052c (0x0000006f) 
0 3 000000008000052c (0x0000006f) 
0 3 000000008000052c (0x0000006f) 
0 3 000000008000052c (0x0000006f) 
0 3 000000008000052c (0x0000006f) 
0 3 000000008000052c (0x0000006f) 
0 3 000000008000052c (0x0000006f) 
0 3 000000008000052c (0x0000006f) 
0 3 000000008000052c (0x0000006f) 
0 3 000000008000052c (0x0000006f) 
0 3 000000008000052c (0x0000006f) 
0 3 000000008000052c (0x0000006f) 
0 3 000000008000052c (0x0000006f) 
0 3 000000008000052c (0x0000006f) 
0 3 000000008000052c (0x0000006f) 
0 3 000000008000052c (0x0000006f) 
0 3 000000008000052c (0x0000006f) 
0 3 000000008000052c (0x0000006f) 
0 3 000000008000052c (0x0000006f) 
0 3 000000008000052c (0x0000006f) 
0 3 000000008000052c (0x0000006f) 
0 3 000000008000052c (0x0000006f) 
0 3 000000008000052c (0x0000006f) 
0 3 000000008000052c (0x0000006f) 
0 3 000000008000052c (0x0000006f) 
0 3 000000008000052c (0x0000006f) 
0 3 000000008000052c (0x0000006f) 
0 3 000000008000052c (0x0000006f) 
0 3 000000008000052c (0x0000006f) 
0 3 000000008000052c (0x0000006f) 
0 3 000000008000052c (0x0000006f) 
0 3 000000008000052c (0x0000006f) 
0 3 000000008000052c (0x0000006f) 
0 3 000000008000052c (0x0000006f) 
0 3 000000008000052c (0x0000006f) 
0 3 000000008000052c (0x0000006f) 
0 3 000000008000052c (0x0000006f) 
0 3 000000008000052c (0x0000006f) 
0 3 000000008000052c (0x0000006f) 
0 3 000000008000052c (0x0000006f) 
0 3 000000008000052c (0x0000006f) 
0 3 000000008000052c (0x0000006f) 
0 3 000000008000052c (0x0000006f) 
0 3 000000008000052c (0x0000006f) 
0 3 000000008000052c (0x0000006f) 
0 3 000000008000052c (0x0000006f) 
0 3 000000008000052c (0x0000006f) 
0 3 000000008000052c (0x0000006f) 
0 3 000000008000052c (0x0000006f) 
0 3 000000008000052c (0x0000006f) 
0 3 000000008000052c (0x0000006f) 
0 3 000000008000052c (0x0000006f) 
0 3 000000008000052c (0x0000006f) 
0 3 000000008000052c (0x0000006f) 
0 3 000000008000052c (0x0000006f) 
0 3 000000008000052c (0x0000006f) 
0 3 000000008000052c (0x0000006f) 
0 3 000000008000052c (0x0000006f) 
0 3 000000008000052c (0x0000006f) 
0 3 000000008000052c (0x0000006f) 
0 3 000000008000052c (0x0000006f) 
0 3 000000008000052c (0x0000006f) 
0 3 000000008000052c (0x0000006f) 
0 3 000000008000052c (0x0000006f) 
0 3 000000008000052c (0x0000006f) 
0 3 000000008000052c (0x0000006f) 
0 3 000000008000052c (0x0000006f) 
0 3 000000008000052c (0x0000006f) 
0 3 000000008000052c (0x0000006f) 
0 3 000000008000052c (0x0000006f) 
0 3 000000008000052c (0x0000006f) 
0 3 000000008000052c (0x0000006f) 
0 3 000000008000052c (0x0000006f) 
0 3 000000008000052c (0x0000006f) 
0 3 000000008000052c (0x0000006f) 
0 3 000000008000052c (0x0000006f) 
0 3 000000008000052c (0x0000006f) 
0 3 000000008000052c (0x0000006f) 
0 3 000000008000052c (0x0000006f) 
0 3 000000008000052c (0x0000006f) 
0 3 000000008000052c (0x0000006f) 
0 3 000000008000052c (0x0000006f) 
0 3 000000008000052c (0x0000006f) 
0 3 000000008000052c (0x0000006f) 
0 3 000000008000052c (0x0000006f) 
0 3 000000008000052c (0x0000006f) 
0 3 000000008000052c (0x0000006f) 
0 3 000000008000052c (0x0000006f) 
0 3 000000008000052c (0x0000006f) 
0 3 000000008000052c (0x0000006f) 
0 3 000000008000052c (0x0000006f) 
0 3 000000008000052c (0x0000006f) 
0 3 000000008000052c (0x0000006f) 
0 3 000000008000052c (0x0000006f) 
0 3 000000008000052c (0x0000006f) 
0 3 000000008000052c (0x0000006f) 
0 3 000000008000052c (0x0000006f) 
0 3 000000008000052c (0x0000006f) 
0 3 000000008000052c (0x0000006f) 
0 3 000000008000052c (0x0000006f) 
0 3 000000008000052c (0x0000006f) 
0 3 000000008000052c (0x0000006f) 
0 3 000000008000052c (0x0000006f) 
0 3 000000008000052c (0x0000006f) 
0 3 000000008000052c (0x0000006f) 
0 3 000000008000052c (0x0000006f) 
0 3 000000008000052c (0x0000006f) 
0 3 000000008000052c (0x0000006f) 
0 3 000000008000052c (0x0000006f) 
0 3 000000008000052c (0x0000006f) 
0 3 000000008000052c (0x0000006f) 
0 3 000000008000052c (0x0000006f) 
0 3 000000008000052c (0x0000006f) 
0 3 000000008000052c (0x0000006f) 
0 3 000000008000052c (0x0000006f) 
0 3 000000008000052c (0x0000006f) 
0 3 000000008000052c (0x0000006f) 
0 3 000000008000052c (0x0000006f) 
0 3 000000008000052c (0x0000006f) 
0 3 000000008000052c (0x0000006f) 
0 3 000000008000052c (0x0000006f) 
0 3 000000008000052c (0x0000006f) 
0 3 000000008000052c (0x0000006f) 
0 3 000000008000052c (0x0000006f) 
0 3 000000008000052c (0x0000006f) 
0 3 000000008000052c (0x0000006f) 
0 3 000000008000052c (0x0000006f) 
0 3 000000008000052c (0x0000006f) 
0 3 000000008000052c (0x0000006f) 
0 3 000000008000052c (0x0000006f) 
0 3 000000008000052c (0x0000006f) 
0 3 000000008000052c (0x0000006f) 
0 3 000000008000052c (0x0000006f) 
0 3 000000008000052c (0x0000006f) 
0 3 000000008000052c (0x0000006f) 
0 3 000000008000052c (0x0000006f) 
0 3 000000008000052c (0x0000006f) 
0 3 000000008000052c (0x0000006f) 
0 3 000000008000052c (0x0000006f) 
0 3 000000008000052c (0x0000006f) 
0 3 000000008000052c (0x0000006f) 
0 3 000000008000052c (0x0000006f) 
0 3 000000008000052c (0x0000006f) 
0 3 000000008000052c (0x0000006f) 
0 3 000000008000052c (0x0000006f) 
0 3 000000008000052c (0x0000006f) 
0 3 000000008000052c (0x0000006f) 
0 3 000000008000052c (0x0000006f) 
0 3 000000008000052c (0x0000006f) 
0 3 000000008000052c (0x0000006f) 
0 3 000000008000052c (0x0000006f) 
0 3 000000008000052c (0x0000006f) 
0 3 000000008000052c (0x0000006f) 
0 3 000000008000052c (0x0000006f) 
0 3 000000008000052c (0x0000006f) 
0 3 000000008000052c (0x0000006f) 
0 3 000000008000052c (0x0000006f) 
0 3 000000008000052c (0x0000006f) 
0 3 000000008000052c (0x0000006f) 
0 3 000000008000052c (0x0000006f) 
0 3 000000008000052c (0x0000006f) 
0 3 000000008000052c (0x0000006f) 
0 3 000000008000052c (0x0000006f) 
0 3 000000008000052c (0x0000006f) 
0 3 000000008000052c (0x0000006f) 
0 3 000000008000052c (0x0000006f) 
0 3 000000008000052c (0x0000006f) 
0 3 000000008000052c (0x0000006f) 
0 3 000000008000052c (0x0000006f) 
0 3 000000008000052c (0x0000006f) 
0 3 000000008000052c (0x0000006f) 
0 3 000000008000052c (0x0000006f) 
0 3 000000008000052c (0x0000006f) 
0 3 000000008000052c (0x0000006f) 
0 3 000000008000052c (0x0000006f) 
0 3 000000008000052c (0x0000006f) 
0 3 000000008000052c (0x0000006f) 
0 3 000000008000052c (0x0000006f) 
0 3 000000008000052c (0x0000006f) 
0 3 000000008000052c (0x0000006f) 
0 3 000000008000052c (0x0000006f) 
0 3 000000008000052c (0x0000006f) 
0 3 000000008000052c (0x0000006f) 
0 3 000000008000052c (0x0000006f) 
0 3 000000008000052c (0x0000006f) 
0 3 000000008000052c (0x0000006f) 
0 3 000000008000052c (0x0000006f) 
0 3 000000008000052c (0x0000006f) 
0 3 000000008000052c (0x0000006f) 
0 3 000000008000052c (0x0000006f) 
0 3 000000008000052c (0x0000006f) 
0 3 000000008000052c (0x0000006f) 
0 3 000000008000052c (0x0000006f) 
0 3 000000008000052c (0x0000006f) 
0 3 000000008000052c (0x0000006f) 
0 3 000000008000052c (0x0000006f) 
0 3 000000008000052c (0x0000006f) 
0 3 000000008000052c (0x0000006f) 
0 3 000000008000052c (0x0000006f) 
0 3 000000008000052c (0x0000006f) 
0 3 000000008000052c (0x0000006f) 
0 3 000000008000052c (0x0000006f) 
0 3 000000008000052c (0x0000006f) 
0 3 000000008000052c (0x0000006f) 
0 3 000000008000052c (0x0000006f) 
0 3 000000008000052c (0x0000006f) 
0 3 000000008000052c (0x0000006f) 
0 3 000000008000052c (0x0000006f) 
0 3 000000008000052c (0x0000006f) 
0 3 000000008000052c (0x0000006f) 
0 3 000000008000052c (0x0000006f) 
0 3 000000008000052c (0x0000006f) 
0 3 000000008000052c (0x0000006f) 
0 3 000000008000052c (0x0000006f) 
0 3 000000008000052c (0x0000006f) 
0 3 000000008000052c (0x0000006f) 
0 3 000000008000052c (0x0000006f) 
0 3 000000008000052c (0x0000006f) 
0 3 000000008000052c (0x0000006f) 
0 3 000000008000052c (0x0000006f) 
0 3 000000008000052c (0x0000006f) 
0 3 000000008000052c (0x0000006f) 
0 3 000000008000052c (0x0000006f) 
0 3 000000008000052c (0x0000006f) 
0 3 000000008000052c (0x0000006f) 
0 3 000000008000052c (0x0000006f) 
0 3 000000008000052c (0x0000006f) 
0 3 000000008000052c (0x0000006f) 
0 3 000000008000052c (0x0000006f) 
0 3 000000008000052c (0x0000006f) 
0 3 000000008000052c (0x0000006f) 
0 3 000000008000052c (0x0000006f) 
0 3 000000008000052c (0x0000006f) 
0 3 000000008000052c (0x0000006f) 
0 3 000000008000052c (0x0000006f) 
0 3 000000008000052c (0x0000006f) 
0 3 000000008000052c (0x0000006f) 
0 3 000000008000052c (0x0000006f) 
0 3 000000008000052c (0x0000006f) 
0 3 000000008000052c (0x0000006f) 
0 3 000000008000052c (0x0000006f) 
0 3 000000008000052c (0x0000006f) 
0 3 000000008000052c (0x0000006f) 
0 3 000000008000052c (0x0000006f) 
0 3 000000008000052c (0x0000006f) 
0 3 000000008000052c (0x0000006f) 
0 3 000000008000052c (0x0000006f) 
0 3 000000008000052c (0x0000006f) 
0 3 000000008000052c (0x0000006f) 
0 3 000000008000052c (0x0000006f) 
0 3 000000008000052c (0x0000006f) 
0 3 000000008000052c (0x0000006f) 
0 3 000000008000052c (0x0000006f) 
0 3 000000008000052c (0x0000006f) 
0 3 000000008000052c (0x0000006f) 
0 3 000000008000052c (0x0000006f) 
0 3 000000008000052c (0x0000006f) 
0 3 000000008000052c (0x0000006f) 
0 3 000000008000052c (0x0000006f) 
0 3 000000008000052c (0x0000006f) 
0 3 000000008000052c (0x0000006f) 
0 3 000000008000052c (0x0000006f) 
0 3 000000008000052c (0x0000006f) 
0 3 000000008000052c (0x0000006f) 
0 3 000000008000052c (0x0000006f) 
0 3 000000008000052c (0x0000006f) 
0 3 000000008000052c (0x0000006f) 
0 3 000000008000052c (0x0000006f) 
0 3 000000008000052c (0x0000006f) 
0 3 000000008000052c (0x0000006f) 
0 3 000000008000052c (0x0000006f) 
0 3 000000008000052c (0x0000006f) 
0 3 000000008000052c (0x0000006f) 
0 3 000000008000052c (0x0000006f) 
0 3 000000008000052c (0x0000006f) 
0 3 000000008000052c (0x0000006f) 
0 3 000000008000052c (0x0000006f) 
0 3 000000008000052c (0x0000006f) 
0 3 000000008000052c (0x0000006f) 
0 3 000000008000052c (0x0000006f) 
0 3 000000008000052c (0x0000006f) 
0 3 000000008000052c (0x0000006f) 
0 3 000000008000052c (0x0000006f) 
0 3 000000008000052c (0x0000006f) 
0 3 000000008000052c (0x0000006f) 
0 3 000000008000052c (0x0000006f) 
0 3 000000008000052c (0x0000006f) 
0 3 000000008000052c (0x0000006f) 
0 3 000000008000052c (0x0000006f) 
0 3 000000008000052c (0x0000006f) 
0 3 000000008000052c (0x0000006f) 
0 3 000000008000052c (0x0000006f) 
0 3 000000008000052c (0x0000006f) 
0 3 000000008000052c (0x0000006f) 
0 3 000000008000052c (0x0000006f) 
0 3 000000008000052c (0x0000006f) 
0 3 000000008000052c (0x0000006f) 
0 3 000000008000052c (0x0000006f) 
0 3 000000008000052c (0x0000006f) 
0 3 000000008000052c (0x0000006f) 
0 3 000000008000052c (0x0000006f) 
0 3 000000008000052c (0x0000006f) 
0 3 000000008000052c (0x0000006f) 
0 3 000000008000052c (0x0000006f) 
0 3 000000008000052c (0x0000006f) 
0 3 000000008000052c (0x0000006f) 
0 3 000000008000052c (0x0000006f) 
0 3 000000008000052c (0x0000006f) 
0 3 000000008000052c (0x0000006f) 
0 3 000000008000052c (0x0000006f) 
0 3 000000008000052c (0x0000006f) 
0 3 000000008000052c (0x0000006f) 
0 3 000000008000052c (0x0000006f) 
0 3 000000008000052c (0x0000006f) 
0 3 000000008000052c (0x0000006f) 
0 3 000000008000052c (0x0000006f) 
0 3 000000008000052c (0x0000006f) 
0 3 000000008000052c (0x0000006f) 
0 3 000000008000052c (0x0000006f) 
0 3 000000008000052c (0x0000006f) 
0 3 000000008000052c (0x0000006f) 
0 3 000000008000052c (0x0000006f) 
0 3 000000008000052c (0x0000006f) 
0 3 000000008000052c (0x0000006f) 
0 3 000000008000052c (0x0000006f) 
0 3 000000008000052c (0x0000006f) 
0 3 000000008000052c (0x0000006f) 
0 3 000000008000052c (0x0000006f) 
0 3 000000008000052c (0x0000006f) 
0 3 000000008000052c (0x0000006f) 
0 3 000000008000052c (0x0000006f) 
0 3 000000008000052c (0x0000006f) 
0 3 000000008000052c (0x0000006f) 
0 3 000000008000052c (0x0000006f) 
0 3 000000008000052c (0x0000006f) 
0 3 000000008000052c (0x0000006f) 
0 3 000000008000052c (0x0000006f) 
0 3 000000008000052c (0x0000006f) 
0 3 000000008000052c (0x0000006f) 
0 3 000000008000052c (0x0000006f) 
0 3 000000008000052c (0x0000006f) 
0 3 000000008000052c (0x0000006f) 
0 3 000000008000052c (0x0000006f) 
0 3 000000008000052c (0x0000006f) 
0 3 000000008000052c (0x0000006f) 
0 3 000000008000052c (0x0000006f) 
0 3 000000008000052c (0x0000006f) 
0 3 000000008000052c (0x0000006f) 
0 3 000000008000052c (0x0000006f) 
0 3 000000008000052c (0x0000006f) 
0 3 000000008000052c (0x0000006f) 
0 3 000000008000052c (0x0000006f) 
0 3 000000008000052c (0x0000006f) 
0 3 000000008000052c (0x0000006f) 
0 3 000000008000052c (0x0000006f) 
0 3 000000008000052c (0x0000006f) 
0 3 000000008000052c (0x0000006f) 
0 3 000000008000052c (0x0000006f) 
0 3 000000008000052c (0x0000006f) 
0 3 000000008000052c (0x0000006f) 
0 3 000000008000052c (0x0000006f) 
0 3 000000008000052c (0x0000006f) 
0 3 000000008000052c (0x0000006f) 
0 3 000000008000052c (0x0000006f) 
0 3 000000008000052c (0x0000006f) 
0 3 000000008000052c (0x0000006f) 
0 3 000000008000052c (0x0000006f) 
0 3 000000008000052c (0x0000006f) 
0 3 000000008000052c (0x0000006f) 
0 3 000000008000052c (0x0000006f) 
0 3 000000008000052c (0x0000006f) 
0 3 000000008000052c (0x0000006f) 
0 3 000000008000052c (0x0000006f) 
0 3 000000008000052c (0x0000006f) 
0 3 000000008000052c (0x0000006f) 
0 3 000000008000052c (0x0000006f) 
0 3 000000008000052c (0x0000006f) 
0 3 000000008000052c (0x0000006f) 
0 3 000000008000052c (0x0000006f) 
0 3 000000008000052c (0x0000006f) 
0 3 000000008000052c (0x0000006f) 
0 3 000000008000052c (0x0000006f) 
0 3 000000008000052c (0x0000006f) 
0 3 000000008000052c (0x0000006f) 
0 3 000000008000052c (0x0000006f) 
0 3 000000008000052c (0x0000006f) 
0 3 000000008000052c (0x0000006f) 
0 3 000000008000052c (0x0000006f) 
0 3 000000008000052c (0x0000006f) 
0 3 000000008000052c (0x0000006f) 
0 3 000000008000052c (0x0000006f) 
0 3 000000008000052c (0x0000006f) 
0 3 000000008000052c (0x0000006f) 
0 3 000000008000052c (0x0000006f) 
0 3 000000008000052c (0x0000006f) 
0 3 000000008000052c (0x0000006f) 
0 3 000000008000052c (0x0000006f) 
0 3 000000008000052c (0x0000006f) 
0 3 000000008000052c (0x0000006f) 
0 3 000000008000052c (0x0000006f) 
0 3 000000008000052c (0x0000006f) 
0 3 000000008000052c (0x0000006f) 
0 3 000000008000052c (0x0000006f) 
0 3 000000008000052c (0x0000006f) 
0 3 000000008000052c (0x0000006f) 
0 3 000000008000052c (0x0000006f) 
0 3 000000008000052c (0x0000006f) 
0 3 000000008000052c (0x0000006f) 
0 3 000000008000052c (0x0000006f) 
0 3 000000008000052c (0x0000006f) 
0 3 000000008000052c (0x0000006f) 
0 3 000000008000052c (0x0000006f) 
0 3 000000008000052c (0x0000006f) 
0 3 000000008000052c (0x0000006f) 
0 3 000000008000052c (0x0000006f) 
0 3 000000008000052c (0x0000006f) 
0 3 000000008000052c (0x0000006f) 
0 3 000000008000052c (0x0000006f) 
0 3 000000008000052c (0x0000006f) 
0 3 000000008000052c (0x0000006f) 
0 3 000000008000052c (0x0000006f) 
0 3 000000008000052c (0x0000006f) 
0 3 000000008000052c (0x0000006f) 
0 3 000000008000052c (0x0000006f) 
0 3 000000008000052c (0x0000006f) 
0 3 000000008000052c (0x0000006f) 
0 3 000000008000052c (0x0000006f) 
0 3 000000008000052c (0x0000006f) 
0 3 000000008000052c (0x0000006f) 
0 3 000000008000052c (0x0000006f) 
0 3 000000008000052c (0x0000006f) 
0 3 000000008000052c (0x0000006f) 
0 3 000000008000052c (0x0000006f) 
0 3 000000008000052c (0x0000006f) 
0 3 000000008000052c (0x0000006f) 
0 3 000000008000052c (0x0000006f) 
0 3 000000008000052c (0x0000006f) 
0 3 000000008000052c (0x0000006f) 
0 3 000000008000052c (0x0000006f) 
0 3 000000008000052c (0x0000006f) 
0 3 000000008000052c (0x0000006f) 
0 3 000000008000052c (0x0000006f) 
0 3 000000008000052c (0x0000006f) 
0 3 000000008000052c (0x0000006f) 
0 3 000000008000052c (0x0000006f) 
0 3 000000008000052c (0x0000006f) 
0 3 000000008000052c (0x0000006f) 
0 3 000000008000052c (0x0000006f) 
0 3 000000008000052c (0x0000006f) 
0 3 000000008000052c (0x0000006f) 
0 3 000000008000052c (0x0000006f) 
0 3 000000008000052c (0x0000006f) 
0 3 000000008000052c (0x0000006f) 
0 3 000000008000052c (0x0000006f) 
0 3 000000008000052c (0x0000006f) 
0 3 000000008000052c (0x0000006f) 
0 3 000000008000052c (0x0000006f) 
0 3 000000008000052c (0x0000006f) 
0 3 000000008000052c (0x0000006f) 
0 3 000000008000052c (0x0000006f) 
0 3 000000008000052c (0x0000006f) 
0 3 000000008000052c (0x0000006f) 
0 3 000000008000052c (0x0000006f) 
0 3 000000008000052c (0x0000006f) 
0 3 000000008000052c (0x0000006f) 
0 3 000000008000052c (0x0000006f) 
0 3 000000008000052c (0x0000006f) 
0 3 000000008000052c (0x0000006f) 
0 3 000000008000052c (0x0000006f) 
0 3 000000008000052c (0x0000006f) 
0 3 000000008000052c (0x0000006f) 
0 3 000000008000052c (0x0000006f) 
0 3 000000008000052c (0x0000006f) 
0 3 000000008000052c (0x0000006f) 
0 3 000000008000052c (0x0000006f) 
0 3 000000008000052c (0x0000006f) 
0 3 000000008000052c (0x0000006f) 
0 3 000000008000052c (0x0000006f) 
0 3 000000008000052c (0x0000006f) 
0 3 000000008000052c (0x0000006f) 
0 3 000000008000052c (0x0000006f) 
0 3 000000008000052c (0x0000006f) 
0 3 000000008000052c (0x0000006f) 
0 3 000000008000052c (0x0000006f) 
0 3 000000008000052c (0x0000006f) 
0 3 000000008000052c (0x0000006f) 
0 3 000000008000052c (0x0000006f) 
0 3 000000008000052c (0x0000006f) 
0 3 000000008000052c (0x0000006f) 
0 3 000000008000052c (0x0000006f) 
0 3 000000008000052c (0x0000006f) 
0 3 000000008000052c (0x0000006f) 
0 3 000000008000052c (0x0000006f) 
0 3 000000008000052c (0x0000006f) 
0 3 000000008000052c (0x0000006f) 
0 3 000000008000052c (0x0000006f) 
0 3 000000008000052c (0x0000006f) 
0 3 000000008000052c (0x0000006f) 
0 3 000000008000052c (0x0000006f) 
0 3 000000008000052c (0x0000006f) 
0 3 000000008000052c (0x0000006f) 
0 3 000000008000052c (0x0000006f) 
0 3 000000008000052c (0x0000006f) 
0 3 000000008000052c (0x0000006f) 
0 3 000000008000052c (0x0000006f) 
0 3 000000008000052c (0x0000006f) 
0 3 000000008000052c (0x0000006f) 
0 3 000000008000052c (0x0000006f) 
0 3 000000008000052c (0x0000006f) 
0 3 000000008000052c (0x0000006f) 
0 3 000000008000052c (0x0000006f) 
0 3 000000008000052c (0x0000006f) 
0 3 000000008000052c (0x0000006f) 
0 3 000000008000052c (0x0000006f) 
0 3 000000008000052c (0x0000006f) 
0 3 000000008000052c (0x0000006f) 
0 3 000000008000052c (0x0000006f) 
0 3 000000008000052c (0x0000006f) 
0 3 000000008000052c (0x0000006f) 
0 3 000000008000052c (0x0000006f) 
0 3 000000008000052c (0x0000006f) 
0 3 000000008000052c (0x0000006f) 
0 3 000000008000052c (0x0000006f) 
0 3 000000008000052c (0x0000006f) 
0 3 000000008000052c (0x0000006f) 
0 3 000000008000052c (0x0000006f) 
0 3 000000008000052c (0x0000006f) 
0 3 000000008000052c (0x0000006f) 
0 3 000000008000052c (0x0000006f) 
0 3 000000008000052c (0x0000006f) 
0 3 000000008000052c (0x0000006f) 
0 3 000000008000052c (0x0000006f) 
0 3 000000008000052c (0x0000006f) 
0 3 000000008000052c (0x0000006f) 
0 3 000000008000052c (0x0000006f) 
0 3 000000008000052c (0x0000006f) 
0 3 000000008000052c (0x0000006f) 
0 3 000000008000052c (0x0000006f) 
0 3 000000008000052c (0x0000006f) 
0 3 000000008000052c (0x0000006f) 
0 3 000000008000052c (0x0000006f) 
0 3 000000008000052c (0x0000006f) 
0 3 000000008000052c (0x0000006f) 
0 3 000000008000052c (0x0000006f) 
0 3 000000008000052c (0x0000006f) 
0 3 000000008000052c (0x0000006f) 
0 3 000000008000052c (0x0000006f) 
0 3 000000008000052c (0x0000006f) 
0 3 000000008000052c (0x0000006f) 
0 3 000000008000052c (0x0000006f) 
0 3 000000008000052c (0x0000006f) 
0 3 000000008000052c (0x0000006f) 
0 3 000000008000052c (0x0000006f) 
0 3 000000008000052c (0x0000006f) 
0 3 000000008000052c (0x0000006f) 
0 3 000000008000052c (0x0000006f) 
0 3 000000008000052c (0x0000006f) 
0 3 000000008000052c (0x0000006f) 
0 3 000000008000052c (0x0000006f) 
0 3 000000008000052c (0x0000006f) 
0 3 000000008000052c (0x0000006f) 
0 3 000000008000052c (0x0000006f) 
0 3 000000008000052c (0x0000006f) 
0 3 000000008000052c (0x0000006f) 
0 3 000000008000052c (0x0000006f) 
0 3 000000008000052c (0x0000006f) 
0 3 000000008000052c (0x0000006f) 
0 3 000000008000052c (0x0000006f) 
0 3 000000008000052c (0x0000006f) 
0 3 000000008000052c (0x0000006f) 
0 3 000000008000052c (0x0000006f) 
0 3 000000008000052c (0x0000006f) 
0 3 000000008000052c (0x0000006f) 
0 3 000000008000052c (0x0000006f) 
0 3 000000008000052c (0x0000006f) 
0 3 000000008000052c (0x0000006f) 
0 3 000000008000052c (0x0000006f) 
0 3 000000008000052c (0x0000006f) 
0 3 000000008000052c (0x0000006f) 
0 3 000000008000052c (0x0000006f) 
0 3 000000008000052c (0x0000006f) 
0 3 000000008000052c (0x0000006f) 
0 3 000000008000052c (0x0000006f) 
0 3 000000008000052c (0x0000006f) 
0 3 000000008000052c (0x0000006f) 
0 3 000000008000052c (0x0000006f) 
0 3 000000008000052c (0x0000006f) 
0 3 000000008000052c (0x0000006f) 
0 3 000000008000052c (0x0000006f) 
0 3 000000008000052c (0x0000006f) 
0 3 000000008000052c (0x0000006f) 
0 3 000000008000052c (0x0000006f) 
0 3 000000008000052c (0x0000006f) 
0 3 000000008000052c (0x0000006f) 
0 3 000000008000052c (0x0000006f) 
0 3 000000008000052c (0x0000006f) 
0 3 000000008000052c (0x0000006f) 
0 3 000000008000052c (0x0000006f) 
0 3 000000008000052c (0x0000006f) 
0 3 000000008000052c (0x0000006f) 
0 3 000000008000052c (0x0000006f) 
0 3 000000008000052c (0x0000006f) 
0 3 000000008000052c (0x0000006f) 
0 3 000000008000052c (0x0000006f) 
0 3 000000008000052c (0x0000006f) 
0 3 000000008000052c (0x0000006f) 
0 3 000000008000052c (0x0000006f) 
0 3 000000008000052c (0x0000006f) 
0 3 000000008000052c (0x0000006f) 
0 3 000000008000052c (0x0000006f) 
0 3 000000008000052c (0x0000006f) 
0 3 000000008000052c (0x0000006f) 
0 3 000000008000052c (0x0000006f) 
0 3 000000008000052c (0x0000006f) 
0 3 000000008000052c (0x0000006f) 
0 3 000000008000052c (0x0000006f) 
0 3 000000008000052c (0x0000006f) 
0 3 000000008000052c (0x0000006f) 
0 3 000000008000052c (0x0000006f) 
0 3 000000008000052c (0x0000006f) 
0 3 000000008000052c (0x0000006f) 
0 3 000000008000052c (0x0000006f) 
0 3 000000008000052c (0x0000006f) 
0 3 000000008000052c (0x0000006f) 
0 3 000000008000052c (0x0000006f) 
0 3 000000008000052c (0x0000006f) 
0 3 000000008000052c (0x0000006f) 
0 3 000000008000052c (0x0000006f) 
0 3 000000008000052c (0x0000006f) 
0 3 000000008000052c (0x0000006f) 
0 3 000000008000052c (0x0000006f) 
0 3 000000008000052c (0x0000006f) 
0 3 000000008000052c (0x0000006f) 
0 3 000000008000052c (0x0000006f) 
0 3 000000008000052c (0x0000006f) 
0 3 000000008000052c (0x0000006f) 
0 3 000000008000052c (0x0000006f) 
0 3 000000008000052c (0x0000006f) 
0 3 000000008000052c (0x0000006f) 
0 3 000000008000052c (0x0000006f) 
0 3 000000008000052c (0x0000006f) 
0 3 000000008000052c (0x0000006f) 
0 3 000000008000052c (0x0000006f) 
0 3 000000008000052c (0x0000006f) 
0 3 000000008000052c (0x0000006f) 
0 3 000000008000052c (0x0000006f) 
0 3 000000008000052c (0x0000006f) 
0 3 000000008000052c (0x0000006f) 
0 3 000000008000052c (0x0000006f) 
0 3 000000008000052c (0x0000006f) 
0 3 000000008000052c (0x0000006f) 
0 3 000000008000052c (0x0000006f) 
0 3 000000008000052c (0x0000006f) 
0 3 000000008000052c (0x0000006f) 
0 3 000000008000052c (0x0000006f) 
0 3 000000008000052c (0x0000006f) 
0 3 000000008000052c (0x0000006f) 
0 3 000000008000052c (0x0000006f) 
0 3 000000008000052c (0x0000006f) 
0 3 000000008000052c (0x0000006f) 
0 3 000000008000052c (0x0000006f) 
0 3 000000008000052c (0x0000006f) 
0 3 000000008000052c (0x0000006f) 
0 3 000000008000052c (0x0000006f) 
0 3 000000008000052c (0x0000006f) 
0 3 000000008000052c (0x0000006f) 
0 3 000000008000052c (0x0000006f) 
0 3 000000008000052c (0x0000006f) 
0 3 000000008000052c (0x0000006f) 
0 3 000000008000052c (0x0000006f) 
0 3 000000008000052c (0x0000006f) 
0 3 000000008000052c (0x0000006f) 
0 3 000000008000052c (0x0000006f) 
0 3 000000008000052c (0x0000006f) 
0 3 000000008000052c (0x0000006f) 
0 3 000000008000052c (0x0000006f) 
0 3 000000008000052c (0x0000006f) 
0 3 000000008000052c (0x0000006f) 
0 3 000000008000052c (0x0000006f) 
0 3 000000008000052c (0x0000006f) 
0 3 000000008000052c (0x0000006f) 
0 3 000000008000052c (0x0000006f) 
0 3 000000008000052c (0x0000006f) 
0 3 000000008000052c (0x0000006f) 
0 3 000000008000052c (0x0000006f) 
0 3 000000008000052c (0x0000006f) 
0 3 000000008000052c (0x0000006f) 
0 3 000000008000052c (0x0000006f) 
0 3 000000008000052c (0x0000006f) 
0 3 000000008000052c (0x0000006f) 
0 3 000000008000052c (0x0000006f) 
0 3 000000008000052c (0x0000006f) 
0 3 000000008000052c (0x0000006f) 
0 3 000000008000052c (0x0000006f) 
0 3 000000008000052c (0x0000006f) 
0 3 000000008000052c (0x0000006f) 
0 3 000000008000052c (0x0000006f) 
0 3 000000008000052c (0x0000006f) 
0 3 000000008000052c (0x0000006f) 
0 3 000000008000052c (0x0000006f) 
0 3 000000008000052c (0x0000006f) 
0 3 000000008000052c (0x0000006f) 
0 3 000000008000052c (0x0000006f) 
0 3 000000008000052c (0x0000006f) 
0 3 000000008000052c (0x0000006f) 
0 3 000000008000052c (0x0000006f) 
0 3 000000008000052c (0x0000006f) 
0 3 000000008000052c (0x0000006f) 
0 3 000000008000052c (0x0000006f) 
0 3 000000008000052c (0x0000006f) 
0 3 000000008000052c (0x0000006f) 
0 3 000000008000052c (0x0000006f) 
0 3 000000008000052c (0x0000006f) 
0 3 000000008000052c (0x0000006f) 
0 3 000000008000052c (0x0000006f) 
0 3 000000008000052c (0x0000006f) 
0 3 000000008000052c (0x0000006f) 
0 3 000000008000052c (0x0000006f) 
0 3 000000008000052c (0x0000006f) 
0 3 000000008000052c (0x0000006f) 
0 3 000000008000052c (0x0000006f) 
0 3 000000008000052c (0x0000006f) 
0 3 000000008000052c (0x0000006f) 
0 3 000000008000052c (0x0000006f) 
0 3 000000008000052c (0x0000006f) 
0 3 000000008000052c (0x0000006f) 
0 3 000000008000052c (0x0000006f) 
0 3 000000008000052c (0x0000006f) 
0 3 000000008000052c (0x0000006f) 
0 3 000000008000052c (0x0000006f) 
0 3 000000008000052c (0x0000006f) 
0 3 000000008000052c (0x0000006f) 
0 3 000000008000052c (0x0000006f) 
0 3 000000008000052c (0x0000006f) 
0 3 000000008000052c (0x0000006f) 
0 3 000000008000052c (0x0000006f) 
0 3 000000008000052c (0x0000006f) 
0 3 000000008000052c (0x0000006f) 
0 3 000000008000052c (0x0000006f) 
0 3 000000008000052c (0x0000006f) 
0 3 000000008000052c (0x0000006f) 
0 3 000000008000052c (0x0000006f) 
0 3 000000008000052c (0x0000006f) 
0 3 000000008000052c (0x0000006f) 
0 3 000000008000052c (0x0000006f) 
0 3 000000008000052c (0x0000006f) 
0 3 000000008000052c (0x0000006f) 
0 3 000000008000052c (0x0000006f) 
0 3 000000008000052c (0x0000006f) 
0 3 000000008000052c (0x0000006f) 
0 3 000000008000052c (0x0000006f) 
0 3 000000008000052c (0x0000006f) 
0 3 000000008000052c (0x0000006f) 
0 3 000000008000052c (0x0000006f) 
0 3 000000008000052c (0x0000006f) 
0 3 000000008000052c (0x0000006f) 
0 3 000000008000052c (0x0000006f) 
0 3 000000008000052c (0x0000006f) 
0 3 000000008000052c (0x0000006f) 
0 3 000000008000052c (0x0000006f) 
0 3 000000008000052c (0x0000006f) 
0 3 000000008000052c (0x0000006f) 
0 3 000000008000052c (0x0000006f) 
0 3 000000008000052c (0x0000006f) 
0 3 000000008000052c (0x0000006f) 
0 3 000000008000052c (0x0000006f) 
0 3 000000008000052c (0x0000006f) 
0 3 000000008000052c (0x0000006f) 
0 3 000000008000052c (0x0000006f) 
0 3 000000008000052c (0x0000006f) 
0 3 000000008000052c (0x0000006f) 
0 3 000000008000052c (0x0000006f) 
0 3 000000008000052c (0x0000006f) 
0 3 000000008000052c (0x0000006f) 
0 3 000000008000052c (0x0000006f) 
0 3 000000008000052c (0x0000006f) 
0 3 000000008000052c (0x0000006f) 
0 3 000000008000052c (0x0000006f) 
0 3 000000008000052c (0x0000006f) 
0 3 000000008000052c (0x0000006f) 
0 3 000000008000052c (0x0000006f) 
0 3 000000008000052c (0x0000006f) 
0 3 000000008000052c (0x0000006f) 
0 3 000000008000052c (0x0000006f) 
0 3 000000008000052c (0x0000006f) 
0 3 000000008000052c (0x0000006f) 
0 3 000000008000052c (0x0000006f) 
0 3 000000008000052c (0x0000006f) 
0 3 000000008000052c (0x0000006f) 
0 3 000000008000052c (0x0000006f) 
0 3 000000008000052c (0x0000006f) 
0 3 000000008000052c (0x0000006f) 
0 3 000000008000052c (0x0000006f) 
0 3 000000008000052c (0x0000006f) 
0 3 000000008000052c (0x0000006f) 
0 3 000000008000052c (0x0000006f) 
0 3 000000008000052c (0x0000006f) 
0 3 000000008000052c (0x0000006f) 
0 3 000000008000052c (0x0000006f) 
0 3 000000008000052c (0x0000006f) 
0 3 000000008000052c (0x0000006f) 
0 3 000000008000052c (0x0000006f) 
0 3 000000008000052c (0x0000006f) 
0 3 000000008000052c (0x0000006f) 
0 3 000000008000052c (0x0000006f) 
0 3 000000008000052c (0x0000006f) 
0 3 000000008000052c (0x0000006f) 
0 3 000000008000052c (0x0000006f) 
0 3 000000008000052c (0x0000006f) 
0 3 000000008000052c (0x0000006f) 
0 3 000000008000052c (0x0000006f) 
0 3 000000008000052c (0x0000006f) 
0 3 000000008000052c (0x0000006f) 
0 3 000000008000052c (0x0000006f) 
0 3 000000008000052c (0x0000006f) 
0 3 000000008000052c (0x0000006f) 
0 3 000000008000052c (0x0000006f) 
0 3 000000008000052c (0x0000006f) 
0 3 000000008000052c (0x0000006f) 
0 3 000000008000052c (0x0000006f) 
0 3 000000008000052c (0x0000006f) 
0 3 000000008000052c (0x0000006f) 
0 3 000000008000052c (0x0000006f) 
0 3 000000008000052c (0x0000006f) 
0 3 000000008000052c (0x0000006f) 
0 3 000000008000052c (0x0000006f) 
0 3 000000008000052c (0x0000006f) 
0 3 000000008000052c (0x0000006f) 
0 3 000000008000052c (0x0000006f) 
0 3 000000008000052c (0x0000006f) 
0 3 000000008000052c (0x0000006f) 
0 3 000000008000052c (0x0000006f) 
0 3 000000008000052c (0x0000006f) 
0 3 000000008000052c (0x0000006f) 
0 3 000000008000052c (0x0000006f) 
0 3 000000008000052c (0x0000006f) 
0 3 000000008000052c (0x0000006f) 
0 3 000000008000052c (0x0000006f) 
0 3 000000008000052c (0x0000006f) 
0 3 000000008000052c (0x0000006f) 
0 3 000000008000052c (0x0000006f) 
0 3 000000008000052c (0x0000006f) 
0 3 000000008000052c (0x0000006f) 
0 3 000000008000052c (0x0000006f) 
0 3 000000008000052c (0x0000006f) 
0 3 000000008000052c (0x0000006f) 
0 3 000000008000052c (0x0000006f) 
0 3 000000008000052c (0x0000006f) 
0 3 000000008000052c (0x0000006f) 
0 3 000000008000052c (0x0000006f) 
0 3 000000008000052c (0x0000006f) 
0 3 000000008000052c (0x0000006f) 
0 3 000000008000052c (0x0000006f) 
0 3 000000008000052c (0x0000006f) 
0 3 000000008000052c (0x0000006f) 
0 3 000000008000052c (0x0000006f) 
0 3 000000008000052c (0x0000006f) 
0 3 000000008000052c (0x0000006f) 
0 3 000000008000052c (0x0000006f) 
0 3 000000008000052c (0x0000006f) 
0 3 000000008000052c (0x0000006f) 
0 3 000000008000052c (0x0000006f) 
0 3 000000008000052c (0x0000006f) 
0 3 000000008000052c (0x0000006f) 
0 3 000000008000052c (0x0000006f) 
0 3 000000008000052c (0x0000006f) 
0 3 000000008000052c (0x0000006f) 
0 3 000000008000052c (0x0000006f) 
0 3 000000008000052c (0x0000006f) 
0 3 000000008000052c (0x0000006f) 
0 3 000000008000052c (0x0000006f) 
0 3 000000008000052c (0x0000006f) 
0 3 000000008000052c (0x0000006f) 
0 3 000000008000052c (0x0000006f) 
0 3 000000008000052c (0x0000006f) 
0 3 000000008000052c (0x0000006f) 
0 3 000000008000052c (0x0000006f) 
0 3 000000008000052c (0x0000006f) 
0 3 000000008000052c (0x0000006f) 
0 3 000000008000052c (0x0000006f) 
0 3 000000008000052c (0x0000006f) 
0 3 000000008000052c (0x0000006f) 
0 3 000000008000052c (0x0000006f) 
0 3 000000008000052c (0x0000006f) 
0 3 000000008000052c (0x0000006f) 
0 3 000000008000052c (0x0000006f) 
0 3 000000008000052c (0x0000006f) 
0 3 000000008000052c (0x0000006f) 
0 3 000000008000052c (0x0000006f) 
0 3 000000008000052c (0x0000006f) 
0 3 000000008000052c (0x0000006f) 
0 3 000000008000052c (0x0000006f) 
0 3 000000008000052c (0x0000006f) 
0 3 000000008000052c (0x0000006f) 
0 3 000000008000052c (0x0000006f) 
0 3 000000008000052c (0x0000006f) 
0 3 000000008000052c (0x0000006f) 
0 3 000000008000052c (0x0000006f) 
0 3 000000008000052c (0x0000006f) 
0 3 000000008000052c (0x0000006f) 
0 3 000000008000052c (0x0000006f) 
0 3 000000008000052c (0x0000006f) 
0 3 000000008000052c (0x0000006f) 
0 3 000000008000052c (0x0000006f) 
0 3 000000008000052c (0x0000006f) 
0 3 000000008000052c (0x0000006f) 
0 3 000000008000052c (0x0000006f) 
0 3 000000008000052c (0x0000006f) 
0 3 000000008000052c (0x0000006f) 
0 3 000000008000052c (0x0000006f) 
0 3 000000008000052c (0x0000006f) 
0 3 000000008000052c (0x0000006f) 
0 3 000000008000052c (0x0000006f) 
0 3 000000008000052c (0x0000006f) 
0 3 000000008000052c (0x0000006f) 
0 3 000000008000052c (0x0000006f) 
0 3 000000008000052c (0x0000006f) 
0 3 000000008000052c (0x0000006f) 
0 3 000000008000052c (0x0000006f) 
0 3 000000008000052c (0x0000006f) 
0 3 000000008000052c (0x0000006f) 
0 3 000000008000052c (0x0000006f) 
0 3 000000008000052c (0x0000006f) 
0 3 000000008000052c (0x0000006f) 
0 3 000000008000052c (0x0000006f) 
0 3 000000008000052c (0x0000006f) 
0 3 000000008000052c (0x0000006f) 
0 3 000000008000052c (0x0000006f) 
0 3 000000008000052c (0x0000006f) 
0 3 000000008000052c (0x0000006f) 
0 3 000000008000052c (0x0000006f) 
0 3 000000008000052c (0x0000006f) 
0 3 000000008000052c (0x0000006f) 
0 3 000000008000052c (0x0000006f) 
0 3 000000008000052c (0x0000006f) 
0 3 000000008000052c (0x0000006f) 
0 3 000000008000052c (0x0000006f) 
0 3 000000008000052c (0x0000006f) 
0 3 000000008000052c (0x0000006f) 
0 3 000000008000052c (0x0000006f) 
0 3 000000008000052c (0x0000006f) 
0 3 000000008000052c (0x0000006f) 
0 3 000000008000052c (0x0000006f) 
0 3 000000008000052c (0x0000006f) 
0 3 000000008000052c (0x0000006f) 
0 3 000000008000052c (0x0000006f) 
0 3 000000008000052c (0x0000006f) 
0 3 000000008000052c (0x0000006f) 
0 3 000000008000052c (0x0000006f) 
0 3 000000008000052c (0x0000006f) 
0 3 000000008000052c (0x0000006f) 
0 3 000000008000052c (0x0000006f) 
0 3 000000008000052c (0x0000006f) 
0 3 000000008000052c (0x0000006f) 
0 3 000000008000052c (0x0000006f) 
0 3 000000008000052c (0x0000006f) 
0 3 000000008000052c (0x0000006f) 
0 3 000000008000052c (0x0000006f) 
0 3 000000008000052c (0x0000006f) 
0 3 000000008000052c (0x0000006f) 
0 3 000000008000052c (0x0000006f) 
0 3 000000008000052c (0x0000006f) 
0 3 000000008000052c (0x0000006f) 
0 3 000000008000052c (0x0000006f) 
0 3 000000008000052c (0x0000006f) 
0 3 000000008000052c (0x0000006f) 
0 3 000000008000052c (0x0000006f) 
0 3 000000008000052c (0x0000006f) 
0 3 000000008000052c (0x0000006f) 
0 3 000000008000052c (0x0000006f) 
0 3 000000008000052c (0x0000006f) 
0 3 000000008000052c (0x0000006f) 
0 3 000000008000052c (0x0000006f) 
0 3 000000008000052c (0x0000006f) 
0 3 000000008000052c (0x0000006f) 
0 3 000000008000052c (0x0000006f) 
0 3 000000008000052c (0x0000006f) 
0 3 000000008000052c (0x0000006f) 
0 3 000000008000052c (0x0000006f) 
0 3 000000008000052c (0x0000006f) 
0 3 000000008000052c (0x0000006f) 
0 3 000000008000052c (0x0000006f) 
0 3 000000008000052c (0x0000006f) 
0 3 000000008000052c (0x0000006f) 
0 3 000000008000052c (0x0000006f) 
0 3 000000008000052c (0x0000006f) 
0 3 000000008000052c (0x0000006f) 
0 3 000000008000052c (0x0000006f) 
0 3 000000008000052c (0x0000006f) 
0 3 000000008000052c (0x0000006f) 
0 3 000000008000052c (0x0000006f) 
0 3 000000008000052c (0x0000006f) 
0 3 000000008000052c (0x0000006f) 
0 3 000000008000052c (0x0000006f) 
0 3 000000008000052c (0x0000006f) 
0 3 000000008000052c (0x0000006f) 
0 3 000000008000052c (0x0000006f) 
0 3 000000008000052c (0x0000006f) 
0 3 000000008000052c (0x0000006f) 
0 3 000000008000052c (0x0000006f) 
0 3 000000008000052c (0x0000006f) 
0 3 000000008000052c (0x0000006f) 
0 3 000000008000052c (0x0000006f) 
0 3 000000008000052c (0x0000006f) 
0 3 000000008000052c (0x0000006f) 
0 3 000000008000052c (0x0000006f) 
0 3 000000008000052c (0x0000006f) 
0 3 000000008000052c (0x0000006f) 
0 3 000000008000052c (0x0000006f) 
0 3 000000008000052c (0x0000006f) 
0 3 000000008000052c (0x0000006f) 
0 3 000000008000052c (0x0000006f) 
0 3 000000008000052c (0x0000006f) 
0 3 000000008000052c (0x0000006f) 
0 3 000000008000052c (0x0000006f) 
0 3 000000008000052c (0x0000006f) 
0 3 000000008000052c (0x0000006f) 
0 3 000000008000052c (0x0000006f) 
0 3 000000008000052c (0x0000006f) 
0 3 000000008000052c (0x0000006f) 
0 3 000000008000052c (0x0000006f) 
0 3 000000008000052c (0x0000006f) 
0 3 000000008000052c (0x0000006f) 
0 3 000000008000052c (0x0000006f) 
0 3 000000008000052c (0x0000006f) 
0 3 000000008000052c (0x0000006f) 
0 3 000000008000052c (0x0000006f) 
0 3 000000008000052c (0x0000006f) 
0 3 000000008000052c (0x0000006f) 
0 3 000000008000052c (0x0000006f) 
0 3 000000008000052c (0x0000006f) 
0 3 000000008000052c (0x0000006f) 
0 3 000000008000052c (0x0000006f) 
0 3 000000008000052c (0x0000006f) 
0 3 000000008000052c (0x0000006f) 
0 3 000000008000052c (0x0000006f) 
0 3 000000008000052c (0x0000006f) 
0 3 000000008000052c (0x0000006f) 
0 3 000000008000052c (0x0000006f) 
0 3 000000008000052c (0x0000006f) 
0 3 000000008000052c (0x0000006f) 
0 3 000000008000052c (0x0000006f) 
0 3 000000008000052c (0x0000006f) 
0 3 000000008000052c (0x0000006f) 
0 3 000000008000052c (0x0000006f) 
0 3 000000008000052c (0x0000006f) 
0 3 000000008000052c (0x0000006f) 
0 3 000000008000052c (0x0000006f) 
0 3 000000008000052c (0x0000006f) 
0 3 000000008000052c (0x0000006f) 
0 3 000000008000052c (0x0000006f) 
0 3 000000008000052c (0x0000006f) 
0 3 000000008000052c (0x0000006f) 
0 3 000000008000052c (0x0000006f) 
0 3 000000008000052c (0x0000006f) 
0 3 000000008000052c (0x0000006f) 
0 3 000000008000052c (0x0000006f) 
0 3 000000008000052c (0x0000006f) 
0 3 000000008000052c (0x0000006f) 
0 3 000000008000052c (0x0000006f) 
0 3 000000008000052c (0x0000006f) 
0 3 000000008000052c (0x0000006f) 
0 3 000000008000052c (0x0000006f) 
0 3 000000008000052c (0x0000006f) 
0 3 000000008000052c (0x0000006f) 
0 3 000000008000052c (0x0000006f) 
0 3 000000008000052c (0x0000006f) 
0 3 000000008000052c (0x0000006f) 
0 3 000000008000052c (0x0000006f) 
0 3 000000008000052c (0x0000006f) 
0 3 000000008000052c (0x0000006f) 
0 3 000000008000052c (0x0000006f) 
0 3 000000008000052c (0x0000006f) 
0 3 000000008000052c (0x0000006f) 
0 3 000000008000052c (0x0000006f) 
0 3 000000008000052c (0x0000006f) 
0 3 000000008000052c (0x0000006f) 
0 3 000000008000052c (0x0000006f) 
0 3 000000008000052c (0x0000006f) 
0 3 000000008000052c (0x0000006f) 
0 3 000000008000052c (0x0000006f) 
0 3 000000008000052c (0x0000006f) 
0 3 000000008000052c (0x0000006f) 
0 3 000000008000052c (0x0000006f) 
0 3 000000008000052c (0x0000006f) 
0 3 000000008000052c (0x0000006f) 
0 3 000000008000052c (0x0000006f) 
0 3 000000008000052c (0x0000006f) 
0 3 000000008000052c (0x0000006f) 
0 3 000000008000052c (0x0000006f) 
0 3 000000008000052c (0x0000006f) 
0 3 000000008000052c (0x0000006f) 
0 3 000000008000052c (0x0000006f) 
0 3 000000008000052c (0x0000006f) 
0 3 000000008000052c (0x0000006f) 
0 3 000000008000052c (0x0000006f) 
0 3 000000008000052c (0x0000006f) 
0 3 000000008000052c (0x0000006f) 
0 3 000000008000052c (0x0000006f) 
0 3 000000008000052c (0x0000006f) 
0 3 000000008000052c (0x0000006f) 
0 3 000000008000052c (0x0000006f) 
0 3 000000008000052c (0x0000006f) 
0 3 000000008000052c (0x0000006f) 
0 3 000000008000052c (0x0000006f) 
0 3 000000008000052c (0x0000006f) 
0 3 000000008000052c (0x0000006f) 
0 3 000000008000052c (0x0000006f) 
0 3 000000008000052c (0x0000006f) 
0 3 000000008000052c (0x0000006f) 
0 3 000000008000052c (0x0000006f) 
0 3 000000008000052c (0x0000006f) 
0 3 000000008000052c (0x0000006f) 
0 3 000000008000052c (0x0000006f) 
0 3 000000008000052c (0x0000006f) 
0 3 000000008000052c (0x0000006f) 
0 3 000000008000052c (0x0000006f) 
0 3 000000008000052c (0x0000006f) 
0 3 000000008000052c (0x0000006f) 
0 3 000000008000052c (0x0000006f) 
0 3 000000008000052c (0x0000006f) 
0 3 000000008000052c (0x0000006f) 
0 3 000000008000052c (0x0000006f) 
0 3 000000008000052c (0x0000006f) 
0 3 000000008000052c (0x0000006f) 
0 3 000000008000052c (0x0000006f) 
0 3 000000008000052c (0x0000006f) 
0 3 000000008000052c (0x0000006f) 
0 3 000000008000052c (0x0000006f) 
0 3 000000008000052c (0x0000006f) 
0 3 000000008000052c (0x0000006f) 
0 3 000000008000052c (0x0000006f) 
0 3 000000008000052c (0x0000006f) 
0 3 000000008000052c (0x0000006f) 
0 3 000000008000052c (0x0000006f) 
0 3 000000008000052c (0x0000006f) 
0 3 000000008000052c (0x0000006f) 
0 3 000000008000052c (0x0000006f) 
0 3 000000008000052c (0x0000006f) 
0 3 000000008000052c (0x0000006f) 
0 3 000000008000052c (0x0000006f) 
0 3 000000008000052c (0x0000006f) 
0 3 000000008000052c (0x0000006f) 
0 3 000000008000052c (0x0000006f) 
0 3 000000008000052c (0x0000006f) 
0 3 000000008000052c (0x0000006f) 
0 3 000000008000052c (0x0000006f) 
0 3 000000008000052c (0x0000006f) 
0 3 000000008000052c (0x0000006f) 
0 3 000000008000052c (0x0000006f) 
0 3 000000008000052c (0x0000006f) 
0 3 000000008000052c (0x0000006f) 
0 3 000000008000052c (0x0000006f) 
0 3 000000008000052c (0x0000006f) 
0 3 000000008000052c (0x0000006f) 
0 3 000000008000052c (0x0000006f) 
0 3 000000008000052c (0x0000006f) 
0 3 000000008000052c (0x0000006f) 
0 3 000000008000052c (0x0000006f) 
0 3 000000008000052c (0x0000006f) 
0 3 000000008000052c (0x0000006f) 
0 3 000000008000052c (0x0000006f) 
0 3 000000008000052c (0x0000006f) 
0 3 000000008000052c (0x0000006f) 
0 3 000000008000052c (0x0000006f) 
0 3 000000008000052c (0x0000006f) 
0 3 000000008000052c (0x0000006f) 
0 3 000000008000052c (0x0000006f) 
0 3 000000008000052c (0x0000006f) 
0 3 000000008000052c (0x0000006f) 
0 3 000000008000052c (0x0000006f) 
0 3 000000008000052c (0x0000006f) 
0 3 000000008000052c (0x0000006f) 
0 3 000000008000052c (0x0000006f) 
0 3 000000008000052c (0x0000006f) 
0 3 000000008000052c (0x0000006f) 
0 3 000000008000052c (0x0000006f) 
0 3 000000008000052c (0x0000006f) 
0 3 000000008000052c (0x0000006f) 
0 3 000000008000052c (0x0000006f) 
0 3 000000008000052c (0x0000006f) 
0 3 000000008000052c (0x0000006f) 
0 3 000000008000052c (0x0000006f) 
0 3 000000008000052c (0x0000006f) 
0 3 000000008000052c (0x0000006f) 
0 3 000000008000052c (0x0000006f) 
0 3 000000008000052c (0x0000006f) 
0 3 000000008000052c (0x0000006f) 
0 3 000000008000052c (0x0000006f) 
0 3 000000008000052c (0x0000006f) 
0 3 000000008000052c (0x0000006f) 
0 3 000000008000052c (0x0000006f) 
0 3 000000008000052c (0x0000006f) 
0 3 000000008000052c (0x0000006f) 
0 3 000000008000052c (0x0000006f) 
0 3 000000008000052c (0x0000006f) 
0 3 000000008000052c (0x0000006f) 
0 3 000000008000052c (0x0000006f) 
0 3 000000008000052c (0x0000006f) 
0 3 000000008000052c (0x0000006f) 
0 3 000000008000052c (0x0000006f) 
0 3 000000008000052c (0x0000006f) 
0 3 000000008000052c (0x0000006f) 
0 3 000000008000052c (0x0000006f) 
0 3 000000008000052c (0x0000006f) 
0 3 000000008000052c (0x0000006f) 
0 3 000000008000052c (0x0000006f) 
0 3 000000008000052c (0x0000006f) 
0 3 000000008000052c (0x0000006f) 
0 3 000000008000052c (0x0000006f) 
0 3 000000008000052c (0x0000006f) 
0 3 000000008000052c (0x0000006f) 
0 3 000000008000052c (0x0000006f) 
0 3 000000008000052c (0x0000006f) 
0 3 000000008000052c (0x0000006f) 
0 3 000000008000052c (0x0000006f) 
0 3 000000008000052c (0x0000006f) 
0 3 000000008000052c (0x0000006f) 
0 3 000000008000052c (0x0000006f) 
0 3 000000008000052c (0x0000006f) 
0 3 000000008000052c (0x0000006f) 
0 3 000000008000052c (0x0000006f) 
0 3 000000008000052c (0x0000006f) 
0 3 000000008000052c (0x0000006f) 
0 3 000000008000052c (0x0000006f) 
0 3 000000008000052c (0x0000006f) 
0 3 000000008000052c (0x0000006f) 
0 3 000000008000052c (0x0000006f) 
0 3 000000008000052c (0x0000006f) 
0 3 000000008000052c (0x0000006f) 
0 3 000000008000052c (0x0000006f) 
0 3 000000008000052c (0x0000006f) 
0 3 000000008000052c (0x0000006f) 
0 3 000000008000052c (0x0000006f) 
0 3 000000008000052c (0x0000006f) 
0 3 000000008000052c (0x0000006f) 
0 3 000000008000052c (0x0000006f) 
0 3 000000008000052c (0x0000006f) 
0 3 000000008000052c (0x0000006f) 
0 3 000000008000052c (0x0000006f) 
0 3 000000008000052c (0x0000006f) 
0 3 000000008000052c (0x0000006f) 
0 3 000000008000052c (0x0000006f) 
0 3 000000008000052c (0x0000006f) 
0 3 000000008000052c (0x0000006f) 
0 3 000000008000052c (0x0000006f) 
0 3 000000008000052c (0x0000006f) 
0 3 000000008000052c (0x0000006f) 
0 3 000000008000052c (0x0000006f) 
0 3 000000008000052c (0x0000006f) 
0 3 000000008000052c (0x0000006f) 
0 3 000000008000052c (0x0000006f) 
0 3 000000008000052c (0x0000006f) 
0 3 000000008000052c (0x0000006f) 
0 3 000000008000052c (0x0000006f) 
0 3 000000008000052c (0x0000006f) 
0 3 000000008000052c (0x0000006f) 
0 3 000000008000052c (0x0000006f) 
0 3 000000008000052c (0x0000006f) 
0 3 000000008000052c (0x0000006f) 
0 3 000000008000052c (0x0000006f) 
0 3 000000008000052c (0x0000006f) 
0 3 000000008000052c (0x0000006f) 
0 3 000000008000052c (0x0000006f) 
0 3 000000008000052c (0x0000006f) 
0 3 000000008000052c (0x0000006f) 
0 3 000000008000052c (0x0000006f) 
0 3 000000008000052c (0x0000006f) 
0 3 000000008000052c (0x0000006f) 
0 3 000000008000052c (0x0000006f) 
0 3 000000008000052c (0x0000006f) 
0 3 000000008000052c (0x0000006f) 
0 3 000000008000052c (0x0000006f) 
0 3 000000008000052c (0x0000006f) 
0 3 000000008000052c (0x0000006f) 
0 3 000000008000052c (0x0000006f) 
0 3 000000008000052c (0x0000006f) 
0 3 000000008000052c (0x0000006f) 
0 3 000000008000052c (0x0000006f) 
0 3 000000008000052c (0x0000006f) 
0 3 000000008000052c (0x0000006f) 
0 3 000000008000052c (0x0000006f) 
0 3 000000008000052c (0x0000006f) 
0 3 000000008000052c (0x0000006f) 
0 3 000000008000052c (0x0000006f) 
0 3 000000008000052c (0x0000006f) 
0 3 000000008000052c (0x0000006f) 
0 3 000000008000052c (0x0000006f) 
0 3 000000008000052c (0x0000006f) 
0 3 000000008000052c (0x0000006f) 
0 3 000000008000052c (0x0000006f) 
0 3 000000008000052c (0x0000006f) 
0 3 000000008000052c (0x0000006f) 
0 3 000000008000052c (0x0000006f) 
0 3 000000008000052c (0x0000006f) 
0 3 000000008000052c (0x0000006f) 
0 3 000000008000052c (0x0000006f) 
0 3 000000008000052c (0x0000006f) 
0 3 000000008000052c (0x0000006f) 
0 3 000000008000052c (0x0000006f) 
0 3 000000008000052c (0x0000006f) 
0 3 000000008000052c (0x0000006f) 
0 3 000000008000052c (0x0000006f) 
0 3 000000008000052c (0x0000006f) 
0 3 000000008000052c (0x0000006f) 
0 3 000000008000052c (0x0000006f) 
0 3 000000008000052c (0x0000006f) 
0 3 000000008000052c (0x0000006f) 
0 3 000000008000052c (0x0000006f) 
0 3 000000008000052c (0x0000006f) 
0 3 000000008000052c (0x0000006f) 
0 3 000000008000052c (0x0000006f) 
0 3 000000008000052c (0x0000006f) 
0 3 000000008000052c (0x0000006f) 
0 3 000000008000052c (0x0000006f) 
0 3 000000008000052c (0x0000006f) 
0 3 000000008000052c (0x0000006f) 
0 3 000000008000052c (0x0000006f) 
0 3 000000008000052c (0x0000006f) 
0 3 000000008000052c (0x0000006f) 
0 3 000000008000052c (0x0000006f) 
0 3 000000008000052c (0x0000006f) 
0 3 000000008000052c (0x0000006f) 
0 3 000000008000052c (0x0000006f) 
0 3 000000008000052c (0x0000006f) 
0 3 000000008000052c (0x0000006f) 
0 3 000000008000052c (0x0000006f) 
0 3 000000008000052c (0x0000006f) 
0 3 000000008000052c (0x0000006f) 
0 3 000000008000052c (0x0000006f) 
0 3 000000008000052c (0x0000006f) 
0 3 000000008000052c (0x0000006f) 
0 3 000000008000052c (0x0000006f) 
0 3 000000008000052c (0x0000006f) 
0 3 000000008000052c (0x0000006f) 
0 3 000000008000052c (0x0000006f) 
0 3 000000008000052c (0x0000006f) 
0 3 000000008000052c (0x0000006f) 
0 3 000000008000052c (0x0000006f) 
0 3 000000008000052c (0x0000006f) 
0 3 000000008000052c (0x0000006f) 
0 3 000000008000052c (0x0000006f) 
0 3 000000008000052c (0x0000006f) 
0 3 000000008000052c (0x0000006f) 
0 3 000000008000052c (0x0000006f) 
0 3 000000008000052c (0x0000006f) 
0 3 000000008000052c (0x0000006f) 
0 3 000000008000052c (0x0000006f) 
0 3 000000008000052c (0x0000006f) 
0 3 000000008000052c (0x0000006f) 
0 3 000000008000052c (0x0000006f) 
0 3 000000008000052c (0x0000006f) 
0 3 000000008000052c (0x0000006f) 
0 3 000000008000052c (0x0000006f) 
0 3 000000008000052c (0x0000006f) 
0 3 000000008000052c (0x0000006f) 
0 3 000000008000052c (0x0000006f) 
0 3 000000008000052c (0x0000006f) 
0 3 000000008000052c (0x0000006f) 
0 3 000000008000052c (0x0000006f) 
0 3 000000008000052c (0x0000006f) 
0 3 000000008000052c (0x0000006f) 
0 3 000000008000052c (0x0000006f) 
0 3 000000008000052c (0x0000006f) 
0 3 000000008000052c (0x0000006f) 
0 3 000000008000052c (0x0000006f) 
0 3 000000008000052c (0x0000006f) 
0 3 000000008000052c (0x0000006f) 
0 3 000000008000052c (0x0000006f) 
0 3 000000008000052c (0x0000006f) 
0 3 000000008000052c (0x0000006f) 
0 3 000000008000052c (0x0000006f) 
0 3 000000008000052c (0x0000006f) 
0 3 000000008000052c (0x0000006f) 
0 3 000000008000052c (0x0000006f) 
0 3 000000008000052c (0x0000006f) 
0 3 000000008000052c (0x0000006f) 
0 3 000000008000052c (0x0000006f) 
0 3 000000008000052c (0x0000006f) 
0 3 000000008000052c (0x0000006f) 
0 3 000000008000052c (0x0000006f) 
0 3 000000008000052c (0x0000006f) 
0 3 000000008000052c (0x0000006f) 
0 3 000000008000052c (0x0000006f) 
0 3 000000008000052c (0x0000006f) 
0 3 000000008000052c (0x0000006f) 
0 3 000000008000052c (0x0000006f) 
0 3 000000008000052c (0x0000006f) 
0 3 000000008000052c (0x0000006f) 
0 3 000000008000052c (0x0000006f) 
0 3 000000008000052c (0x0000006f) 
0 3 000000008000052c (0x0000006f) 
0 3 000000008000052c (0x0000006f) 
0 3 000000008000052c (0x0000006f) 
0 3 000000008000052c (0x0000006f) 
0 3 000000008000052c (0x0000006f) 
0 3 000000008000052c (0x0000006f) 
0 3 000000008000052c (0x0000006f) 
0 3 000000008000052c (0x0000006f) 
0 3 000000008000052c (0x0000006f) 
0 3 000000008000052c (0x0000006f) 
0 3 000000008000052c (0x0000006f) 
0 3 000000008000052c (0x0000006f) 
0 3 000000008000052c (0x0000006f) 
0 3 000000008000052c (0x0000006f) 
0 3 000000008000052c (0x0000006f) 
0 3 000000008000052c (0x0000006f) 
0 3 000000008000052c (0x0000006f) 
0 3 000000008000052c (0x0000006f) 
0 3 000000008000052c (0x0000006f) 
0 3 000000008000052c (0x0000006f) 
0 3 000000008000052c (0x0000006f) 
0 3 000000008000052c (0x0000006f) 
0 3 000000008000052c (0x0000006f) 
0 3 000000008000052c (0x0000006f) 
0 3 000000008000052c (0x0000006f) 
0 3 000000008000052c (0x0000006f) 
0 3 000000008000052c (0x0000006f) 
0 3 000000008000052c (0x0000006f) 
0 3 000000008000052c (0x0000006f) 
0 3 000000008000052c (0x0000006f) 
0 3 000000008000052c (0x0000006f) 
0 3 000000008000052c (0x0000006f) 
0 3 000000008000052c (0x0000006f) 
0 3 000000008000052c (0x0000006f) 
0 3 000000008000052c (0x0000006f) 
0 3 000000008000052c (0x0000006f) 
0 3 000000008000052c (0x0000006f) 
0 3 000000008000052c (0x0000006f) 
0 3 000000008000052c (0x0000006f) 
0 3 000000008000052c (0x0000006f) 
0 3 000000008000052c (0x0000006f) 
0 3 000000008000052c (0x0000006f) 
0 3 000000008000052c (0x0000006f) 
0 3 000000008000052c (0x0000006f) 
0 3 000000008000052c (0x0000006f) 
0 3 000000008000052c (0x0000006f) 
0 3 000000008000052c (0x0000006f) 
0 3 000000008000052c (0x0000006f) 
0 3 000000008000052c (0x0000006f) 
0 3 000000008000052c (0x0000006f) 
0 3 000000008000052c (0x0000006f) 
0 3 000000008000052c (0x0000006f) 
0 3 000000008000052c (0x0000006f) 
0 3 000000008000052c (0x0000006f) 
0 3 000000008000052c (0x0000006f) 
0 3 000000008000052c (0x0000006f) 
0 3 000000008000052c (0x0000006f) 
0 3 000000008000052c (0x0000006f) 
0 3 000000008000052c (0x0000006f) 
0 3 000000008000052c (0x0000006f) 
0 3 000000008000052c (0x0000006f) 
0 3 000000008000052c (0x0000006f) 
0 3 000000008000052c (0x0000006f) 
0 3 000000008000052c (0x0000006f) 
0 3 000000008000052c (0x0000006f) 
0 3 000000008000052c (0x0000006f) 
0 3 000000008000052c (0x0000006f) 
0 3 000000008000052c (0x0000006f) 
0 3 000000008000052c (0x0000006f) 
0 3 000000008000052c (0x0000006f) 
0 3 000000008000052c (0x0000006f) 
0 3 000000008000052c (0x0000006f) 
0 3 000000008000052c (0x0000006f) 
0 3 000000008000052c (0x0000006f) 
0 3 000000008000052c (0x0000006f) 
0 3 000000008000052c (0x0000006f) 
0 3 000000008000052c (0x0000006f) 
0 3 000000008000052c (0x0000006f) 
0 3 000000008000052c (0x0000006f) 
0 3 000000008000052c (0x0000006f) 
0 3 000000008000052c (0x0000006f) 
0 3 000000008000052c (0x0000006f) 
0 3 000000008000052c (0x0000006f) 
0 3 000000008000052c (0x0000006f) 
0 3 000000008000052c (0x0000006f) 
0 3 000000008000052c (0x0000006f) 
0 3 000000008000052c (0x0000006f) 
0 3 000000008000052c (0x0000006f) 
0 3 000000008000052c (0x0000006f) 
0 3 000000008000052c (0x0000006f) 
0 3 000000008000052c (0x0000006f) 
0 3 000000008000052c (0x0000006f) 
0 3 000000008000052c (0x0000006f) 
0 3 000000008000052c (0x0000006f) 
0 3 000000008000052c (0x0000006f) 
0 3 000000008000052c (0x0000006f) 
0 3 000000008000052c (0x0000006f) 
0 3 000000008000052c (0x0000006f) 
0 3 000000008000052c (0x0000006f) 
0 3 000000008000052c (0x0000006f) 
0 3 000000008000052c (0x0000006f) 
0 3 000000008000052c (0x0000006f) 
0 3 000000008000052c (0x0000006f) 
0 3 000000008000052c (0x0000006f) 
0 3 000000008000052c (0x0000006f) 
0 3 000000008000052c (0x0000006f) 
0 3 000000008000052c (0x0000006f) 
0 3 000000008000052c (0x0000006f) 
0 3 000000008000052c (0x0000006f) 
0 3 000000008000052c (0x0000006f) 
0 3 000000008000052c (0x0000006f) 
0 3 000000008000052c (0x0000006f) 
0 3 000000008000052c (0x0000006f) 
0 3 000000008000052c (0x0000006f) 
0 3 000000008000052c (0x0000006f) 
0 3 000000008000052c (0x0000006f) 
0 3 000000008000052c (0x0000006f) 
0 3 000000008000052c (0x0000006f) 
0 3 000000008000052c (0x0000006f) 
0 3 000000008000052c (0x0000006f) 
0 3 000000008000052c (0x0000006f) 
0 3 000000008000052c (0x0000006f) 
0 3 000000008000052c (0x0000006f) 
0 3 000000008000052c (0x0000006f) 
0 3 000000008000052c (0x0000006f) 
0 3 000000008000052c (0x0000006f) 
0 3 000000008000052c (0x0000006f) 
0 3 000000008000052c (0x0000006f) 
0 3 000000008000052c (0x0000006f) 
0 3 000000008000052c (0x0000006f) 
0 3 000000008000052c (0x0000006f) 
0 3 000000008000052c (0x0000006f) 
0 3 000000008000052c (0x0000006f) 
0 3 000000008000052c (0x0000006f) 
0 3 000000008000052c (0x0000006f) 
0 3 000000008000052c (0x0000006f) 
0 3 000000008000052c (0x0000006f) 
0 3 000000008000052c (0x0000006f) 
0 3 000000008000052c (0x0000006f) 
0 3 000000008000052c (0x0000006f) 
0 3 000000008000052c (0x0000006f) 
0 3 000000008000052c (0x0000006f) 
0 3 000000008000052c (0x0000006f) 
0 3 000000008000052c (0x0000006f) 
0 3 000000008000052c (0x0000006f) 
0 3 000000008000052c (0x0000006f) 
0 3 000000008000052c (0x0000006f) 
0 3 000000008000052c (0x0000006f) 
0 3 000000008000052c (0x0000006f) 
0 3 000000008000052c (0x0000006f) 
0 3 000000008000052c (0x0000006f) 
0 3 000000008000052c (0x0000006f) 
0 3 000000008000052c (0x0000006f) 
0 3 000000008000052c (0x0000006f) 
0 3 000000008000052c (0x0000006f) 
0 3 000000008000052c (0x0000006f) 
0 3 000000008000052c (0x0000006f) 
0 3 000000008000052c (0x0000006f) 
0 3 000000008000052c (0x0000006f) 
0 3 000000008000052c (0x0000006f) 
0 3 000000008000052c (0x0000006f) 
0 3 000000008000052c (0x0000006f) 
0 3 000000008000052c (0x0000006f) 
0 3 000000008000052c (0x0000006f) 
0 3 000000008000052c (0x0000006f) 
0 3 000000008000052c (0x0000006f) 
0 3 000000008000052c (0x0000006f) 
0 3 000000008000052c (0x0000006f) 
0 3 000000008000052c (0x0000006f) 
0 3 000000008000052c (0x0000006f) 
0 3 000000008000052c (0x0000006f) 
0 3 000000008000052c (0x0000006f) 
0 3 000000008000052c (0x0000006f) 
0 3 000000008000052c (0x0000006f) 
0 3 000000008000052c (0x0000006f) 
0 3 000000008000052c (0x0000006f) 
0 3 000000008000052c (0x0000006f) 
0 3 000000008000052c (0x0000006f) 
0 3 000000008000052c (0x0000006f) 
0 3 000000008000052c (0x0000006f) 
0 3 000000008000052c (0x0000006f) 
0 3 000000008000052c (0x0000006f) 
0 3 000000008000052c (0x0000006f) 
0 3 000000008000052c (0x0000006f) 
0 3 000000008000052c (0x0000006f) 
0 3 000000008000052c (0x0000006f) 
0 3 000000008000052c (0x0000006f) 
0 3 000000008000052c (0x0000006f) 
0 3 000000008000052c (0x0000006f) 
0 3 000000008000052c (0x0000006f) 
0 3 000000008000052c (0x0000006f) 
0 3 000000008000052c (0x0000006f) 
0 3 000000008000052c (0x0000006f) 
0 3 000000008000052c (0x0000006f) 
0 3 000000008000052c (0x0000006f) 
0 3 000000008000052c (0x0000006f) 
0 3 000000008000052c (0x0000006f) 
0 3 000000008000052c (0x0000006f) 
0 3 000000008000052c (0x0000006f) 
0 3 000000008000052c (0x0000006f) 
0 3 000000008000052c (0x0000006f) 
0 3 000000008000052c (0x0000006f) 
0 3 000000008000052c (0x0000006f) 
0 3 000000008000052c (0x0000006f) 
0 3 000000008000052c (0x0000006f) 
0 3 000000008000052c (0x0000006f) 
0 3 000000008000052c (0x0000006f) 
0 3 000000008000052c (0x0000006f) 
0 3 000000008000052c (0x0000006f) 
0 3 000000008000052c (0x0000006f) 
0 3 000000008000052c (0x0000006f) 
0 3 000000008000052c (0x0000006f) 
0 3 000000008000052c (0x0000006f) 
0 3 000000008000052c (0x0000006f) 
0 3 000000008000052c (0x0000006f) 
0 3 000000008000052c (0x0000006f) 
0 3 000000008000052c (0x0000006f) 
0 3 000000008000052c (0x0000006f) 
0 3 000000008000052c (0x0000006f) 
0 3 000000008000052c (0x0000006f) 
0 3 000000008000052c (0x0000006f) 
0 3 000000008000052c (0x0000006f) 
0 3 000000008000052c (0x0000006f) 
0 3 000000008000052c (0x0000006f) 
0 3 000000008000052c (0x0000006f) 
0 3 000000008000052c (0x0000006f) 
0 3 000000008000052c (0x0000006f) 
0 3 000000008000052c (0x0000006f) 
0 3 000000008000052c (0x0000006f) 
0 3 000000008000052c (0x0000006f) 
0 3 000000008000052c (0x0000006f) 
0 3 000000008000052c (0x0000006f) 
0 3 000000008000052c (0x0000006f) 
0 3 000000008000052c (0x0000006f) 
0 3 000000008000052c (0x0000006f) 
0 3 000000008000052c (0x0000006f) 
0 3 000000008000052c (0x0000006f) 
0 3 000000008000052c (0x0000006f) 
0 3 000000008000052c (0x0000006f) 
0 3 000000008000052c (0x0000006f) 
0 3 000000008000052c (0x0000006f) 
0 3 000000008000052c (0x0000006f) 
0 3 000000008000052c (0x0000006f) 
0 3 000000008000052c (0x0000006f) 
0 3 000000008000052c (0x0000006f) 
0 3 000000008000052c (0x0000006f) 
0 3 000000008000052c (0x0000006f) 
0 3 000000008000052c (0x0000006f) 
0 3 000000008000052c (0x0000006f) 
0 3 000000008000052c (0x0000006f) 
0 3 000000008000052c (0x0000006f) 
0 3 000000008000052c (0x0000006f) 
0 3 000000008000052c (0x0000006f) 
0 3 000000008000052c (0x0000006f) 
0 3 000000008000052c (0x0000006f) 
0 3 000000008000052c (0x0000006f) 
0 3 000000008000052c (0x0000006f) 
0 3 000000008000052c (0x0000006f) 
0 3 000000008000052c (0x0000006f) 
0 3 000000008000052c (0x0000006f) 
0 3 000000008000052c (0x0000006f) 
0 3 000000008000052c (0x0000006f) 
0 3 000000008000052c (0x0000006f) 
0 3 000000008000052c (0x0000006f) 
0 3 000000008000052c (0x0000006f) 
0 3 000000008000052c (0x0000006f) 
0 3 000000008000052c (0x0000006f) 
0 3 000000008000052c (0x0000006f) 
0 3 000000008000052c (0x0000006f) 
0 3 000000008000052c (0x0000006f) 
0 3 000000008000052c (0x0000006f) 
0 3 000000008000052c (0x0000006f) 
0 3 000000008000052c (0x0000006f) 
0 3 000000008000052c (0x0000006f) 
0 3 000000008000052c (0x0000006f) 
0 3 000000008000052c (0x0000006f) 
0 3 000000008000052c (0x0000006f) 
0 3 000000008000052c (0x0000006f) 
0 3 000000008000052c (0x0000006f) 
0 3 000000008000052c (0x0000006f) 
0 3 000000008000052c (0x0000006f) 
0 3 000000008000052c (0x0000006f) 
0 3 000000008000052c (0x0000006f) 
0 3 000000008000052c (0x0000006f) 
0 3 000000008000052c (0x0000006f) 
0 3 000000008000052c (0x0000006f) 
0 3 000000008000052c (0x0000006f) 
0 3 000000008000052c (0x0000006f) 
0 3 000000008000052c (0x0000006f) 
0 3 000000008000052c (0x0000006f) 
0 3 000000008000052c (0x0000006f) 
0 3 000000008000052c (0x0000006f) 
0 3 000000008000052c (0x0000006f) 
0 3 000000008000052c (0x0000006f) 
0 3 000000008000052c (0x0000006f) 
0 3 000000008000052c (0x0000006f) 
0 3 000000008000052c (0x0000006f) 
0 3 000000008000052c (0x0000006f) 
0 3 000000008000052c (0x0000006f) 
0 3 000000008000052c (0x0000006f) 
0 3 000000008000052c (0x0000006f) 
0 3 000000008000052c (0x0000006f) 
0 3 000000008000052c (0x0000006f) 
0 3 000000008000052c (0x0000006f) 
0 3 000000008000052c (0x0000006f) 
0 3 000000008000052c (0x0000006f) 
0 3 000000008000052c (0x0000006f) 
0 3 000000008000052c (0x0000006f) 
0 3 000000008000052c (0x0000006f) 
0 3 000000008000052c (0x0000006f) 
0 3 000000008000052c (0x0000006f) 
0 3 000000008000052c (0x0000006f) 
0 3 000000008000052c (0x0000006f) 
0 3 000000008000052c (0x0000006f) 
0 3 000000008000052c (0x0000006f) 
0 3 000000008000052c (0x0000006f) 
0 3 000000008000052c (0x0000006f) 
0 3 000000008000052c (0x0000006f) 
0 3 000000008000052c (0x0000006f) 
0 3 000000008000052c (0x0000006f) 
0 3 000000008000052c (0x0000006f) 
0 3 000000008000052c (0x0000006f) 
0 3 000000008000052c (0x0000006f) 
0 3 000000008000052c (0x0000006f) 
0 3 000000008000052c (0x0000006f) 
0 3 000000008000052c (0x0000006f) 
0 3 000000008000052c (0x0000006f) 
0 3 000000008000052c (0x0000006f) 
0 3 000000008000052c (0x0000006f) 
0 3 000000008000052c (0x0000006f) 
0 3 000000008000052c (0x0000006f) 
0 3 000000008000052c (0x0000006f) 
0 3 000000008000052c (0x0000006f) 
0 3 000000008000052c (0x0000006f) 
0 3 000000008000052c (0x0000006f) 
0 3 000000008000052c (0x0000006f) 
0 3 000000008000052c (0x0000006f) 
0 3 000000008000052c (0x0000006f) 
0 3 000000008000052c (0x0000006f) 
0 3 000000008000052c (0x0000006f) 
0 3 000000008000052c (0x0000006f) 
0 3 000000008000052c (0x0000006f) 
0 3 000000008000052c (0x0000006f) 
0 3 000000008000052c (0x0000006f) 
0 3 000000008000052c (0x0000006f) 
0 3 000000008000052c (0x0000006f) 
0 3 000000008000052c (0x0000006f) 
0 3 000000008000052c (0x0000006f) 
0 3 000000008000052c (0x0000006f) 
0 3 000000008000052c (0x0000006f) 
0 3 000000008000052c (0x0000006f) 
0 3 000000008000052c (0x0000006f) 
0 3 000000008000052c (0x0000006f) 
0 3 000000008000052c (0x0000006f) 
0 3 000000008000052c (0x0000006f) 
0 3 000000008000052c (0x0000006f) 
0 3 000000008000052c (0x0000006f) 
0 3 000000008000052c (0x0000006f) 
0 3 000000008000052c (0x0000006f) 
0 3 000000008000052c (0x0000006f) 
0 3 000000008000052c (0x0000006f) 
0 3 000000008000052c (0x0000006f) 
0 3 000000008000052c (0x0000006f) 
0 3 000000008000052c (0x0000006f) 
0 3 000000008000052c (0x0000006f) 
0 3 000000008000052c (0x0000006f) 
0 3 000000008000052c (0x0000006f) 
0 3 000000008000052c (0x0000006f) 
0 3 000000008000052c (0x0000006f) 
0 3 000000008000052c (0x0000006f) 
0 3 000000008000052c (0x0000006f) 
0 3 000000008000052c (0x0000006f) 
0 3 000000008000052c (0x0000006f) 
0 3 000000008000052c (0x0000006f) 
0 3 000000008000052c (0x0000006f) 
0 3 000000008000052c (0x0000006f) 
0 3 000000008000052c (0x0000006f) 
0 3 000000008000052c (0x0000006f) 
0 3 000000008000052c (0x0000006f) 
0 3 000000008000052c (0x0000006f) 
0 3 000000008000052c (0x0000006f) 
0 3 000000008000052c (0x0000006f) 
0 3 000000008000052c (0x0000006f) 
0 3 000000008000052c (0x0000006f) 
0 3 000000008000052c (0x0000006f) 
0 3 000000008000052c (0x0000006f) 
0 3 000000008000052c (0x0000006f) 
0 3 000000008000052c (0x0000006f) 
0 3 000000008000052c (0x0000006f) 
0 3 000000008000052c (0x0000006f) 
0 3 000000008000052c (0x0000006f) 
0 3 000000008000052c (0x0000006f) 
0 3 000000008000052c (0x0000006f) 
0 3 000000008000052c (0x0000006f) 
0 3 000000008000052c (0x0000006f) 
0 3 000000008000052c (0x0000006f) 
0 3 000000008000052c (0x0000006f) 
0 3 000000008000052c (0x0000006f) 
0 3 000000008000052c (0x0000006f) 
0 3 000000008000052c (0x0000006f) 
0 3 000000008000052c (0x0000006f) 
0 3 000000008000052c (0x0000006f) 
0 3 000000008000052c (0x0000006f) 
0 3 000000008000052c (0x0000006f) 
0 3 000000008000052c (0x0000006f) 
0 3 000000008000052c (0x0000006f) 
0 3 000000008000052c (0x0000006f) 
0 3 000000008000052c (0x0000006f) 
0 3 000000008000052c (0x0000006f) 
0 3 000000008000052c (0x0000006f) 
0 3 000000008000052c (0x0000006f) 
0 3 000000008000052c (0x0000006f) 
0 3 000000008000052c (0x0000006f) 
0 3 000000008000052c (0x0000006f) 
0 3 000000008000052c (0x0000006f) 
0 3 000000008000052c (0x0000006f) 
0 3 000000008000052c (0x0000006f) 
0 3 000000008000052c (0x0000006f) 
0 3 000000008000052c (0x0000006f) 
0 3 000000008000052c (0x0000006f) 
0 3 000000008000052c (0x0000006f) 
0 3 000000008000052c (0x0000006f) 
0 3 000000008000052c (0x0000006f) 
0 3 000000008000052c (0x0000006f) 
0 3 000000008000052c (0x0000006f) 
0 3 000000008000052c (0x0000006f) 
0 3 000000008000052c (0x0000006f) 
0 3 000000008000052c (0x0000006f) 
0 3 000000008000052c (0x0000006f) 
0 3 000000008000052c (0x0000006f) 
0 3 000000008000052c (0x0000006f) 
0 3 000000008000052c (0x0000006f) 
0 3 000000008000052c (0x0000006f) 
0 3 000000008000052c (0x0000006f) 
0 3 000000008000052c (0x0000006f) 
0 3 000000008000052c (0x0000006f) 
0 3 000000008000052c (0x0000006f) 
0 3 000000008000052c (0x0000006f) 
0 3 000000008000052c (0x0000006f) 
0 3 000000008000052c (0x0000006f) 
0 3 000000008000052c (0x0000006f) 
0 3 000000008000052c (0x0000006f) 
0 3 000000008000052c (0x0000006f) 
0 3 000000008000052c (0x0000006f) 
0 3 000000008000052c (0x0000006f) 
0 3 000000008000052c (0x0000006f) 
0 3 000000008000052c (0x0000006f) 
0 3 000000008000052c (0x0000006f) 
0 3 000000008000052c (0x0000006f) 
0 3 000000008000052c (0x0000006f) 
0 3 000000008000052c (0x0000006f) 
0 3 000000008000052c (0x0000006f) 
0 3 000000008000052c (0x0000006f) 
0 3 000000008000052c (0x0000006f) 
0 3 000000008000052c (0x0000006f) 
0 3 000000008000052c (0x0000006f) 
0 3 000000008000052c (0x0000006f) 
0 3 000000008000052c (0x0000006f) 
0 3 000000008000052c (0x0000006f) 
0 3 000000008000052c (0x0000006f) 
0 3 000000008000052c (0x0000006f) 
0 3 000000008000052c (0x0000006f) 
0 3 000000008000052c (0x0000006f) 
0 3 000000008000052c (0x0000006f) 
0 3 000000008000052c (0x0000006f) 
0 3 000000008000052c (0x0000006f) 
0 3 000000008000052c (0x0000006f) 
0 3 000000008000052c (0x0000006f) 
0 3 000000008000052c (0x0000006f) 
0 3 000000008000052c (0x0000006f) 
0 3 000000008000052c (0x0000006f) 
0 3 000000008000052c (0x0000006f) 
0 3 000000008000052c (0x0000006f) 
0 3 000000008000052c (0x0000006f) 
0 3 000000008000052c (0x0000006f) 
0 3 000000008000052c (0x0000006f) 
0 3 000000008000052c (0x0000006f) 
0 3 000000008000052c (0x0000006f) 
0 3 000000008000052c (0x0000006f) 
0 3 000000008000052c (0x0000006f) 
0 3 000000008000052c (0x0000006f) 
0 3 000000008000052c (0x0000006f) 
0 3 000000008000052c (0x0000006f) 
0 3 000000008000052c (0x0000006f) 
0 3 000000008000052c (0x0000006f) 
0 3 000000008000052c (0x0000006f) 
0 3 000000008000052c (0x0000006f) 
0 3 000000008000052c (0x0000006f) 
0 3 000000008000052c (0x0000006f) 
0 3 000000008000052c (0x0000006f) 
0 3 000000008000052c (0x0000006f) 
0 3 000000008000052c (0x0000006f) 
0 3 000000008000052c (0x0000006f) 
0 3 000000008000052c (0x0000006f) 
0 3 000000008000052c (0x0000006f) 
0 3 000000008000052c (0x0000006f) 
0 3 000000008000052c (0x0000006f) 
0 3 000000008000052c (0x0000006f) 
0 3 000000008000052c (0x0000006f) 
0 3 000000008000052c (0x0000006f) 
0 3 000000008000052c (0x0000006f) 
0 3 000000008000052c (0x0000006f) 
0 3 000000008000052c (0x0000006f) 
0 3 000000008000052c (0x0000006f) 
0 3 000000008000052c (0x0000006f) 
0 3 000000008000052c (0x0000006f) 
0 3 000000008000052c (0x0000006f) 
0 3 000000008000052c (0x0000006f) 
0 3 000000008000052c (0x0000006f) 
0 3 000000008000052c (0x0000006f) 
0 3 000000008000052c (0x0000006f) 
0 3 000000008000052c (0x0000006f) 
0 3 000000008000052c (0x0000006f) 
0 3 000000008000052c (0x0000006f) 
0 3 000000008000052c (0x0000006f) 
0 3 000000008000052c (0x0000006f) 
0 3 000000008000052c (0x0000006f) 
0 3 000000008000052c (0x0000006f) 
0 3 000000008000052c (0x0000006f) 
0 3 000000008000052c (0x0000006f) 
0 3 000000008000052c (0x0000006f) 
0 3 000000008000052c (0x0000006f) 
0 3 000000008000052c (0x0000006f) 
0 3 000000008000052c (0x0000006f) 
0 3 000000008000052c (0x0000006f) 
0 3 000000008000052c (0x0000006f) 
0 3 000000008000052c (0x0000006f) 
0 3 000000008000052c (0x0000006f) 
0 3 000000008000052c (0x0000006f) 
0 3 000000008000052c (0x0000006f) 
0 3 000000008000052c (0x0000006f) 
0 3 000000008000052c (0x0000006f) 
0 3 000000008000052c (0x0000006f) 
0 3 000000008000052c (0x0000006f) 
0 3 000000008000052c (0x0000006f) 
0 3 000000008000052c (0x0000006f) 
0 3 000000008000052c (0x0000006f) 
0 3 000000008000052c (0x0000006f) 
0 3 000000008000052c (0x0000006f) 
0 3 000000008000052c (0x0000006f) 
0 3 000000008000052c (0x0000006f) 
0 3 000000008000052c (0x0000006f) 
0 3 000000008000052c (0x0000006f) 
0 3 000000008000052c (0x0000006f) 
0 3 000000008000052c (0x0000006f) 
0 3 000000008000052c (0x0000006f) 
0 3 000000008000052c (0x0000006f) 
0 3 000000008000052c (0x0000006f) 
0 3 000000008000052c (0x0000006f) 
0 3 000000008000052c (0x0000006f) 
0 3 000000008000052c (0x0000006f) 
0 3 000000008000052c (0x0000006f) 
0 3 000000008000052c (0x0000006f) 
0 3 000000008000052c (0x0000006f) 
0 3 000000008000052c (0x0000006f) 
0 3 000000008000052c (0x0000006f) 
0 3 000000008000052c (0x0000006f) 
0 3 000000008000052c (0x0000006f) 
0 3 000000008000052c (0x0000006f) 
0 3 000000008000052c (0x0000006f) 
0 3 000000008000052c (0x0000006f) 
0 3 000000008000052c (0x0000006f) 
0 3 000000008000052c (0x0000006f) 
0 3 000000008000052c (0x0000006f) 
0 3 000000008000052c (0x0000006f) 
0 3 000000008000052c (0x0000006f) 
0 3 000000008000052c (0x0000006f) 
0 3 000000008000052c (0x0000006f) 
0 3 000000008000052c (0x0000006f) 
0 3 000000008000052c (0x0000006f) 
0 3 000000008000052c (0x0000006f) 
0 3 000000008000052c (0x0000006f) 
0 3 000000008000052c (0x0000006f) 
0 3 000000008000052c (0x0000006f) 
0 3 000000008000052c (0x0000006f) 
0 3 000000008000052c (0x0000006f) 
0 3 000000008000052c (0x0000006f) 
0 3 000000008000052c (0x0000006f) 
0 3 000000008000052c (0x0000006f) 
0 3 000000008000052c (0x0000006f) 
0 3 000000008000052c (0x0000006f) 
0 3 000000008000052c (0x0000006f) 
0 3 000000008000052c (0x0000006f) 
0 3 000000008000052c (0x0000006f) 
0 3 000000008000052c (0x0000006f) 
0 3 000000008000052c (0x0000006f) 
0 3 000000008000052c (0x0000006f) 
0 3 000000008000052c (0x0000006f) 
0 3 000000008000052c (0x0000006f) 
0 3 000000008000052c (0x0000006f) 
0 3 000000008000052c (0x0000006f) 
0 3 000000008000052c (0x0000006f) 
0 3 000000008000052c (0x0000006f) 
0 3 000000008000052c (0x0000006f) 
0 3 000000008000052c (0x0000006f) 
0 3 000000008000052c (0x0000006f) 
0 3 000000008000052c (0x0000006f) 
0 3 000000008000052c (0x0000006f) 
0 3 000000008000052c (0x0000006f) 
0 3 000000008000052c (0x0000006f) 
0 3 000000008000052c (0x0000006f) 
0 3 000000008000052c (0x0000006f) 
0 3 000000008000052c (0x0000006f) 
0 3 000000008000052c (0x0000006f) 
0 3 000000008000052c (0x0000006f) 
0 3 000000008000052c (0x0000006f) 
0 3 000000008000052c (0x0000006f) 
0 3 000000008000052c (0x0000006f) 
0 3 000000008000052c (0x0000006f) 
0 3 000000008000052c (0x0000006f) 
0 3 000000008000052c (0x0000006f) 
0 3 000000008000052c (0x0000006f) 
0 3 000000008000052c (0x0000006f) 
0 3 000000008000052c (0x0000006f) 
0 3 000000008000052c (0x0000006f) 
0 3 000000008000052c (0x0000006f) 
0 3 000000008000052c (0x0000006f) 
0 3 000000008000052c (0x0000006f) 
0 3 000000008000052c (0x0000006f) 
0 3 000000008000052c (0x0000006f) 
0 3 000000008000052c (0x0000006f) 
0 3 000000008000052c (0x0000006f) 
0 3 000000008000052c (0x0000006f) 
0 3 000000008000052c (0x0000006f) 
0 3 000000008000052c (0x0000006f) 
0 3 000000008000052c (0x0000006f) 
0 3 000000008000052c (0x0000006f) 
0 3 000000008000052c (0x0000006f) 
0 3 000000008000052c (0x0000006f) 
0 3 000000008000052c (0x0000006f) 
0 3 000000008000052c (0x0000006f) 
0 3 000000008000052c (0x0000006f) 
0 3 000000008000052c (0x0000006f) 
0 3 000000008000052c (0x0000006f) 
0 3 000000008000052c (0x0000006f) 
0 3 000000008000052c (0x0000006f) 
0 3 000000008000052c (0x0000006f) 
0 3 000000008000052c (0x0000006f) 
0 3 000000008000052c (0x0000006f) 
0 3 000000008000052c (0x0000006f) 
0 3 000000008000052c (0x0000006f) 
0 3 000000008000052c (0x0000006f) 
0 3 000000008000052c (0x0000006f) 
0 3 000000008000052c (0x0000006f) 
0 3 000000008000052c (0x0000006f) 
0 3 000000008000052c (0x0000006f) 
0 3 000000008000052c (0x0000006f) 
0 3 000000008000052c (0x0000006f) 
0 3 000000008000052c (0x0000006f) 
0 3 000000008000052c (0x0000006f) 
0 3 000000008000052c (0x0000006f) 
0 3 000000008000052c (0x0000006f) 
0 3 000000008000052c (0x0000006f) 
0 3 000000008000052c (0x0000006f) 
0 3 000000008000052c (0x0000006f) 
0 3 000000008000052c (0x0000006f) 
0 3 000000008000052c (0x0000006f) 
0 3 000000008000052c (0x0000006f) 
0 3 000000008000052c (0x0000006f) 
0 3 000000008000052c (0x0000006f) 
0 3 000000008000052c (0x0000006f) 
0 3 000000008000052c (0x0000006f) 
0 3 000000008000052c (0x0000006f) 
0 3 000000008000052c (0x0000006f) 
0 3 000000008000052c (0x0000006f) 
0 3 000000008000052c (0x0000006f) 
0 3 000000008000052c (0x0000006f) 
0 3 000000008000052c (0x0000006f) 
0 3 000000008000052c (0x0000006f) 
0 3 000000008000052c (0x0000006f) 
0 3 000000008000052c (0x0000006f) 
0 3 000000008000052c (0x0000006f) 
0 3 000000008000052c (0x0000006f) 
0 3 000000008000052c (0x0000006f) 
0 3 000000008000052c (0x0000006f) 
0 3 000000008000052c (0x0000006f) 
0 3 000000008000052c (0x0000006f) 
0 3 000000008000052c (0x0000006f) 
0 3 000000008000052c (0x0000006f) 
0 3 000000008000052c (0x0000006f) 
0 3 000000008000052c (0x0000006f) 
0 3 000000008000052c (0x0000006f) 
0 3 000000008000052c (0x0000006f) 
0 3 000000008000052c (0x0000006f) 
0 3 000000008000052c (0x0000006f) 
0 3 000000008000052c (0x0000006f) 
0 3 000000008000052c (0x0000006f) 
0 3 000000008000052c (0x0000006f) 
0 3 000000008000052c (0x0000006f) 
0 3 000000008000052c (0x0000006f) 
0 3 000000008000052c (0x0000006f) 
0 3 000000008000052c (0x0000006f) 
0 3 000000008000052c (0x0000006f) 
0 3 000000008000052c (0x0000006f) 
0 3 000000008000052c (0x0000006f) 
0 3 000000008000052c (0x0000006f) 
0 3 000000008000052c (0x0000006f) 
0 3 000000008000052c (0x0000006f) 
0 3 000000008000052c (0x0000006f) 
0 3 000000008000052c (0x0000006f) 
0 3 000000008000052c (0x0000006f) 
0 3 000000008000052c (0x0000006f) 
0 3 000000008000052c (0x0000006f) 
0 3 000000008000052c (0x0000006f) 
0 3 000000008000052c (0x0000006f) 
0 3 000000008000052c (0x0000006f) 
0 3 000000008000052c (0x0000006f) 
0 3 000000008000052c (0x0000006f) 
0 3 000000008000052c (0x0000006f) 
0 3 000000008000052c (0x0000006f) 
0 3 000000008000052c (0x0000006f) 
0 3 000000008000052c (0x0000006f) 
0 3 000000008000052c (0x0000006f) 
0 3 000000008000052c (0x0000006f) 
0 3 000000008000052c (0x0000006f) 
0 3 000000008000052c (0x0000006f) 
0 3 000000008000052c (0x0000006f) 
0 3 000000008000052c (0x0000006f) 
0 3 000000008000052c (0x0000006f) 
0 3 000000008000052c (0x0000006f) 
0 3 000000008000052c (0x0000006f) 
0 3 000000008000052c (0x0000006f) 
0 3 000000008000052c (0x0000006f) 
0 3 000000008000052c (0x0000006f) 
0 3 000000008000052c (0x0000006f) 
0 3 000000008000052c (0x0000006f) 
0 3 000000008000052c (0x0000006f) 
0 3 000000008000052c (0x0000006f) 
0 3 000000008000052c (0x0000006f) 
0 3 000000008000052c (0x0000006f) 
0 3 000000008000052c (0x0000006f) 
0 3 000000008000052c (0x0000006f) 
0 3 000000008000052c (0x0000006f) 
0 3 000000008000052c (0x0000006f) 
0 3 000000008000052c (0x0000006f) 
0 3 000000008000052c (0x0000006f) 
0 3 000000008000052c (0x0000006f) 
0 3 000000008000052c (0x0000006f) 
0 3 000000008000052c (0x0000006f) 
0 3 000000008000052c (0x0000006f) 
0 3 000000008000052c (0x0000006f) 
0 3 000000008000052c (0x0000006f) 
0 3 000000008000052c (0x0000006f) 
0 3 000000008000052c (0x0000006f) 
0 3 000000008000052c (0x0000006f) 
0 3 000000008000052c (0x0000006f) 
0 3 000000008000052c (0x0000006f) 
0 3 000000008000052c (0x0000006f) 
0 3 000000008000052c (0x0000006f) 
0 3 000000008000052c (0x0000006f) 
0 3 000000008000052c (0x0000006f) 
0 3 000000008000052c (0x0000006f) 
0 3 000000008000052c (0x0000006f) 
0 3 000000008000052c (0x0000006f) 
0 3 000000008000052c (0x0000006f) 
0 3 000000008000052c (0x0000006f) 
0 3 000000008000052c (0x0000006f) 
0 3 000000008000052c (0x0000006f) 
0 3 000000008000052c (0x0000006f) 
0 3 000000008000052c (0x0000006f) 
0 3 000000008000052c (0x0000006f) 
0 3 000000008000052c (0x0000006f) 
0 3 000000008000052c (0x0000006f) 
0 3 000000008000052c (0x0000006f) 
0 3 000000008000052c (0x0000006f) 
0 3 000000008000052c (0x0000006f) 
0 3 000000008000052c (0x0000006f) 
0 3 000000008000052c (0x0000006f) 
0 3 000000008000052c (0x0000006f) 
0 3 000000008000052c (0x0000006f) 
0 3 000000008000052c (0x0000006f) 
0 3 000000008000052c (0x0000006f) 
0 3 000000008000052c (0x0000006f) 
0 3 000000008000052c (0x0000006f) 
0 3 000000008000052c (0x0000006f) 
0 3 000000008000052c (0x0000006f) 
0 3 000000008000052c (0x0000006f) 
0 3 000000008000052c (0x0000006f) 
0 3 000000008000052c (0x0000006f) 
0 3 000000008000052c (0x0000006f) 
0 3 000000008000052c (0x0000006f) 
0 3 000000008000052c (0x0000006f) 
0 3 000000008000052c (0x0000006f) 
0 3 000000008000052c (0x0000006f) 
0 3 000000008000052c (0x0000006f) 
0 3 000000008000052c (0x0000006f) 
0 3 000000008000052c (0x0000006f) 
0 3 000000008000052c (0x0000006f) 
0 3 000000008000052c (0x0000006f) 
0 3 000000008000052c (0x0000006f) 
0 3 000000008000052c (0x0000006f) 
0 3 000000008000052c (0x0000006f) 
0 3 000000008000052c (0x0000006f) 
0 3 000000008000052c (0x0000006f) 
0 3 000000008000052c (0x0000006f) 
0 3 000000008000052c (0x0000006f) 
0 3 000000008000052c (0x0000006f) 
0 3 000000008000052c (0x0000006f) 
0 3 000000008000052c (0x0000006f) 
0 3 000000008000052c (0x0000006f) 
0 3 000000008000052c (0x0000006f) 
0 3 000000008000052c (0x0000006f) 
0 3 000000008000052c (0x0000006f) 
0 3 000000008000052c (0x0000006f) 
0 3 000000008000052c (0x0000006f) 
0 3 000000008000052c (0x0000006f) 
0 3 000000008000052c (0x0000006f) 
0 3 000000008000052c (0x0000006f) 
0 3 000000008000052c (0x0000006f) 
0 3 000000008000052c (0x0000006f) 
0 3 000000008000052c (0x0000006f) 
0 3 000000008000052c (0x0000006f) 
0 3 000000008000052c (0x0000006f) 
0 3 000000008000052c (0x0000006f) 
0 3 000000008000052c (0x0000006f) 
0 3 000000008000052c (0x0000006f) 
0 3 000000008000052c (0x0000006f) 
0 3 000000008000052c (0x0000006f) 
0 3 000000008000052c (0x0000006f) 
0 3 000000008000052c (0x0000006f) 
0 3 000000008000052c (0x0000006f) 
0 3 000000008000052c (0x0000006f) 
0 3 000000008000052c (0x0000006f) 
0 3 000000008000052c (0x0000006f) 
0 3 000000008000052c (0x0000006f) 
0 3 000000008000052c (0x0000006f) 
0 3 000000008000052c (0x0000006f) 
0 3 000000008000052c (0x0000006f) 
0 3 000000008000052c (0x0000006f) 
0 3 000000008000052c (0x0000006f) 
0 3 000000008000052c (0x0000006f) 
0 3 000000008000052c (0x0000006f) 
0 3 000000008000052c (0x0000006f) 
0 3 000000008000052c (0x0000006f) 
0 3 000000008000052c (0x0000006f) 
0 3 000000008000052c (0x0000006f) 
0 3 000000008000052c (0x0000006f) 
0 3 000000008000052c (0x0000006f) 
0 3 000000008000052c (0x0000006f) 
0 3 000000008000052c (0x0000006f) 
0 3 000000008000052c (0x0000006f) 
0 3 000000008000052c (0x0000006f) 
0 3 000000008000052c (0x0000006f) 
0 3 000000008000052c (0x0000006f) 
0 3 000000008000052c (0x0000006f) 
0 3 000000008000052c (0x0000006f) 
0 3 000000008000052c (0x0000006f) 
0 3 000000008000052c (0x0000006f) 
0 3 000000008000052c (0x0000006f) 
0 3 000000008000052c (0x0000006f) 
0 3 000000008000052c (0x0000006f) 
0 3 000000008000052c (0x0000006f) 
0 3 000000008000052c (0x0000006f) 
0 3 000000008000052c (0x0000006f) 
0 3 000000008000052c (0x0000006f) 
0 3 000000008000052c (0x0000006f) 
0 3 000000008000052c (0x0000006f) 
0 3 000000008000052c (0x0000006f) 
0 3 000000008000052c (0x0000006f) 
0 3 000000008000052c (0x0000006f) 
0 3 000000008000052c (0x0000006f) 
0 3 000000008000052c (0x0000006f) 
0 3 000000008000052c (0x0000006f) 
0 3 000000008000052c (0x0000006f) 
0 3 000000008000052c (0x0000006f) 
0 3 000000008000052c (0x0000006f) 
0 3 000000008000052c (0x0000006f) 
0 3 000000008000052c (0x0000006f) 
0 3 000000008000052c (0x0000006f) 
0 3 000000008000052c (0x0000006f) 
0 3 000000008000052c (0x0000006f) 
0 3 000000008000052c (0x0000006f) 
0 3 000000008000052c (0x0000006f) 
0 3 000000008000052c (0x0000006f) 
0 3 000000008000052c (0x0000006f) 
0 3 000000008000052c (0x0000006f) 
0 3 000000008000052c (0x0000006f) 
0 3 000000008000052c (0x0000006f) 
0 3 000000008000052c (0x0000006f) 
0 3 000000008000052c (0x0000006f) 
0 3 000000008000052c (0x0000006f) 
0 3 000000008000052c (0x0000006f) 
0 3 000000008000052c (0x0000006f) 
0 3 000000008000052c (0x0000006f) 
0 3 000000008000052c (0x0000006f) 
0 3 000000008000052c (0x0000006f) 
0 3 000000008000052c (0x0000006f) 
0 3 000000008000052c (0x0000006f) 
0 3 000000008000052c (0x0000006f) 
0 3 000000008000052c (0x0000006f) 
0 3 000000008000052c (0x0000006f) 
0 3 000000008000052c (0x0000006f) 
0 3 000000008000052c (0x0000006f) 
0 3 000000008000052c (0x0000006f) 
0 3 000000008000052c (0x0000006f) 
0 3 000000008000052c (0x0000006f) 
0 3 000000008000052c (0x0000006f) 
0 3 000000008000052c (0x0000006f) 
0 3 000000008000052c (0x0000006f) 
0 3 000000008000052c (0x0000006f) 
0 3 000000008000052c (0x0000006f) 
0 3 000000008000052c (0x0000006f) 
0 3 000000008000052c (0x0000006f) 
0 3 000000008000052c (0x0000006f) 
0 3 000000008000052c (0x0000006f) 
0 3 000000008000052c (0x0000006f) 
0 3 000000008000052c (0x0000006f) 
0 3 000000008000052c (0x0000006f) 
0 3 000000008000052c (0x0000006f) 
0 3 000000008000052c (0x0000006f) 
0 3 000000008000052c (0x0000006f) 
0 3 000000008000052c (0x0000006f) 
0 3 000000008000052c (0x0000006f) 
0 3 000000008000052c (0x0000006f) 
0 3 000000008000052c (0x0000006f) 
0 3 000000008000052c (0x0000006f) 
0 3 000000008000052c (0x0000006f) 
0 3 000000008000052c (0x0000006f) 
0 3 000000008000052c (0x0000006f) 
0 3 000000008000052c (0x0000006f) 
0 3 000000008000052c (0x0000006f) 
0 3 000000008000052c (0x0000006f) 
0 3 000000008000052c (0x0000006f) 
0 3 000000008000052c (0x0000006f) 
0 3 000000008000052c (0x0000006f) 
0 3 000000008000052c (0x0000006f) 
0 3 000000008000052c (0x0000006f) 
0 3 000000008000052c (0x0000006f) 
0 3 000000008000052c (0x0000006f) 
0 3 000000008000052c (0x0000006f) 
0 3 000000008000052c (0x0000006f) 
0 3 000000008000052c (0x0000006f) 
0 3 000000008000052c (0x0000006f) 
0 3 000000008000052c (0x0000006f) 
0 3 000000008000052c (0x0000006f) 
0 3 000000008000052c (0x0000006f) 
0 3 000000008000052c (0x0000006f) 
0 3 000000008000052c (0x0000006f) 
0 3 000000008000052c (0x0000006f) 
0 3 000000008000052c (0x0000006f) 
0 3 000000008000052c (0x0000006f) 
0 3 000000008000052c (0x0000006f) 
0 3 000000008000052c (0x0000006f) 
0 3 000000008000052c (0x0000006f) 
0 3 000000008000052c (0x0000006f) 
0 3 000000008000052c (0x0000006f) 
0 3 000000008000052c (0x0000006f) 
0 3 000000008000052c (0x0000006f) 
0 3 000000008000052c (0x0000006f) 
0 3 000000008000052c (0x0000006f) 
0 3 000000008000052c (0x0000006f) 
0 3 000000008000052c (0x0000006f) 
0 3 000000008000052c (0x0000006f) 
0 3 000000008000052c (0x0000006f) 
0 3 000000008000052c (0x0000006f) 
0 3 000000008000052c (0x0000006f) 
0 3 000000008000052c (0x0000006f) 
0 3 000000008000052c (0x0000006f) 
0 3 000000008000052c (0x0000006f) 
0 3 000000008000052c (0x0000006f) 
0 3 000000008000052c (0x0000006f) 
0 3 000000008000052c (0x0000006f) 
0 3 000000008000052c (0x0000006f) 
0 3 000000008000052c (0x0000006f) 
0 3 000000008000052c (0x0000006f) 
0 3 000000008000052c (0x0000006f) 
0 3 000000008000052c (0x0000006f) 
0 3 000000008000052c (0x0000006f) 
0 3 000000008000052c (0x0000006f) 
0 3 000000008000052c (0x0000006f) 
0 3 000000008000052c (0x0000006f) 
0 3 000000008000052c (0x0000006f) 
0 3 000000008000052c (0x0000006f) 
0 3 000000008000052c (0x0000006f) 
0 3 000000008000052c (0x0000006f) 
0 3 000000008000052c (0x0000006f) 
0 3 000000008000052c (0x0000006f) 
0 3 000000008000052c (0x0000006f) 
0 3 000000008000052c (0x0000006f) 
0 3 000000008000052c (0x0000006f) 
0 3 000000008000052c (0x0000006f) 
0 3 000000008000052c (0x0000006f) 
0 3 000000008000052c (0x0000006f) 
0 3 000000008000052c (0x0000006f) 
0 3 000000008000052c (0x0000006f) 
0 3 000000008000052c (0x0000006f) 
0 3 000000008000052c (0x0000006f) 
0 3 000000008000052c (0x0000006f) 
0 3 000000008000052c (0x0000006f) 
0 3 000000008000052c (0x0000006f) 
0 3 000000008000052c (0x0000006f) 
0 3 000000008000052c (0x0000006f) 
0 3 000000008000052c (0x0000006f) 
0 3 000000008000052c (0x0000006f) 
0 3 000000008000052c (0x0000006f) 
0 3 000000008000052c (0x0000006f) 
0 3 000000008000052c (0x0000006f) 
0 3 000000008000052c (0x0000006f) 
0 3 000000008000052c (0x0000006f) 
0 3 000000008000052c (0x0000006f) 
0 3 000000008000052c (0x0000006f) 
0 3 000000008000052c (0x0000006f) 
0 3 000000008000052c (0x0000006f) 
0 3 000000008000052c (0x0000006f) 
0 3 000000008000052c (0x0000006f) 
0 3 000000008000052c (0x0000006f) 
0 3 000000008000052c (0x0000006f) 
0 3 000000008000052c (0x0000006f) 
0 3 000000008000052c (0x0000006f) 
0 3 000000008000052c (0x0000006f) 
0 3 000000008000052c (0x0000006f) 
0 3 000000008000052c (0x0000006f) 
0 3 000000008000052c (0x0000006f) 
0 3 000000008000052c (0x0000006f) 
0 3 000000008000052c (0x0000006f) 
0 3 000000008000052c (0x0000006f) 
0 3 000000008000052c (0x0000006f) 
0 3 000000008000052c (0x0000006f) 
0 3 000000008000052c (0x0000006f) 
0 3 000000008000052c (0x0000006f) 
0 3 000000008000052c (0x0000006f) 
0 3 000000008000052c (0x0000006f) 
0 3 000000008000052c (0x0000006f) 
0 3 000000008000052c (0x0000006f) 
0 3 000000008000052c (0x0000006f) 
0 3 000000008000052c (0x0000006f) 
0 3 000000008000052c (0x0000006f) 
0 3 000000008000052c (0x0000006f) 
0 3 000000008000052c (0x0000006f) 
0 3 000000008000052c (0x0000006f) 
0 3 000000008000052c (0x0000006f) 
0 3 000000008000052c (0x0000006f) 
0 3 000000008000052c (0x0000006f) 
0 3 000000008000052c (0x0000006f) 
0 3 000000008000052c (0x0000006f) 
0 3 000000008000052c (0x0000006f) 
0 3 000000008000052c (0x0000006f) 
0 3 000000008000052c (0x0000006f) 
0 3 000000008000052c (0x0000006f) 
0 3 000000008000052c (0x0000006f) 
0 3 000000008000052c (0x0000006f) 
0 3 000000008000052c (0x0000006f) 
0 3 000000008000052c (0x0000006f) 
0 3 000000008000052c (0x0000006f) 
0 3 000000008000052c (0x0000006f) 
0 3 000000008000052c (0x0000006f) 
0 3 000000008000052c (0x0000006f) 
0 3 000000008000052c (0x0000006f) 
0 3 000000008000052c (0x0000006f) 
0 3 000000008000052c (0x0000006f) 
0 3 000000008000052c (0x0000006f) 
0 3 000000008000052c (0x0000006f) 
0 3 000000008000052c (0x0000006f) 
0 3 000000008000052c (0x0000006f) 
0 3 000000008000052c (0x0000006f) 
0 3 000000008000052c (0x0000006f) 
0 3 000000008000052c (0x0000006f) 
0 3 000000008000052c (0x0000006f) 
0 3 000000008000052c (0x0000006f) 
0 3 000000008000052c (0x0000006f) 
0 3 000000008000052c (0x0000006f) 
0 3 000000008000052c (0x0000006f) 
0 3 000000008000052c (0x0000006f) 
0 3 000000008000052c (0x0000006f) 
0 3 000000008000052c (0x0000006f) 
0 3 000000008000052c (0x0000006f) 
0 3 000000008000052c (0x0000006f) 
0 3 000000008000052c (0x0000006f) 
0 3 000000008000052c (0x0000006f) 
0 3 000000008000052c (0x0000006f) 
0 3 000000008000052c (0x0000006f) 
0 3 000000008000052c (0x0000006f) 
0 3 000000008000052c (0x0000006f) 
0 3 000000008000052c (0x0000006f) 
0 3 000000008000052c (0x0000006f) 
0 3 000000008000052c (0x0000006f) 
0 3 000000008000052c (0x0000006f) 
0 3 000000008000052c (0x0000006f) 
0 3 000000008000052c (0x0000006f) 
0 3 000000008000052c (0x0000006f) 
0 3 000000008000052c (0x0000006f) 
0 3 000000008000052c (0x0000006f) 
0 3 000000008000052c (0x0000006f) 
0 3 000000008000052c (0x0000006f) 
0 3 000000008000052c (0x0000006f) 
0 3 000000008000052c (0x0000006f) 
0 3 000000008000052c (0x0000006f) 
0 3 000000008000052c (0x0000006f) 
0 3 000000008000052c (0x0000006f) 
0 3 000000008000052c (0x0000006f) 
0 3 000000008000052c (0x0000006f) 
0 3 000000008000052c (0x0000006f) 
0 3 000000008000052c (0x0000006f) 
0 3 000000008000052c (0x0000006f) 
0 3 000000008000052c (0x0000006f) 
0 3 000000008000052c (0x0000006f) 
0 3 000000008000052c (0x0000006f) 
0 3 000000008000052c (0x0000006f) 
0 3 000000008000052c (0x0000006f) 
0 3 000000008000052c (0x0000006f) 
0 3 000000008000052c (0x0000006f) 
0 3 000000008000052c (0x0000006f) 
0 3 000000008000052c (0x0000006f) 
0 3 000000008000052c (0x0000006f) 
0 3 000000008000052c (0x0000006f) 
0 3 000000008000052c (0x0000006f) 
0 3 000000008000052c (0x0000006f) 
0 3 000000008000052c (0x0000006f) 
0 3 000000008000052c (0x0000006f) 
0 3 000000008000052c (0x0000006f) 
0 3 000000008000052c (0x0000006f) 
0 3 000000008000052c (0x0000006f) 
0 3 000000008000052c (0x0000006f) 
0 3 000000008000052c (0x0000006f) 
0 3 000000008000052c (0x0000006f) 
0 3 000000008000052c (0x0000006f) 
0 3 000000008000052c (0x0000006f) 
0 3 000000008000052c (0x0000006f) 
0 3 000000008000052c (0x0000006f) 
0 3 000000008000052c (0x0000006f) 
0 3 000000008000052c (0x0000006f) 
0 3 000000008000052c (0x0000006f) 
0 3 000000008000052c (0x0000006f) 
0 3 000000008000052c (0x0000006f) 
0 3 000000008000052c (0x0000006f) 
0 3 000000008000052c (0x0000006f) 
0 3 000000008000052c (0x0000006f) 
0 3 000000008000052c (0x0000006f) 
0 3 000000008000052c (0x0000006f) 
0 3 000000008000052c (0x0000006f) 
0 3 000000008000052c (0x0000006f) 
0 3 000000008000052c (0x0000006f) 
0 3 000000008000052c (0x0000006f) 
0 3 000000008000052c (0x0000006f) 
0 3 000000008000052c (0x0000006f) 
0 3 000000008000052c (0x0000006f) 
0 3 000000008000052c (0x0000006f) 
0 3 000000008000052c (0x0000006f) 
0 3 000000008000052c (0x0000006f) 
0 3 000000008000052c (0x0000006f) 
0 3 000000008000052c (0x0000006f) 
0 3 000000008000052c (0x0000006f) 
0 3 000000008000052c (0x0000006f) 
0 3 000000008000052c (0x0000006f) 
0 3 000000008000052c (0x0000006f) 
0 3 000000008000052c (0x0000006f) 
0 3 000000008000052c (0x0000006f) 
0 3 000000008000052c (0x0000006f) 
0 3 000000008000052c (0x0000006f) 
0 3 000000008000052c (0x0000006f) 
0 3 000000008000052c (0x0000006f) 
0 3 000000008000052c (0x0000006f) 
0 3 000000008000052c (0x0000006f) 
0 3 000000008000052c (0x0000006f) 
0 3 000000008000052c (0x0000006f) 
0 3 000000008000052c (0x0000006f) 
0 3 000000008000052c (0x0000006f) 
0 3 000000008000052c (0x0000006f) 
0 3 000000008000052c (0x0000006f) 
0 3 000000008000052c (0x0000006f) 
0 3 000000008000052c (0x0000006f) 
0 3 000000008000052c (0x0000006f) 
0 3 000000008000052c (0x0000006f) 
0 3 000000008000052c (0x0000006f) 
0 3 000000008000052c (0x0000006f) 
0 3 000000008000052c (0x0000006f) 
0 3 000000008000052c (0x0000006f) 
0 3 000000008000052c (0x0000006f) 
0 3 000000008000052c (0x0000006f) 
0 3 000000008000052c (0x0000006f) 
0 3 000000008000052c (0x0000006f) 
0 3 000000008000052c (0x0000006f) 
0 3 000000008000052c (0x0000006f) 
0 3 000000008000052c (0x0000006f) 
0 3 000000008000052c (0x0000006f) 
0 3 000000008000052c (0x0000006f) 
0 3 000000008000052c (0x0000006f) 
0 3 000000008000052c (0x0000006f) 
0 3 000000008000052c (0x0000006f) 
0 3 000000008000052c (0x0000006f) 
0 3 000000008000052c (0x0000006f) 
0 3 000000008000052c (0x0000006f) 
0 3 000000008000052c (0x0000006f) 
0 3 000000008000052c (0x0000006f) 
0 3 000000008000052c (0x0000006f) 
0 3 000000008000052c (0x0000006f) 
0 3 000000008000052c (0x0000006f) 
0 3 000000008000052c (0x0000006f) 
0 3 000000008000052c (0x0000006f) 
0 3 000000008000052c (0x0000006f) 
0 3 000000008000052c (0x0000006f) 
0 3 000000008000052c (0x0000006f) 
0 3 000000008000052c (0x0000006f) 
0 3 000000008000052c (0x0000006f) 
0 3 000000008000052c (0x0000006f) 
0 3 000000008000052c (0x0000006f) 
0 3 000000008000052c (0x0000006f) 
0 3 000000008000052c (0x0000006f) 
0 3 000000008000052c (0x0000006f) 
0 3 000000008000052c (0x0000006f) 
0 3 000000008000052c (0x0000006f) 
0 3 000000008000052c (0x0000006f) 
0 3 000000008000052c (0x0000006f) 
0 3 000000008000052c (0x0000006f) 
0 3 000000008000052c (0x0000006f) 
0 3 000000008000052c (0x0000006f) 
0 3 000000008000052c (0x0000006f) 
0 3 000000008000052c (0x0000006f) 
0 3 000000008000052c (0x0000006f) 
0 3 000000008000052c (0x0000006f) 
0 3 000000008000052c (0x0000006f) 
0 3 000000008000052c (0x0000006f) 
0 3 000000008000052c (0x0000006f) 
0 3 000000008000052c (0x0000006f) 
0 3 000000008000052c (0x0000006f) 
0 3 000000008000052c (0x0000006f) 
0 3 000000008000052c (0x0000006f) 
0 3 000000008000052c (0x0000006f) 
0 3 000000008000052c (0x0000006f) 
0 3 000000008000052c (0x0000006f) 
0 3 000000008000052c (0x0000006f) 
0 3 000000008000052c (0x0000006f) 
0 3 000000008000052c (0x0000006f) 
0 3 000000008000052c (0x0000006f) 
0 3 000000008000052c (0x0000006f) 
0 3 000000008000052c (0x0000006f) 
0 3 000000008000052c (0x0000006f) 
0 3 000000008000052c (0x0000006f) 
0 3 000000008000052c (0x0000006f) 
0 3 000000008000052c (0x0000006f) 
0 3 000000008000052c (0x0000006f) 
0 3 000000008000052c (0x0000006f) 
0 3 000000008000052c (0x0000006f) 
0 3 000000008000052c (0x0000006f) 
0 3 000000008000052c (0x0000006f) 
0 3 000000008000052c (0x0000006f) 
0 3 000000008000052c (0x0000006f) 
0 3 000000008000052c (0x0000006f) 
0 3 000000008000052c (0x0000006f) 
0 3 000000008000052c (0x0000006f) 
0 3 000000008000052c (0x0000006f) 
0 3 000000008000052c (0x0000006f) 
0 3 000000008000052c (0x0000006f) 
0 3 000000008000052c (0x0000006f) 
0 3 000000008000052c (0x0000006f) 
0 3 000000008000052c (0x0000006f) 
0 3 000000008000052c (0x0000006f) 
0 3 000000008000052c (0x0000006f) 
0 3 000000008000052c (0x0000006f) 
0 3 000000008000052c (0x0000006f) 
0 3 000000008000052c (0x0000006f) 
0 3 000000008000052c (0x0000006f) 
0 3 000000008000052c (0x0000006f) 
0 3 000000008000052c (0x0000006f) 
0 3 000000008000052c (0x0000006f) 
0 3 000000008000052c (0x0000006f) 
0 3 000000008000052c (0x0000006f) 
0 3 000000008000052c (0x0000006f) 
0 3 000000008000052c (0x0000006f) 
0 3 000000008000052c (0x0000006f) 
0 3 000000008000052c (0x0000006f) 
0 3 000000008000052c (0x0000006f) 
0 3 000000008000052c (0x0000006f) 
0 3 000000008000052c (0x0000006f) 
0 3 000000008000052c (0x0000006f) 
0 3 000000008000052c (0x0000006f) 
0 3 000000008000052c (0x0000006f) 
0 3 000000008000052c (0x0000006f) 
0 3 000000008000052c (0x0000006f) 
0 3 000000008000052c (0x0000006f) 
0 3 000000008000052c (0x0000006f) 
0 3 000000008000052c (0x0000006f) 
0 3 000000008000052c (0x0000006f) 
0 3 000000008000052c (0x0000006f) 
0 3 000000008000052c (0x0000006f) 
0 3 000000008000052c (0x0000006f) 
0 3 000000008000052c (0x0000006f) 
0 3 000000008000052c (0x0000006f) 
0 3 000000008000052c (0x0000006f) 
0 3 000000008000052c (0x0000006f) 
0 3 000000008000052c (0x0000006f) 
0 3 000000008000052c (0x0000006f) 
0 3 000000008000052c (0x0000006f) 
0 3 000000008000052c (0x0000006f) 
0 3 000000008000052c (0x0000006f) 
0 3 000000008000052c (0x0000006f) 
0 3 000000008000052c (0x0000006f) 
0 3 000000008000052c (0x0000006f) 
0 3 000000008000052c (0x0000006f) 
0 3 000000008000052c (0x0000006f) 
0 3 000000008000052c (0x0000006f) 
0 3 000000008000052c (0x0000006f) 
0 3 000000008000052c (0x0000006f) 
0 3 000000008000052c (0x0000006f) 
0 3 000000008000052c (0x0000006f) 
0 3 000000008000052c (0x0000006f) 
0 3 000000008000052c (0x0000006f) 
0 3 000000008000052c (0x0000006f) 
0 3 000000008000052c (0x0000006f) 
0 3 000000008000052c (0x0000006f) 
0 3 000000008000052c (0x0000006f) 
0 3 000000008000052c (0x0000006f) 
0 3 000000008000052c (0x0000006f) 
0 3 000000008000052c (0x0000006f) 
0 3 000000008000052c (0x0000006f) 
0 3 000000008000052c (0x0000006f) 
0 3 000000008000052c (0x0000006f) 
0 3 000000008000052c (0x0000006f) 
0 3 000000008000052c (0x0000006f) 
0 3 000000008000052c (0x0000006f) 
0 3 000000008000052c (0x0000006f) 
0 3 000000008000052c (0x0000006f) 
0 3 000000008000052c (0x0000006f) 
0 3 000000008000052c (0x0000006f) 
0 3 000000008000052c (0x0000006f) 
0 3 000000008000052c (0x0000006f) 
0 3 000000008000052c (0x0000006f) 
0 3 000000008000052c (0x0000006f) 
0 3 000000008000052c (0x0000006f) 
0 3 000000008000052c (0x0000006f) 
0 3 000000008000052c (0x0000006f) 
0 3 000000008000052c (0x0000006f) 
0 3 000000008000052c (0x0000006f) 
0 3 000000008000052c (0x0000006f) 
0 3 000000008000052c (0x0000006f) 
0 3 000000008000052c (0x0000006f) 
0 3 000000008000052c (0x0000006f) 
0 3 000000008000052c (0x0000006f) 
0 3 000000008000052c (0x0000006f) 
0 3 000000008000052c (0x0000006f) 
0 3 000000008000052c (0x0000006f) 
0 3 000000008000052c (0x0000006f) 
0 3 000000008000052c (0x0000006f) 
0 3 000000008000052c (0x0000006f) 
0 3 000000008000052c (0x0000006f) 
0 3 000000008000052c (0x0000006f) 
0 3 000000008000052c (0x0000006f) 
0 3 000000008000052c (0x0000006f) 
0 3 000000008000052c (0x0000006f) 
0 3 000000008000052c (0x0000006f) 
0 3 000000008000052c (0x0000006f) 
0 3 000000008000052c (0x0000006f) 
0 3 000000008000052c (0x0000006f) 
0 3 000000008000052c (0x0000006f) 
0 3 000000008000052c (0x0000006f) 
0 3 000000008000052c (0x0000006f) 
0 3 000000008000052c (0x0000006f) 
0 3 000000008000052c (0x0000006f) 
0 3 000000008000052c (0x0000006f) 
0 3 000000008000052c (0x0000006f) 
0 3 000000008000052c (0x0000006f) 
0 3 000000008000052c (0x0000006f) 
0 3 000000008000052c (0x0000006f) 
0 3 000000008000052c (0x0000006f) 
0 3 000000008000052c (0x0000006f) 
0 3 000000008000052c (0x0000006f) 
0 3 000000008000052c (0x0000006f) 
0 3 000000008000052c (0x0000006f) 
0 3 000000008000052c (0x0000006f) 
0 3 000000008000052c (0x0000006f) 
0 3 000000008000052c (0x0000006f) 
0 3 000000008000052c (0x0000006f) 
0 3 000000008000052c (0x0000006f) 
0 3 000000008000052c (0x0000006f) 
0 3 000000008000052c (0x0000006f) 
0 3 000000008000052c (0x0000006f) 
0 3 000000008000052c (0x0000006f) 
0 3 000000008000052c (0x0000006f) 
0 3 000000008000052c (0x0000006f) 
0 3 000000008000052c (0x0000006f) 
0 3 000000008000052c (0x0000006f) 
0 3 000000008000052c (0x0000006f) 
0 3 000000008000052c (0x0000006f) 
0 3 000000008000052c (0x0000006f) 
0 3 000000008000052c (0x0000006f) 
0 3 000000008000052c (0x0000006f) 
0 3 000000008000052c (0x0000006f) 
0 3 000000008000052c (0x0000006f) 
0 3 000000008000052c (0x0000006f) 
0 3 000000008000052c (0x0000006f) 
0 3 000000008000052c (0x0000006f) 
0 3 000000008000052c (0x0000006f) 
0 3 000000008000052c (0x0000006f) 
0 3 000000008000052c (0x0000006f) 
0 3 000000008000052c (0x0000006f) 
0 3 000000008000052c (0x0000006f) 
0 3 000000008000052c (0x0000006f) 
0 3 000000008000052c (0x0000006f) 
0 3 000000008000052c (0x0000006f) 
0 3 000000008000052c (0x0000006f) 
0 3 000000008000052c (0x0000006f) 
0 3 000000008000052c (0x0000006f) 
0 3 000000008000052c (0x0000006f) 
0 3 000000008000052c (0x0000006f) 
0 3 000000008000052c (0x0000006f) 
0 3 000000008000052c (0x0000006f) 
0 3 000000008000052c (0x0000006f) 
0 3 000000008000052c (0x0000006f) 
0 3 000000008000052c (0x0000006f) 
0 3 000000008000052c (0x0000006f) 
0 3 000000008000052c (0x0000006f) 
0 3 000000008000052c (0x0000006f) 
0 3 000000008000052c (0x0000006f) 
0 3 000000008000052c (0x0000006f) 
0 3 000000008000052c (0x0000006f) 
0 3 000000008000052c (0x0000006f) 
0 3 000000008000052c (0x0000006f) 
0 3 000000008000052c (0x0000006f) 
0 3 000000008000052c (0x0000006f) 
0 3 000000008000052c (0x0000006f) 
0 3 000000008000052c (0x0000006f) 
0 3 000000008000052c (0x0000006f) 
0 3 000000008000052c (0x0000006f) 
0 3 000000008000052c (0x0000006f) 
0 3 000000008000052c (0x0000006f) 
0 3 000000008000052c (0x0000006f) 
0 3 000000008000052c (0x0000006f) 
0 3 000000008000052c (0x0000006f) 
0 3 000000008000052c (0x0000006f) 
0 3 000000008000052c (0x0000006f) 
0 3 000000008000052c (0x0000006f) 
0 3 000000008000052c (0x0000006f) 
0 3 000000008000052c (0x0000006f) 
0 3 000000008000052c (0x0000006f) 
0 3 000000008000052c (0x0000006f) 
0 3 000000008000052c (0x0000006f) 
0 3 000000008000052c (0x0000006f) 
0 3 000000008000052c (0x0000006f) 
0 3 000000008000052c (0x0000006f) 
0 3 000000008000052c (0x0000006f) 
0 3 000000008000052c (0x0000006f) 
0 3 000000008000052c (0x0000006f) 
0 3 000000008000052c (0x0000006f) 
0 3 000000008000052c (0x0000006f) 
0 3 000000008000052c (0x0000006f) 
0 3 000000008000052c (0x0000006f) 
0 3 000000008000052c (0x0000006f) 
0 3 000000008000052c (0x0000006f) 
0 3 000000008000052c (0x0000006f) 
0 3 000000008000052c (0x0000006f) 
0 3 000000008000052c (0x0000006f) 
0 3 000000008000052c (0x0000006f) 
0 3 000000008000052c (0x0000006f) 
0 3 000000008000052c (0x0000006f) 
0 3 000000008000052c (0x0000006f) 
0 3 000000008000052c (0x0000006f) 
0 3 000000008000052c (0x0000006f) 
0 3 000000008000052c (0x0000006f) 
0 3 000000008000052c (0x0000006f) 
0 3 000000008000052c (0x0000006f) 
0 3 000000008000052c (0x0000006f) 
0 3 000000008000052c (0x0000006f) 
0 3 000000008000052c (0x0000006f) 
0 3 000000008000052c (0x0000006f) 
0 3 000000008000052c (0x0000006f) 
0 3 000000008000052c (0x0000006f) 
0 3 000000008000052c (0x0000006f) 
0 3 000000008000052c (0x0000006f) 
0 3 000000008000052c (0x0000006f) 
0 3 000000008000052c (0x0000006f) 
0 3 000000008000052c (0x0000006f) 
0 3 000000008000052c (0x0000006f) 
0 3 000000008000052c (0x0000006f) 
0 3 000000008000052c (0x0000006f) 
0 3 000000008000052c (0x0000006f) 
0 3 000000008000052c (0x0000006f) 
0 3 000000008000052c (0x0000006f) 
0 3 000000008000052c (0x0000006f) 
0 3 000000008000052c (0x0000006f) 
0 3 000000008000052c (0x0000006f) 
0 3 000000008000052c (0x0000006f) 
0 3 000000008000052c (0x0000006f) 
0 3 000000008000052c (0x0000006f) 
0 3 000000008000052c (0x0000006f) 
0 3 000000008000052c (0x0000006f) 
0 3 000000008000052c (0x0000006f) 
0 3 000000008000052c (0x0000006f) 
0 3 000000008000052c (0x0000006f) 
0 3 000000008000052c (0x0000006f) 
0 3 000000008000052c (0x0000006f) 
0 3 000000008000052c (0x0000006f) 
0 3 000000008000052c (0x0000006f) 
0 3 000000008000052c (0x0000006f) 
0 3 000000008000052c (0x0000006f) 
0 3 000000008000052c (0x0000006f) 
0 3 000000008000052c (0x0000006f) 
0 3 000000008000052c (0x0000006f) 
0 3 000000008000052c (0x0000006f) 
0 3 000000008000052c (0x0000006f) 
0 3 000000008000052c (0x0000006f) 
0 3 000000008000052c (0x0000006f) 
0 3 000000008000052c (0x0000006f) 
0 3 000000008000052c (0x0000006f) 
0 3 000000008000052c (0x0000006f) 
0 3 000000008000052c (0x0000006f) 
0 3 000000008000052c (0x0000006f) 
0 3 000000008000052c (0x0000006f) 
0 3 000000008000052c (0x0000006f) 
0 3 000000008000052c (0x0000006f) 
0 3 000000008000052c (0x0000006f) 
0 3 000000008000052c (0x0000006f) 
0 3 000000008000052c (0x0000006f) 
0 3 000000008000052c (0x0000006f) 
0 3 000000008000052c (0x0000006f) 
0 3 000000008000052c (0x0000006f) 
0 3 000000008000052c (0x0000006f) 
0 3 000000008000052c (0x0000006f) 
0 3 000000008000052c (0x0000006f) 
0 3 000000008000052c (0x0000006f) 
0 3 000000008000052c (0x0000006f) 
0 3 000000008000052c (0x0000006f) 
0 3 000000008000052c (0x0000006f) 
0 3 000000008000052c (0x0000006f) 
0 3 000000008000052c (0x0000006f) 
0 3 000000008000052c (0x0000006f) 
0 3 000000008000052c (0x0000006f) 
0 3 000000008000052c (0x0000006f) 
0 3 000000008000052c (0x0000006f) 
0 3 000000008000052c (0x0000006f) 
0 3 000000008000052c (0x0000006f) 
0 3 000000008000052c (0x0000006f) 
0 3 000000008000052c (0x0000006f) 
0 3 000000008000052c (0x0000006f) 
0 3 000000008000052c (0x0000006f) 
0 3 000000008000052c (0x0000006f) 
0 3 000000008000052c (0x0000006f) 
0 3 000000008000052c (0x0000006f) 
0 3 000000008000052c (0x0000006f) 
0 3 000000008000052c (0x0000006f) 
0 3 000000008000052c (0x0000006f) 
0 3 000000008000052c (0x0000006f) 
0 3 000000008000052c (0x0000006f) 
0 3 000000008000052c (0x0000006f) 
0 3 000000008000052c (0x0000006f) 
0 3 000000008000052c (0x0000006f) 
0 3 000000008000052c (0x0000006f) 
0 3 000000008000052c (0x0000006f) 
0 3 000000008000052c (0x0000006f) 
0 3 000000008000052c (0x0000006f) 
0 3 000000008000052c (0x0000006f) 
0 3 000000008000052c (0x0000006f) 
0 3 000000008000052c (0x0000006f) 
0 3 000000008000052c (0x0000006f) 
0 3 000000008000052c (0x0000006f) 
0 3 000000008000052c (0x0000006f) 
0 3 000000008000052c (0x0000006f) 
0 3 000000008000052c (0x0000006f) 
0 3 000000008000052c (0x0000006f) 
0 3 000000008000052c (0x0000006f) 
0 3 000000008000052c (0x0000006f) 
0 3 000000008000052c (0x0000006f) 
0 3 000000008000052c (0x0000006f) 
0 3 000000008000052c (0x0000006f) 
0 3 000000008000052c (0x0000006f) 
0 3 000000008000052c (0x0000006f) 
0 3 000000008000052c (0x0000006f) 
0 3 000000008000052c (0x0000006f) 
0 3 000000008000052c (0x0000006f) 
0 3 000000008000052c (0x0000006f) 
0 3 000000008000052c (0x0000006f) 
0 3 000000008000052c (0x0000006f) 
0 3 000000008000052c (0x0000006f) 
0 3 000000008000052c (0x0000006f) 
0 3 000000008000052c (0x0000006f) 
0 3 000000008000052c (0x0000006f) 
0 3 000000008000052c (0x0000006f) 
0 3 000000008000052c (0x0000006f) 
0 3 000000008000052c (0x0000006f) 
0 3 000000008000052c (0x0000006f) 
0 3 000000008000052c (0x0000006f) 
0 3 000000008000052c (0x0000006f) 
0 3 000000008000052c (0x0000006f) 
0 3 000000008000052c (0x0000006f) 
0 3 000000008000052c (0x0000006f) 
0 3 000000008000052c (0x0000006f) 
0 3 000000008000052c (0x0000006f) 
0 3 000000008000052c (0x0000006f) 
0 3 000000008000052c (0x0000006f) 
0 3 000000008000052c (0x0000006f) 
0 3 000000008000052c (0x0000006f) 
0 3 000000008000052c (0x0000006f) 
0 3 000000008000052c (0x0000006f) 
0 3 000000008000052c (0x0000006f) 
0 3 000000008000052c (0x0000006f) 
0 3 000000008000052c (0x0000006f) 
0 3 000000008000052c (0x0000006f) 
0 3 000000008000052c (0x0000006f) 
0 3 000000008000052c (0x0000006f) 
0 3 000000008000052c (0x0000006f) 
0 3 000000008000052c (0x0000006f) 
0 3 000000008000052c (0x0000006f) 
0 3 000000008000052c (0x0000006f) 
0 3 000000008000052c (0x0000006f) 
0 3 000000008000052c (0x0000006f) 
0 3 000000008000052c (0x0000006f) 
0 3 000000008000052c (0x0000006f) 
0 3 000000008000052c (0x0000006f) 
0 3 000000008000052c (0x0000006f) 
0 3 000000008000052c (0x0000006f) 
0 3 000000008000052c (0x0000006f) 
0 3 000000008000052c (0x0000006f) 
0 3 000000008000052c (0x0000006f) 
0 3 000000008000052c (0x0000006f) 
0 3 000000008000052c (0x0000006f) 
0 3 000000008000052c (0x0000006f) 
0 3 000000008000052c (0x0000006f) 
0 3 000000008000052c (0x0000006f) 
0 3 000000008000052c (0x0000006f) 
0 3 000000008000052c (0x0000006f) 
0 3 000000008000052c (0x0000006f) 
0 3 000000008000052c (0x0000006f) 
0 3 000000008000052c (0x0000006f) 
0 3 000000008000052c (0x0000006f) 
0 3 000000008000052c (0x0000006f) 
0 3 000000008000052c (0x0000006f) 
0 3 000000008000052c (0x0000006f) 
0 3 000000008000052c (0x0000006f) 
0 3 000000008000052c (0x0000006f) 
0 3 000000008000052c (0x0000006f) 
0 3 000000008000052c (0x0000006f) 
0 3 000000008000052c (0x0000006f) 
0 3 000000008000052c (0x0000006f) 
0 3 000000008000052c (0x0000006f) 
0 3 000000008000052c (0x0000006f) 
0 3 000000008000052c (0x0000006f) 
0 3 000000008000052c (0x0000006f) 
0 3 000000008000052c (0x0000006f) 
0 3 000000008000052c (0x0000006f) 
0 3 000000008000052c (0x0000006f) 
0 3 000000008000052c (0x0000006f) 
0 3 000000008000052c (0x0000006f) 
0 3 000000008000052c (0x0000006f) 
0 3 000000008000052c (0x0000006f) 
0 3 000000008000052c (0x0000006f) 
0 3 000000008000052c (0x0000006f) 
0 3 000000008000052c (0x0000006f) 
0 3 000000008000052c (0x0000006f) 
0 3 000000008000052c (0x0000006f) 
0 3 000000008000052c (0x0000006f) 
0 3 000000008000052c (0x0000006f) 
0 3 000000008000052c (0x0000006f) 
0 3 000000008000052c (0x0000006f) 
0 3 000000008000052c (0x0000006f) 
0 3 000000008000052c (0x0000006f) 
0 3 000000008000052c (0x0000006f) 
0 3 000000008000052c (0x0000006f) 
0 3 000000008000052c (0x0000006f) 
0 3 000000008000052c (0x0000006f) 
0 3 000000008000052c (0x0000006f) 
0 3 000000008000052c (0x0000006f) 
0 3 000000008000052c (0x0000006f) 
0 3 000000008000052c (0x0000006f) 
0 3 000000008000052c (0x0000006f) 
0 3 000000008000052c (0x0000006f) 
0 3 000000008000052c (0x0000006f) 
0 3 000000008000052c (0x0000006f) 
0 3 000000008000052c (0x0000006f) 
0 3 000000008000052c (0x0000006f) 
0 3 000000008000052c (0x0000006f) 
0 3 000000008000052c (0x0000006f) 
0 3 000000008000052c (0x0000006f) 
0 3 000000008000052c (0x0000006f) 
0 3 000000008000052c (0x0000006f) 
0 3 000000008000052c (0x0000006f) 
0 3 000000008000052c (0x0000006f) 
0 3 000000008000052c (0x0000006f) 
0 3 000000008000052c (0x0000006f) 
0 3 000000008000052c (0x0000006f) 
0 3 000000008000052c (0x0000006f) 
0 3 000000008000052c (0x0000006f) 
0 3 000000008000052c (0x0000006f) 
0 3 000000008000052c (0x0000006f) 
0 3 000000008000052c (0x0000006f) 
0 3 000000008000052c (0x0000006f) 
0 3 000000008000052c (0x0000006f) 
0 3 000000008000052c (0x0000006f) 
0 3 000000008000052c (0x0000006f) 
0 3 000000008000052c (0x0000006f) 
0 3 000000008000052c (0x0000006f) 
0 3 000000008000052c (0x0000006f) 
0 3 000000008000052c (0x0000006f) 
0 3 000000008000052c (0x0000006f) 
0 3 000000008000052c (0x0000006f) 
0 3 000000008000052c (0x0000006f) 
0 3 000000008000052c (0x0000006f) 
0 3 000000008000052c (0x0000006f) 
0 3 000000008000052c (0x0000006f) 
0 3 000000008000052c (0x0000006f) 
0 3 000000008000052c (0x0000006f) 
0 3 000000008000052c (0x0000006f) 
0 3 000000008000052c (0x0000006f) 
0 3 000000008000052c (0x0000006f) 
0 3 000000008000052c (0x0000006f) 
0 3 000000008000052c (0x0000006f) 
0 3 000000008000052c (0x0000006f) 
0 3 000000008000052c (0x0000006f) 
0 3 000000008000052c (0x0000006f) 
0 3 000000008000052c (0x0000006f) 
0 3 000000008000052c (0x0000006f) 
0 3 000000008000052c (0x0000006f) 
0 3 000000008000052c (0x0000006f) 
0 3 000000008000052c (0x0000006f) 
0 3 000000008000052c (0x0000006f) 
0 3 000000008000052c (0x0000006f) 
0 3 000000008000052c (0x0000006f) 
0 3 000000008000052c (0x0000006f) 
0 3 000000008000052c (0x0000006f) 
0 3 000000008000052c (0x0000006f) 
0 3 000000008000052c (0x0000006f) 
0 3 000000008000052c (0x0000006f) 
0 3 000000008000052c (0x0000006f) 
0 3 000000008000052c (0x0000006f) 
0 3 000000008000052c (0x0000006f) 
0 3 000000008000052c (0x0000006f) 
0 3 000000008000052c (0x0000006f) 
0 3 000000008000052c (0x0000006f) 
0 3 000000008000052c (0x0000006f) 
0 3 000000008000052c (0x0000006f) 
0 3 000000008000052c (0x0000006f) 
0 3 000000008000052c (0x0000006f) 
0 3 000000008000052c (0x0000006f) 
0 3 000000008000052c (0x0000006f) 
0 3 000000008000052c (0x0000006f) 
0 3 000000008000052c (0x0000006f) 
0 3 000000008000052c (0x0000006f) 
0 3 000000008000052c (0x0000006f) 
0 3 000000008000052c (0x0000006f) 
0 3 000000008000052c (0x0000006f) 
0 3 000000008000052c (0x0000006f) 
0 3 000000008000052c (0x0000006f) 
0 3 000000008000052c (0x0000006f) 
0 3 000000008000052c (0x0000006f) 
0 3 000000008000052c (0x0000006f) 
0 3 000000008000052c (0x0000006f) 
0 3 000000008000052c (0x0000006f) 
0 3 000000008000052c (0x0000006f) 
0 3 000000008000052c (0x0000006f) 
0 3 000000008000052c (0x0000006f) 
0 3 000000008000052c (0x0000006f) 
0 3 000000008000052c (0x0000006f) 
0 3 000000008000052c (0x0000006f) 
0 3 000000008000052c (0x0000006f) 
0 3 000000008000052c (0x0000006f) 
0 3 000000008000052c (0x0000006f) 
0 3 000000008000052c (0x0000006f) 
0 3 000000008000052c (0x0000006f) 
0 3 000000008000052c (0x0000006f) 
0 3 000000008000052c (0x0000006f) 
0 3 000000008000052c (0x0000006f) 
0 3 000000008000052c (0x0000006f) 
0 3 000000008000052c (0x0000006f) 
0 3 000000008000052c (0x0000006f) 
0 3 000000008000052c (0x0000006f) 
0 3 000000008000052c (0x0000006f) 
0 3 000000008000052c (0x0000006f) 
0 3 000000008000052c (0x0000006f) 
0 3 000000008000052c (0x0000006f) 
0 3 000000008000052c (0x0000006f) 
0 3 000000008000052c (0x0000006f) 
0 3 000000008000052c (0x0000006f) 
0 3 000000008000052c (0x0000006f) 
0 3 000000008000052c (0x0000006f) 
0 3 000000008000052c (0x0000006f) 
0 3 000000008000052c (0x0000006f) 
0 3 000000008000052c (0x0000006f) 
0 3 000000008000052c (0x0000006f) 
0 3 000000008000052c (0x0000006f) 
0 3 000000008000052c (0x0000006f) 
0 3 000000008000052c (0x0000006f) 
0 3 000000008000052c (0x0000006f) 
0 3 000000008000052c (0x0000006f) 
0 3 000000008000052c (0x0000006f) 
0 3 000000008000052c (0x0000006f) 
0 3 000000008000052c (0x0000006f) 
0 3 000000008000052c (0x0000006f) 
0 3 000000008000052c (0x0000006f) 
0 3 000000008000052c (0x0000006f) 
0 3 000000008000052c (0x0000006f) 
0 3 000000008000052c (0x0000006f) 
0 3 000000008000052c (0x0000006f) 
0 3 000000008000052c (0x0000006f) 
0 3 000000008000052c (0x0000006f) 
0 3 000000008000052c (0x0000006f) 
0 3 000000008000052c (0x0000006f) 
0 3 000000008000052c (0x0000006f) 
0 3 000000008000052c (0x0000006f) 
0 3 000000008000052c (0x0000006f) 
0 3 000000008000052c (0x0000006f) 
0 3 000000008000052c (0x0000006f) 
0 3 000000008000052c (0x0000006f) 
0 3 000000008000052c (0x0000006f) 
0 3 000000008000052c (0x0000006f) 
0 3 000000008000052c (0x0000006f) 
0 3 000000008000052c (0x0000006f) 
0 3 000000008000052c (0x0000006f) 
0 3 000000008000052c (0x0000006f) 
0 3 000000008000052c (0x0000006f) 
0 3 000000008000052c (0x0000006f) 
0 3 000000008000052c (0x0000006f) 
0 3 000000008000052c (0x0000006f) 
0 3 000000008000052c (0x0000006f) 
0 3 000000008000052c (0x0000006f) 
0 3 000000008000052c (0x0000006f) 
0 3 000000008000052c (0x0000006f) 
0 3 000000008000052c (0x0000006f) 
0 3 000000008000052c (0x0000006f) 
0 3 000000008000052c (0x0000006f) 
0 3 000000008000052c (0x0000006f) 
0 3 000000008000052c (0x0000006f) 
0 3 000000008000052c (0x0000006f) 
0 3 000000008000052c (0x0000006f) 
0 3 000000008000052c (0x0000006f) 
0 3 000000008000052c (0x0000006f) 
0 3 000000008000052c (0x0000006f) 
0 3 000000008000052c (0x0000006f) 
0 3 000000008000052c (0x0000006f) 
0 3 000000008000052c (0x0000006f) 
0 3 000000008000052c (0x0000006f) 
0 3 000000008000052c (0x0000006f) 
0 3 000000008000052c (0x0000006f) 
0 3 000000008000052c (0x0000006f) 
0 3 000000008000052c (0x0000006f) 
0 3 000000008000052c (0x0000006f) 
0 3 000000008000052c (0x0000006f) 
0 3 000000008000052c (0x0000006f) 
0 3 000000008000052c (0x0000006f) 
0 3 000000008000052c (0x0000006f) 
0 3 000000008000052c (0x0000006f) 
0 3 000000008000052c (0x0000006f) 
0 3 000000008000052c (0x0000006f) 
0 3 000000008000052c (0x0000006f) 
0 3 000000008000052c (0x0000006f) 
0 3 000000008000052c (0x0000006f) 
0 3 000000008000052c (0x0000006f) 
0 3 000000008000052c (0x0000006f) 
0 3 000000008000052c (0x0000006f) 
0 3 000000008000052c (0x0000006f) 
0 3 000000008000052c (0x0000006f) 
0 3 000000008000052c (0x0000006f) 
0 3 000000008000052c (0x0000006f) 
0 3 000000008000052c (0x0000006f) 
0 3 000000008000052c (0x0000006f) 
0 3 000000008000052c (0x0000006f) 
0 3 000000008000052c (0x0000006f) 
0 3 000000008000052c (0x0000006f) 
0 3 000000008000052c (0x0000006f) 
0 3 000000008000052c (0x0000006f) 
0 3 000000008000052c (0x0000006f) 
0 3 000000008000052c (0x0000006f) 
0 3 000000008000052c (0x0000006f) 
0 3 000000008000052c (0x0000006f) 
0 3 000000008000052c (0x0000006f) 
0 3 000000008000052c (0x0000006f) 
0 3 000000008000052c (0x0000006f) 
0 3 000000008000052c (0x0000006f) 
0 3 000000008000052c (0x0000006f) 
0 3 000000008000052c (0x0000006f) 
0 3 000000008000052c (0x0000006f) 
0 3 000000008000052c (0x0000006f) 
0 3 000000008000052c (0x0000006f) 
0 3 000000008000052c (0x0000006f) 
0 3 000000008000052c (0x0000006f) 
0 3 000000008000052c (0x0000006f) 
0 3 000000008000052c (0x0000006f) 
0 3 000000008000052c (0x0000006f) 
0 3 000000008000052c (0x0000006f) 
0 3 000000008000052c (0x0000006f) 
0 3 000000008000052c (0x0000006f) 
0 3 000000008000052c (0x0000006f) 
0 3 000000008000052c (0x0000006f) 
0 3 000000008000052c (0x0000006f) 
0 3 000000008000052c (0x0000006f) 
0 3 000000008000052c (0x0000006f) 
0 3 000000008000052c (0x0000006f) 
0 3 000000008000052c (0x0000006f) 
0 3 000000008000052c (0x0000006f) 
0 3 000000008000052c (0x0000006f) 
0 3 000000008000052c (0x0000006f) 
0 3 000000008000052c (0x0000006f) 
0 3 000000008000052c (0x0000006f) 
0 3 000000008000052c (0x0000006f) 
0 3 000000008000052c (0x0000006f) 
0 3 000000008000052c (0x0000006f) 
0 3 000000008000052c (0x0000006f) 
0 3 000000008000052c (0x0000006f) 
0 3 000000008000052c (0x0000006f) 
0 3 000000008000052c (0x0000006f) 
0 3 000000008000052c (0x0000006f) 
0 3 000000008000052c (0x0000006f) 
0 3 000000008000052c (0x0000006f) 
0 3 000000008000052c (0x0000006f) 
0 3 000000008000052c (0x0000006f) 
0 3 000000008000052c (0x0000006f) 
0 3 000000008000052c (0x0000006f) 
0 3 000000008000052c (0x0000006f) 
0 3 000000008000052c (0x0000006f) 
0 3 000000008000052c (0x0000006f) 
0 3 000000008000052c (0x0000006f) 
0 3 000000008000052c (0x0000006f) 
0 3 000000008000052c (0x0000006f) 
0 3 000000008000052c (0x0000006f) 
0 3 000000008000052c (0x0000006f) 
0 3 000000008000052c (0x0000006f) 
0 3 000000008000052c (0x0000006f) 
0 3 000000008000052c (0x0000006f) 
0 3 000000008000052c (0x0000006f) 
0 3 000000008000052c (0x0000006f) 
0 3 000000008000052c (0x0000006f) 
0 3 000000008000052c (0x0000006f) 
0 3 000000008000052c (0x0000006f) 
0 3 000000008000052c (0x0000006f) 
0 3 000000008000052c (0x0000006f) 
0 3 000000008000052c (0x0000006f) 
0 3 000000008000052c (0x0000006f) 
0 3 000000008000052c (0x0000006f) 
0 3 000000008000052c (0x0000006f) 
0 3 000000008000052c (0x0000006f) 
0 3 000000008000052c (0x0000006f) 
0 3 000000008000052c (0x0000006f) 
0 3 000000008000052c (0x0000006f) 
0 3 000000008000052c (0x0000006f) 
0 3 000000008000052c (0x0000006f) 
0 3 000000008000052c (0x0000006f) 
0 3 000000008000052c (0x0000006f) 
0 3 000000008000052c (0x0000006f) 
0 3 000000008000052c (0x0000006f) 
0 3 000000008000052c (0x0000006f) 
0 3 000000008000052c (0x0000006f) 
0 3 000000008000052c (0x0000006f) 
0 3 000000008000052c (0x0000006f) 
0 3 000000008000052c (0x0000006f) 
0 3 000000008000052c (0x0000006f) 
0 3 000000008000052c (0x0000006f) 
0 3 000000008000052c (0x0000006f) 
0 3 000000008000052c (0x0000006f) 
0 3 000000008000052c (0x0000006f) 
0 3 000000008000052c (0x0000006f) 
0 3 000000008000052c (0x0000006f) 
0 3 000000008000052c (0x0000006f) 
0 3 000000008000052c (0x0000006f) 
0 3 000000008000052c (0x0000006f) 
0 3 000000008000052c (0x0000006f) 
0 3 000000008000052c (0x0000006f) 
0 3 000000008000052c (0x0000006f) 
0 3 000000008000052c (0x0000006f) 
0 3 000000008000052c (0x0000006f) 
0 3 000000008000052c (0x0000006f) 
0 3 000000008000052c (0x0000006f) 
0 3 000000008000052c (0x0000006f) 
0 3 000000008000052c (0x0000006f) 
0 3 000000008000052c (0x0000006f) 
0 3 000000008000052c (0x0000006f) 
0 3 000000008000052c (0x0000006f) 
0 3 000000008000052c (0x0000006f) 
0 3 000000008000052c (0x0000006f) 
0 3 000000008000052c (0x0000006f) 
0 3 000000008000052c (0x0000006f) 
0 3 000000008000052c (0x0000006f) 
0 3 000000008000052c (0x0000006f) 
0 3 000000008000052c (0x0000006f) 
0 3 000000008000052c (0x0000006f) 
0 3 000000008000052c (0x0000006f) 
0 3 000000008000052c (0x0000006f) 
0 3 000000008000052c (0x0000006f) 
0 3 000000008000052c (0x0000006f) 
0 3 000000008000052c (0x0000006f) 
0 3 000000008000052c (0x0000006f) 
0 3 000000008000052c (0x0000006f) 
0 3 000000008000052c (0x0000006f) 
0 3 000000008000052c (0x0000006f) 
0 3 000000008000052c (0x0000006f) 
0 3 000000008000052c (0x0000006f) 
0 3 000000008000052c (0x0000006f) 
0 3 000000008000052c (0x0000006f) 
0 3 000000008000052c (0x0000006f) 
0 3 000000008000052c (0x0000006f) 
0 3 000000008000052c (0x0000006f) 
0 3 000000008000052c (0x0000006f) 
0 3 000000008000052c (0x0000006f) 
0 3 000000008000052c (0x0000006f) 
0 3 000000008000052c (0x0000006f) 
0 3 000000008000052c (0x0000006f) 
0 3 000000008000052c (0x0000006f) 
0 3 000000008000052c (0x0000006f) 
0 3 000000008000052c (0x0000006f) 
0 3 000000008000052c (0x0000006f) 
0 3 000000008000052c (0x0000006f) 
0 3 000000008000052c (0x0000006f) 
0 3 000000008000052c (0x0000006f) 
0 3 000000008000052c (0x0000006f) 
0 3 000000008000052c (0x0000006f) 
0 3 000000008000052c (0x0000006f) 
0 3 000000008000052c (0x0000006f) 
0 3 000000008000052c (0x0000006f) 
0 3 000000008000052c (0x0000006f) 
0 3 000000008000052c (0x0000006f) 
0 3 000000008000052c (0x0000006f) 
0 3 000000008000052c (0x0000006f) 
0 3 000000008000052c (0x0000006f) 
0 3 000000008000052c (0x0000006f) 
0 3 000000008000052c (0x0000006f) 
0 3 000000008000052c (0x0000006f) 
0 3 000000008000052c (0x0000006f) 
0 3 000000008000052c (0x0000006f) 
0 3 000000008000052c (0x0000006f) 
0 3 000000008000052c (0x0000006f) 
0 3 000000008000052c (0x0000006f) 
0 3 000000008000052c (0x0000006f) 
0 3 000000008000052c (0x0000006f) 
0 3 000000008000052c (0x0000006f) 
0 3 000000008000052c (0x0000006f) 
0 3 000000008000052c (0x0000006f) 
0 3 000000008000052c (0x0000006f) 
0 3 000000008000052c (0x0000006f) 
0 3 000000008000052c (0x0000006f) 
0 3 000000008000052c (0x0000006f) 
0 3 000000008000052c (0x0000006f) 
0 3 000000008000052c (0x0000006f) 
0 3 000000008000052c (0x0000006f) 
0 3 000000008000052c (0x0000006f) 
0 3 000000008000052c (0x0000006f) 
0 3 000000008000052c (0x0000006f) 
0 3 000000008000052c (0x0000006f) 
0 3 000000008000052c (0x0000006f) 
0 3 000000008000052c (0x0000006f) 
0 3 000000008000052c (0x0000006f) 
0 3 000000008000052c (0x0000006f) 
0 3 000000008000052c (0x0000006f) 
0 3 000000008000052c (0x0000006f) 
0 3 000000008000052c (0x0000006f) 
0 3 000000008000052c (0x0000006f) 
0 3 000000008000052c (0x0000006f) 
0 3 000000008000052c (0x0000006f) 
0 3 000000008000052c (0x0000006f) 
0 3 000000008000052c (0x0000006f) 
0 3 000000008000052c (0x0000006f) 
0 3 000000008000052c (0x0000006f) 
0 3 000000008000052c (0x0000006f) 
0 3 000000008000052c (0x0000006f) 
0 3 000000008000052c (0x0000006f) 
0 3 000000008000052c (0x0000006f) 
0 3 000000008000052c (0x0000006f) 
0 3 000000008000052c (0x0000006f) 
0 3 000000008000052c (0x0000006f) 
0 3 000000008000052c (0x0000006f) 
0 3 000000008000052c (0x0000006f) 
0 3 000000008000052c (0x0000006f) 
0 3 000000008000052c (0x0000006f) 
0 3 000000008000052c (0x0000006f) 
0 3 000000008000052c (0x0000006f) 
0 3 000000008000052c (0x0000006f) 
0 3 000000008000052c (0x0000006f) 
0 3 000000008000052c (0x0000006f) 
0 3 000000008000052c (0x0000006f) 
0 3 000000008000052c (0x0000006f) 
0 3 000000008000052c (0x0000006f) 
0 3 000000008000052c (0x0000006f) 
0 3 000000008000052c (0x0000006f) 
0 3 000000008000052c (0x0000006f) 
0 3 000000008000052c (0x0000006f) 
0 3 000000008000052c (0x0000006f) 
0 3 000000008000052c (0x0000006f) 
0 3 000000008000052c (0x0000006f) 
0 3 000000008000052c (0x0000006f) 
0 3 000000008000052c (0x0000006f) 
0 3 000000008000052c (0x0000006f) 
0 3 000000008000052c (0x0000006f) 
0 3 000000008000052c (0x0000006f) 
0 3 000000008000052c (0x0000006f) 
0 3 000000008000052c (0x0000006f) 
0 3 000000008000052c (0x0000006f) 
0 3 000000008000052c (0x0000006f) 
0 3 000000008000052c (0x0000006f) 
0 3 000000008000052c (0x0000006f) 
0 3 000000008000052c (0x0000006f) 
0 3 000000008000052c (0x0000006f) 
0 3 000000008000052c (0x0000006f) 
0 3 000000008000052c (0x0000006f) 
0 3 000000008000052c (0x0000006f) 
0 3 000000008000052c (0x0000006f) 
0 3 000000008000052c (0x0000006f) 
0 3 000000008000052c (0x0000006f) 
0 3 000000008000052c (0x0000006f) 
0 3 000000008000052c (0x0000006f) 
0 3 000000008000052c (0x0000006f) 
0 3 000000008000052c (0x0000006f) 
0 3 000000008000052c (0x0000006f) 
0 3 000000008000052c (0x0000006f) 
0 3 000000008000052c (0x0000006f) 
0 3 000000008000052c (0x0000006f) 
0 3 000000008000052c (0x0000006f) 
0 3 000000008000052c (0x0000006f) 
0 3 000000008000052c (0x0000006f) 
0 3 000000008000052c (0x0000006f) 
0 3 000000008000052c (0x0000006f) 
0 3 000000008000052c (0x0000006f) 
0 3 000000008000052c (0x0000006f) 
0 3 000000008000052c (0x0000006f) 
0 3 000000008000052c (0x0000006f) 
0 3 000000008000052c (0x0000006f) 
0 3 000000008000052c (0x0000006f) 
0 3 000000008000052c (0x0000006f) 
0 3 000000008000052c (0x0000006f) 
0 3 000000008000052c (0x0000006f) 
0 3 000000008000052c (0x0000006f) 
0 3 000000008000052c (0x0000006f) 
0 3 000000008000052c (0x0000006f) 
0 3 000000008000052c (0x0000006f) 
0 3 000000008000052c (0x0000006f) 
0 3 000000008000052c (0x0000006f) 
0 3 000000008000052c (0x0000006f) 
0 3 000000008000052c (0x0000006f) 
0 3 000000008000052c (0x0000006f) 
0 3 000000008000052c (0x0000006f) 
0 3 000000008000052c (0x0000006f) 
0 3 000000008000052c (0x0000006f) 
0 3 000000008000052c (0x0000006f) 
0 3 000000008000052c (0x0000006f) 
0 3 000000008000052c (0x0000006f) 
0 3 000000008000052c (0x0000006f) 
0 3 000000008000052c (0x0000006f) 
0 3 000000008000052c (0x0000006f) 
0 3 000000008000052c (0x0000006f) 
0 3 000000008000052c (0x0000006f) 
0 3 000000008000052c (0x0000006f) 
0 3 000000008000052c (0x0000006f) 
0 3 000000008000052c (0x0000006f) 
0 3 000000008000052c (0x0000006f) 
0 3 000000008000052c (0x0000006f) 
0 3 000000008000052c (0x0000006f) 
0 3 000000008000052c (0x0000006f) 
0 3 000000008000052c (0x0000006f) 
0 3 000000008000052c (0x0000006f) 
0 3 000000008000052c (0x0000006f) 
0 3 000000008000052c (0x0000006f) 
0 3 000000008000052c (0x0000006f) 
0 3 000000008000052c (0x0000006f) 
0 3 000000008000052c (0x0000006f) 
0 3 000000008000052c (0x0000006f) 
0 3 000000008000052c (0x0000006f) 
0 3 000000008000052c (0x0000006f) 
0 3 000000008000052c (0x0000006f) 
0 3 000000008000052c (0x0000006f) 
0 3 000000008000052c (0x0000006f) 
0 3 000000008000052c (0x0000006f) 
0 3 000000008000052c (0x0000006f) 
0 3 000000008000052c (0x0000006f) 
0 3 000000008000052c (0x0000006f) 
0 3 000000008000052c (0x0000006f) 
0 3 000000008000052c (0x0000006f) 
0 3 000000008000052c (0x0000006f) 
0 3 000000008000052c (0x0000006f) 
0 3 000000008000052c (0x0000006f) 
0 3 000000008000052c (0x0000006f) 
0 3 000000008000052c (0x0000006f) 
0 3 000000008000052c (0x0000006f) 
0 3 000000008000052c (0x0000006f) 
0 3 000000008000052c (0x0000006f) 
0 3 000000008000052c (0x0000006f) 
0 3 000000008000052c (0x0000006f) 
0 3 000000008000052c (0x0000006f) 
0 3 000000008000052c (0x0000006f) 
0 3 000000008000052c (0x0000006f) 
0 3 000000008000052c (0x0000006f) 
0 3 000000008000052c (0x0000006f) 
0 3 000000008000052c (0x0000006f) 
0 3 000000008000052c (0x0000006f) 
0 3 000000008000052c (0x0000006f) 
0 3 000000008000052c (0x0000006f) 
0 3 000000008000052c (0x0000006f) 
0 3 000000008000052c (0x0000006f) 
0 3 000000008000052c (0x0000006f) 
0 3 000000008000052c (0x0000006f) 
0 3 000000008000052c (0x0000006f) 
0 3 000000008000052c (0x0000006f) 
0 3 000000008000052c (0x0000006f) 
0 3 000000008000052c (0x0000006f) 
0 3 000000008000052c (0x0000006f) 
0 3 000000008000052c (0x0000006f) 
0 3 000000008000052c (0x0000006f) 
0 3 000000008000052c (0x0000006f) 
0 3 000000008000052c (0x0000006f) 
0 3 000000008000052c (0x0000006f) 
0 3 000000008000052c (0x0000006f) 
0 3 000000008000052c (0x0000006f) 
0 3 000000008000052c (0x0000006f) 
0 3 000000008000052c (0x0000006f) 
0 3 000000008000052c (0x0000006f) 
0 3 000000008000052c (0x0000006f) 
0 3 000000008000052c (0x0000006f) 
0 3 000000008000052c (0x0000006f) 
0 3 000000008000052c (0x0000006f) 
0 3 000000008000052c (0x0000006f) 
0 3 000000008000052c (0x0000006f) 
0 3 000000008000052c (0x0000006f) 
0 3 000000008000052c (0x0000006f) 
0 3 000000008000052c (0x0000006f) 
0 3 000000008000052c (0x0000006f) 
0 3 000000008000052c (0x0000006f) 
0 3 000000008000052c (0x0000006f) 
0 3 000000008000052c (0x0000006f) 
0 3 000000008000052c (0x0000006f) 
0 3 000000008000052c (0x0000006f) 
0 3 000000008000052c (0x0000006f) 
0 3 000000008000052c (0x0000006f) 
0 3 000000008000052c (0x0000006f) 
0 3 000000008000052c (0x0000006f) 
0 3 000000008000052c (0x0000006f) 
0 3 000000008000052c (0x0000006f) 
0 3 000000008000052c (0x0000006f) 
0 3 000000008000052c (0x0000006f) 
0 3 000000008000052c (0x0000006f) 
0 3 000000008000052c (0x0000006f) 
0 3 000000008000052c (0x0000006f) 
0 3 000000008000052c (0x0000006f) 
0 3 000000008000052c (0x0000006f) 
0 3 000000008000052c (0x0000006f) 
0 3 000000008000052c (0x0000006f) 
0 3 000000008000052c (0x0000006f) 
0 3 000000008000052c (0x0000006f) 
0 3 000000008000052c (0x0000006f) 
0 3 000000008000052c (0x0000006f) 
0 3 000000008000052c (0x0000006f) 
0 3 000000008000052c (0x0000006f) 
0 3 000000008000052c (0x0000006f) 
0 3 000000008000052c (0x0000006f) 
0 3 000000008000052c (0x0000006f) 
0 3 000000008000052c (0x0000006f) 
0 3 000000008000052c (0x0000006f) 
0 3 000000008000052c (0x0000006f) 
0 3 000000008000052c (0x0000006f) 
0 3 000000008000052c (0x0000006f) 
0 3 000000008000052c (0x0000006f) 
0 3 000000008000052c (0x0000006f) 
0 3 000000008000052c (0x0000006f) 
0 3 000000008000052c (0x0000006f) 
0 3 000000008000052c (0x0000006f) 
0 3 000000008000052c (0x0000006f) 
0 3 000000008000052c (0x0000006f) 
0 3 000000008000052c (0x0000006f) 
0 3 000000008000052c (0x0000006f) 
0 3 000000008000052c (0x0000006f) 
0 3 000000008000052c (0x0000006f) 
0 3 000000008000052c (0x0000006f) 
0 3 000000008000052c (0x0000006f) 
0 3 000000008000052c (0x0000006f) 
0 3 000000008000052c (0x0000006f) 
0 3 000000008000052c (0x0000006f) 
0 3 000000008000052c (0x0000006f) 
0 3 000000008000052c (0x0000006f) 
0 3 000000008000052c (0x0000006f) 
0 3 000000008000052c (0x0000006f) 
0 3 000000008000052c (0x0000006f) 
0 3 000000008000052c (0x0000006f) 
0 3 000000008000052c (0x0000006f) 
0 3 000000008000052c (0x0000006f) 
0 3 000000008000052c (0x0000006f) 
0 3 000000008000052c (0x0000006f) 
0 3 000000008000052c (0x0000006f) 
0 3 000000008000052c (0x0000006f) 
0 3 000000008000052c (0x0000006f) 
0 3 000000008000052c (0x0000006f) 
0 3 000000008000052c (0x0000006f) 
0 3 000000008000052c (0x0000006f) 
0 3 000000008000052c (0x0000006f) 
0 3 000000008000052c (0x0000006f) 
0 3 000000008000052c (0x0000006f) 
0 3 000000008000052c (0x0000006f) 
0 3 000000008000052c (0x0000006f) 
0 3 000000008000052c (0x0000006f) 
0 3 000000008000052c (0x0000006f) 
0 3 000000008000052c (0x0000006f) 
0 3 000000008000052c (0x0000006f) 
0 3 000000008000052c (0x0000006f) 
0 3 000000008000052c (0x0000006f) 
0 3 000000008000052c (0x0000006f) 
0 3 000000008000052c (0x0000006f) 
0 3 000000008000052c (0x0000006f) 
0 3 000000008000052c (0x0000006f) 
0 3 000000008000052c (0x0000006f) 
0 3 000000008000052c (0x0000006f) 
0 3 000000008000052c (0x0000006f) 
0 3 000000008000052c (0x0000006f) 
0 3 000000008000052c (0x0000006f) 
0 3 000000008000052c (0x0000006f) 
0 3 000000008000052c (0x0000006f) 
0 3 000000008000052c (0x0000006f) 
0 3 000000008000052c (0x0000006f) 
0 3 000000008000052c (0x0000006f) 
0 3 000000008000052c (0x0000006f) 
0 3 000000008000052c (0x0000006f) 
0 3 000000008000052c (0x0000006f) 
0 3 000000008000052c (0x0000006f) 
0 3 000000008000052c (0x0000006f) 
0 3 000000008000052c (0x0000006f) 
0 3 000000008000052c (0x0000006f) 
0 3 000000008000052c (0x0000006f) 
0 3 000000008000052c (0x0000006f) 
0 3 000000008000052c (0x0000006f) 
0 3 000000008000052c (0x0000006f) 
0 3 000000008000052c (0x0000006f) 
0 3 000000008000052c (0x0000006f) 
0 3 000000008000052c (0x0000006f) 
0 3 000000008000052c (0x0000006f) 
0 3 000000008000052c (0x0000006f) 
0 3 000000008000052c (0x0000006f) 
0 3 000000008000052c (0x0000006f) 
0 3 000000008000052c (0x0000006f) 
0 3 000000008000052c (0x0000006f) 
0 3 000000008000052c (0x0000006f) 
0 3 000000008000052c (0x0000006f) 
0 3 000000008000052c (0x0000006f) 
0 3 000000008000052c (0x0000006f) 
0 3 000000008000052c (0x0000006f) 
0 3 000000008000052c (0x0000006f) 
0 3 000000008000052c (0x0000006f) 
0 3 000000008000052c (0x0000006f) 
0 3 000000008000052c (0x0000006f) 
0 3 000000008000052c (0x0000006f) 
0 3 000000008000052c (0x0000006f) 
0 3 000000008000052c (0x0000006f) 
0 3 000000008000052c (0x0000006f) 
0 3 000000008000052c (0x0000006f) 
0 3 000000008000052c (0x0000006f) 
0 3 000000008000052c (0x0000006f) 
0 3 000000008000052c (0x0000006f) 
0 3 000000008000052c (0x0000006f) 
0 3 000000008000052c (0x0000006f) 
0 3 000000008000052c (0x0000006f) 
0 3 000000008000052c (0x0000006f) 
0 3 000000008000052c (0x0000006f) 
0 3 000000008000052c (0x0000006f) 
0 3 000000008000052c (0x0000006f) 
0 3 000000008000052c (0x0000006f) 
0 3 000000008000052c (0x0000006f) 
0 3 000000008000052c (0x0000006f) 
0 3 000000008000052c (0x0000006f) 
0 3 000000008000052c (0x0000006f) 
0 3 000000008000052c (0x0000006f) 
0 3 000000008000052c (0x0000006f) 
0 3 000000008000052c (0x0000006f) 
0 3 000000008000052c (0x0000006f) 
0 3 000000008000052c (0x0000006f) 
0 3 000000008000052c (0x0000006f) 
0 3 000000008000052c (0x0000006f) 
0 3 000000008000052c (0x0000006f) 
0 3 000000008000052c (0x0000006f) 
0 3 000000008000052c (0x0000006f) 
0 3 000000008000052c (0x0000006f) 
0 3 000000008000052c (0x0000006f) 
0 3 000000008000052c (0x0000006f) 
0 3 000000008000052c (0x0000006f) 
0 3 000000008000052c (0x0000006f) 
0 3 000000008000052c (0x0000006f) 
0 3 000000008000052c (0x0000006f) 
0 3 000000008000052c (0x0000006f) 
0 3 000000008000052c (0x0000006f) 
0 3 000000008000052c (0x0000006f) 
0 3 000000008000052c (0x0000006f) 
0 3 000000008000052c (0x0000006f) 
0 3 000000008000052c (0x0000006f) 
0 3 000000008000052c (0x0000006f) 
0 3 000000008000052c (0x0000006f) 
0 3 000000008000052c (0x0000006f) 
0 3 000000008000052c (0x0000006f) 
0 3 000000008000052c (0x0000006f) 
0 3 000000008000052c (0x0000006f) 
0 3 000000008000052c (0x0000006f) 
0 3 000000008000052c (0x0000006f) 
0 3 000000008000052c (0x0000006f) 
0 3 000000008000052c (0x0000006f) 
0 3 000000008000052c (0x0000006f) 
0 3 000000008000052c (0x0000006f) 
0 3 000000008000052c (0x0000006f) 
0 3 000000008000052c (0x0000006f) 
0 3 000000008000052c (0x0000006f) 
0 3 000000008000052c (0x0000006f) 
0 3 000000008000052c (0x0000006f) 
0 3 000000008000052c (0x0000006f) 
0 3 000000008000052c (0x0000006f) 
0 3 000000008000052c (0x0000006f) 
0 3 000000008000052c (0x0000006f) 
0 3 000000008000052c (0x0000006f) 
0 3 000000008000052c (0x0000006f) 
0 3 000000008000052c (0x0000006f) 
0 3 000000008000052c (0x0000006f) 
0 3 000000008000052c (0x0000006f) 
0 3 000000008000052c (0x0000006f) 
0 3 000000008000052c (0x0000006f) 
0 3 000000008000052c (0x0000006f) 
0 3 000000008000052c (0x0000006f) 
0 3 000000008000052c (0x0000006f) 
0 3 000000008000052c (0x0000006f) 
0 3 000000008000052c (0x0000006f) 
0 3 000000008000052c (0x0000006f) 
0 3 000000008000052c (0x0000006f) 
0 3 000000008000052c (0x0000006f) 
0 3 000000008000052c (0x0000006f) 
0 3 000000008000052c (0x0000006f) 
0 3 000000008000052c (0x0000006f) 
0 3 000000008000052c (0x0000006f) 
0 3 000000008000052c (0x0000006f) 
0 3 000000008000052c (0x0000006f) 
0 3 000000008000052c (0x0000006f) 
0 3 000000008000052c (0x0000006f) 
0 3 000000008000052c (0x0000006f) 
0 3 000000008000052c (0x0000006f) 
0 3 000000008000052c (0x0000006f) 
0 3 000000008000052c (0x0000006f) 
0 3 000000008000052c (0x0000006f) 
0 3 000000008000052c (0x0000006f) 
0 3 000000008000052c (0x0000006f) 
0 3 000000008000052c (0x0000006f) 
0 3 000000008000052c (0x0000006f) 
0 3 000000008000052c (0x0000006f) 
0 3 000000008000052c (0x0000006f) 
0 3 000000008000052c (0x0000006f) 
0 3 000000008000052c (0x0000006f) 
0 3 000000008000052c (0x0000006f) 
0 3 000000008000052c (0x0000006f) 
0 3 000000008000052c (0x0000006f) 
0 3 000000008000052c (0x0000006f) 
0 3 000000008000052c (0x0000006f) 
0 3 000000008000052c (0x0000006f) 
0 3 000000008000052c (0x0000006f) 
0 3 000000008000052c (0x0000006f) 
0 3 000000008000052c (0x0000006f) 
0 3 000000008000052c (0x0000006f) 
0 3 000000008000052c (0x0000006f) 
0 3 000000008000052c (0x0000006f) 
0 3 000000008000052c (0x0000006f) 
0 3 000000008000052c (0x0000006f) 
0 3 000000008000052c (0x0000006f) 
0 3 000000008000052c (0x0000006f) 
0 3 000000008000052c (0x0000006f) 
0 3 000000008000052c (0x0000006f) 
0 3 000000008000052c (0x0000006f) 
0 3 000000008000052c (0x0000006f) 
0 3 000000008000052c (0x0000006f) 
0 3 000000008000052c (0x0000006f) 
0 3 000000008000052c (0x0000006f) 
0 3 000000008000052c (0x0000006f) 
0 3 000000008000052c (0x0000006f) 
0 3 000000008000052c (0x0000006f) 
0 3 000000008000052c (0x0000006f) 
0 3 000000008000052c (0x0000006f) 
0 3 000000008000052c (0x0000006f) 
0 3 000000008000052c (0x0000006f) 
0 3 000000008000052c (0x0000006f) 
0 3 000000008000052c (0x0000006f) 
0 3 000000008000052c (0x0000006f) 
0 3 000000008000052c (0x0000006f) 
0 3 000000008000052c (0x0000006f) 
0 3 000000008000052c (0x0000006f) 
0 3 000000008000052c (0x0000006f) 
0 3 000000008000052c (0x0000006f) 
0 3 000000008000052c (0x0000006f) 
0 3 000000008000052c (0x0000006f) 
0 3 000000008000052c (0x0000006f) 
0 3 000000008000052c (0x0000006f) 
0 3 000000008000052c (0x0000006f) 
0 3 000000008000052c (0x0000006f) 
0 3 000000008000052c (0x0000006f) 
0 3 000000008000052c (0x0000006f) 
0 3 000000008000052c (0x0000006f) 
0 3 000000008000052c (0x0000006f) 
0 3 000000008000052c (0x0000006f) 
0 3 000000008000052c (0x0000006f) 
0 3 000000008000052c (0x0000006f) 
0 3 000000008000052c (0x0000006f) 
0 3 000000008000052c (0x0000006f) 
0 3 000000008000052c (0x0000006f) 
0 3 000000008000052c (0x0000006f) 
0 3 000000008000052c (0x0000006f) 
0 3 000000008000052c (0x0000006f) 
0 3 000000008000052c (0x0000006f) 
0 3 000000008000052c (0x0000006f) 
0 3 000000008000052c (0x0000006f) 
0 3 000000008000052c (0x0000006f) 
0 3 000000008000052c (0x0000006f) 
0 3 000000008000052c (0x0000006f) 
0 3 000000008000052c (0x0000006f) 
0 3 000000008000052c (0x0000006f) 
0 3 000000008000052c (0x0000006f) 
0 3 000000008000052c (0x0000006f) 
0 3 000000008000052c (0x0000006f) 
0 3 000000008000052c (0x0000006f) 
0 3 000000008000052c (0x0000006f) 
0 3 000000008000052c (0x0000006f) 
0 3 000000008000052c (0x0000006f) 
0 3 000000008000052c (0x0000006f) 
0 3 000000008000052c (0x0000006f) 
0 3 000000008000052c (0x0000006f) 
0 3 000000008000052c (0x0000006f) 
0 3 000000008000052c (0x0000006f) 
0 3 000000008000052c (0x0000006f) 
0 3 000000008000052c (0x0000006f) 
0 3 000000008000052c (0x0000006f) 
0 3 000000008000052c (0x0000006f) 
0 3 000000008000052c (0x0000006f) 
0 3 000000008000052c (0x0000006f) 
0 3 000000008000052c (0x0000006f) 
0 3 000000008000052c (0x0000006f) 
0 3 000000008000052c (0x0000006f) 
0 3 000000008000052c (0x0000006f) 
0 3 000000008000052c (0x0000006f) 
0 3 000000008000052c (0x0000006f) 
0 3 000000008000052c (0x0000006f) 
0 3 000000008000052c (0x0000006f) 
0 3 000000008000052c (0x0000006f) 
0 3 000000008000052c (0x0000006f) 
0 3 000000008000052c (0x0000006f) 
0 3 000000008000052c (0x0000006f) 
0 3 000000008000052c (0x0000006f) 
0 3 000000008000052c (0x0000006f) 
0 3 000000008000052c (0x0000006f) 
0 3 000000008000052c (0x0000006f) 
0 3 000000008000052c (0x0000006f) 
0 3 000000008000052c (0x0000006f) 
0 3 000000008000052c (0x0000006f) 
0 3 000000008000052c (0x0000006f) 
0 3 000000008000052c (0x0000006f) 
0 3 000000008000052c (0x0000006f) 
0 3 000000008000052c (0x0000006f) 
0 3 000000008000052c (0x0000006f) 
0 3 000000008000052c (0x0000006f) 
0 3 000000008000052c (0x0000006f) 
0 3 000000008000052c (0x0000006f) 
0 3 000000008000052c (0x0000006f) 
0 3 000000008000052c (0x0000006f) 
0 3 000000008000052c (0x0000006f) 
0 3 000000008000052c (0x0000006f) 
0 3 000000008000052c (0x0000006f) 
0 3 000000008000052c (0x0000006f) 
0 3 000000008000052c (0x0000006f) 
0 3 000000008000052c (0x0000006f) 
0 3 000000008000052c (0x0000006f) 
0 3 000000008000052c (0x0000006f) 
0 3 000000008000052c (0x0000006f) 
0 3 000000008000052c (0x0000006f) 
0 3 000000008000052c (0x0000006f) 
0 3 000000008000052c (0x0000006f) 
0 3 000000008000052c (0x0000006f) 
0 3 000000008000052c (0x0000006f) 
0 3 000000008000052c (0x0000006f) 
0 3 000000008000052c (0x0000006f) 
0 3 000000008000052c (0x0000006f) 
0 3 000000008000052c (0x0000006f) 
0 3 000000008000052c (0x0000006f) 
0 3 000000008000052c (0x0000006f) 
0 3 000000008000052c (0x0000006f) 
0 3 000000008000052c (0x0000006f) 
0 3 000000008000052c (0x0000006f) 
0 3 000000008000052c (0x0000006f) 
0 3 000000008000052c (0x0000006f) 
0 3 000000008000052c (0x0000006f) 
0 3 000000008000052c (0x0000006f) 
0 3 000000008000052c (0x0000006f) 
0 3 000000008000052c (0x0000006f) 
0 3 000000008000052c (0x0000006f) 
0 3 000000008000052c (0x0000006f) 
0 3 000000008000052c (0x0000006f) 
0 3 000000008000052c (0x0000006f) 
0 3 000000008000052c (0x0000006f) 
0 3 000000008000052c (0x0000006f) 
0 3 000000008000052c (0x0000006f) 
0 3 000000008000052c (0x0000006f) 
0 3 000000008000052c (0x0000006f) 
0 3 000000008000052c (0x0000006f) 
0 3 000000008000052c (0x0000006f) 
0 3 000000008000052c (0x0000006f) 
0 3 000000008000052c (0x0000006f) 
0 3 000000008000052c (0x0000006f) 
0 3 000000008000052c (0x0000006f) 
0 3 000000008000052c (0x0000006f) 
0 3 000000008000052c (0x0000006f) 
0 3 000000008000052c (0x0000006f) 
0 3 000000008000052c (0x0000006f) 
0 3 000000008000052c (0x0000006f) 
0 3 000000008000052c (0x0000006f) 
0 3 000000008000052c (0x0000006f) 
0 3 000000008000052c (0x0000006f) 
0 3 000000008000052c (0x0000006f) 
0 3 000000008000052c (0x0000006f) 
0 3 000000008000052c (0x0000006f) 
0 3 000000008000052c (0x0000006f) 
0 3 000000008000052c (0x0000006f) 
0 3 000000008000052c (0x0000006f) 
0 3 000000008000052c (0x0000006f) 
0 3 000000008000052c (0x0000006f) 
0 3 000000008000052c (0x0000006f) 
0 3 000000008000052c (0x0000006f) 
0 3 000000008000052c (0x0000006f) 
0 3 000000008000052c (0x0000006f) 
0 3 000000008000052c (0x0000006f) 
0 3 000000008000052c (0x0000006f) 
0 3 000000008000052c (0x0000006f) 
0 3 000000008000052c (0x0000006f) 
0 3 000000008000052c (0x0000006f) 
0 3 000000008000052c (0x0000006f) 
0 3 000000008000052c (0x0000006f) 
0 3 000000008000052c (0x0000006f) 
0 3 000000008000052c (0x0000006f) 
0 3 000000008000052c (0x0000006f) 
0 3 000000008000052c (0x0000006f) 
0 3 000000008000052c (0x0000006f) 
0 3 000000008000052c (0x0000006f) 
0 3 000000008000052c (0x0000006f) 
0 3 000000008000052c (0x0000006f) 
0 3 000000008000052c (0x0000006f) 
0 3 000000008000052c (0x0000006f) 
0 3 000000008000052c (0x0000006f) 
0 3 000000008000052c (0x0000006f) 
0 3 000000008000052c (0x0000006f) 
0 3 000000008000052c (0x0000006f) 
0 3 000000008000052c (0x0000006f) 
0 3 000000008000052c (0x0000006f) 
0 3 000000008000052c (0x0000006f) 
0 3 000000008000052c (0x0000006f) 
0 3 000000008000052c (0x0000006f) 
0 3 000000008000052c (0x0000006f) 
0 3 000000008000052c (0x0000006f) 
0 3 000000008000052c (0x0000006f) 
0 3 000000008000052c (0x0000006f) 
0 3 000000008000052c (0x0000006f) 
0 3 000000008000052c (0x0000006f) 
0 3 000000008000052c (0x0000006f) 
0 3 000000008000052c (0x0000006f) 
0 3 000000008000052c (0x0000006f) 
0 3 000000008000052c (0x0000006f) 
0 3 000000008000052c (0x0000006f) 
0 3 000000008000052c (0x0000006f) 
0 3 000000008000052c (0x0000006f) 
0 3 000000008000052c (0x0000006f) 
0 3 000000008000052c (0x0000006f) 
0 3 000000008000052c (0x0000006f) 
0 3 000000008000052c (0x0000006f) 
0 3 000000008000052c (0x0000006f) 
0 3 000000008000052c (0x0000006f) 
0 3 000000008000052c (0x0000006f) 
0 3 000000008000052c (0x0000006f) 
0 3 000000008000052c (0x0000006f) 
0 3 000000008000052c (0x0000006f) 
0 3 000000008000052c (0x0000006f) 
0 3 000000008000052c (0x0000006f) 
0 3 000000008000052c (0x0000006f) 
0 3 000000008000052c (0x0000006f) 
0 3 000000008000052c (0x0000006f) 
0 3 000000008000052c (0x0000006f) 
0 3 000000008000052c (0x0000006f) 
0 3 000000008000052c (0x0000006f) 
0 3 000000008000052c (0x0000006f) 
0 3 000000008000052c (0x0000006f) 
0 3 000000008000052c (0x0000006f) 
0 3 000000008000052c (0x0000006f) 
0 3 000000008000052c (0x0000006f) 
0 3 000000008000052c (0x0000006f) 
0 3 000000008000052c (0x0000006f) 
0 3 000000008000052c (0x0000006f) 
0 3 000000008000052c (0x0000006f) 
0 3 000000008000052c (0x0000006f) 
0 3 000000008000052c (0x0000006f) 
0 3 000000008000052c (0x0000006f) 
0 3 000000008000052c (0x0000006f) 
0 3 000000008000052c (0x0000006f) 
0 3 000000008000052c (0x0000006f) 
0 3 000000008000052c (0x0000006f) 
0 3 000000008000052c (0x0000006f) 
0 3 000000008000052c (0x0000006f) 
0 3 000000008000052c (0x0000006f) 
0 3 000000008000052c (0x0000006f) 
0 3 000000008000052c (0x0000006f) 
0 3 000000008000052c (0x0000006f) 
0 3 000000008000052c (0x0000006f) 
0 3 000000008000052c (0x0000006f) 
0 3 000000008000052c (0x0000006f) 
0 3 000000008000052c (0x0000006f) 
0 3 000000008000052c (0x0000006f) 
0 3 000000008000052c (0x0000006f) 
0 3 000000008000052c (0x0000006f) 
0 3 000000008000052c (0x0000006f) 
0 3 000000008000052c (0x0000006f) 
0 3 000000008000052c (0x0000006f) 
0 3 000000008000052c (0x0000006f) 
0 3 000000008000052c (0x0000006f) 
0 3 000000008000052c (0x0000006f) 
0 3 000000008000052c (0x0000006f) 
0 3 000000008000052c (0x0000006f) 
0 3 000000008000052c (0x0000006f) 
0 3 000000008000052c (0x0000006f) 
0 3 000000008000052c (0x0000006f) 
0 3 000000008000052c (0x0000006f) 
0 3 000000008000052c (0x0000006f) 
0 3 000000008000052c (0x0000006f) 
0 3 000000008000052c (0x0000006f) 
0 3 000000008000052c (0x0000006f) 
0 3 000000008000052c (0x0000006f) 
0 3 000000008000052c (0x0000006f) 
0 3 000000008000052c (0x0000006f) 
0 3 000000008000052c (0x0000006f) 
0 3 000000008000052c (0x0000006f) 
0 3 000000008000052c (0x0000006f) 
0 3 000000008000052c (0x0000006f) 
0 3 000000008000052c (0x0000006f) 
0 3 000000008000052c (0x0000006f) 
0 3 000000008000052c (0x0000006f) 
0 3 000000008000052c (0x0000006f) 
0 3 000000008000052c (0x0000006f) 
0 3 000000008000052c (0x0000006f) 
0 3 000000008000052c (0x0000006f) 
0 3 000000008000052c (0x0000006f) 
0 3 000000008000052c (0x0000006f) 
0 3 000000008000052c (0x0000006f) 
0 3 000000008000052c (0x0000006f) 
0 3 000000008000052c (0x0000006f) 
0 3 000000008000052c (0x0000006f) 
0 3 000000008000052c (0x0000006f) 
0 3 000000008000052c (0x0000006f) 
0 3 000000008000052c (0x0000006f) 
0 3 000000008000052c (0x0000006f) 
0 3 000000008000052c (0x0000006f) 
0 3 000000008000052c (0x0000006f) 
0 3 000000008000052c (0x0000006f) 
0 3 000000008000052c (0x0000006f) 
0 3 000000008000052c (0x0000006f) 
0 3 000000008000052c (0x0000006f) 
0 3 000000008000052c (0x0000006f) 
0 3 000000008000052c (0x0000006f) 
0 3 000000008000052c (0x0000006f) 
0 3 000000008000052c (0x0000006f) 
0 3 000000008000052c (0x0000006f) 
0 3 000000008000052c (0x0000006f) 
0 3 000000008000052c (0x0000006f) 
0 3 000000008000052c (0x0000006f) 
0 3 000000008000052c (0x0000006f) 
0 3 000000008000052c (0x0000006f) 
0 3 000000008000052c (0x0000006f) 
0 3 000000008000052c (0x0000006f) 
0 3 000000008000052c (0x0000006f) 
0 3 000000008000052c (0x0000006f) 
0 3 000000008000052c (0x0000006f) 
0 3 000000008000052c (0x0000006f) 
0 3 000000008000052c (0x0000006f) 
0 3 000000008000052c (0x0000006f) 
0 3 000000008000052c (0x0000006f) 
0 3 000000008000052c (0x0000006f) 
0 3 000000008000052c (0x0000006f) 
0 3 000000008000052c (0x0000006f) 
0 3 000000008000052c (0x0000006f) 
0 3 000000008000052c (0x0000006f) 
0 3 000000008000052c (0x0000006f) 
0 3 000000008000052c (0x0000006f) 
0 3 000000008000052c (0x0000006f) 
0 3 000000008000052c (0x0000006f) 
0 3 000000008000052c (0x0000006f) 
0 3 000000008000052c (0x0000006f) 
0 3 000000008000052c (0x0000006f) 
0 3 000000008000052c (0x0000006f) 
0 3 000000008000052c (0x0000006f) 
0 3 000000008000052c (0x0000006f) 
0 3 000000008000052c (0x0000006f) 
0 3 000000008000052c (0x0000006f) 
0 3 000000008000052c (0x0000006f) 
0 3 000000008000052c (0x0000006f) 
0 3 000000008000052c (0x0000006f) 
0 3 000000008000052c (0x0000006f) 
0 3 000000008000052c (0x0000006f) 
0 3 000000008000052c (0x0000006f) 
0 3 000000008000052c (0x0000006f) 
0 3 000000008000052c (0x0000006f) 
0 3 000000008000052c (0x0000006f) 
0 3 000000008000052c (0x0000006f) 
0 3 000000008000052c (0x0000006f) 
0 3 000000008000052c (0x0000006f) 
0 3 000000008000052c (0x0000006f) 
0 3 000000008000052c (0x0000006f) 
0 3 000000008000052c (0x0000006f) 
0 3 000000008000052c (0x0000006f) 
0 3 000000008000052c (0x0000006f) 
0 3 000000008000052c (0x0000006f) 
0 3 000000008000052c (0x0000006f) 
0 3 000000008000052c (0x0000006f) 
0 3 000000008000052c (0x0000006f) 
0 3 000000008000052c (0x0000006f) 
0 3 000000008000052c (0x0000006f) 
0 3 000000008000052c (0x0000006f) 
0 3 000000008000052c (0x0000006f) 
0 3 000000008000052c (0x0000006f) 
0 3 000000008000052c (0x0000006f) 
0 3 000000008000052c (0x0000006f) 
0 3 000000008000052c (0x0000006f) 
0 3 000000008000052c (0x0000006f) 
0 3 000000008000052c (0x0000006f) 
0 3 000000008000052c (0x0000006f) 
0 3 000000008000052c (0x0000006f) 
0 3 000000008000052c (0x0000006f) 
0 3 000000008000052c (0x0000006f) 
0 3 000000008000052c (0x0000006f) 
0 3 000000008000052c (0x0000006f) 
0 3 000000008000052c (0x0000006f) 
0 3 000000008000052c (0x0000006f) 
0 3 000000008000052c (0x0000006f) 
0 3 000000008000052c (0x0000006f) 
0 3 000000008000052c (0x0000006f) 
0 3 000000008000052c (0x0000006f) 
0 3 000000008000052c (0x0000006f) 
0 3 000000008000052c (0x0000006f) 
0 3 000000008000052c (0x0000006f) 
0 3 000000008000052c (0x0000006f) 
0 3 000000008000052c (0x0000006f) 
0 3 000000008000052c (0x0000006f) 
0 3 000000008000052c (0x0000006f) 
0 3 000000008000052c (0x0000006f) 
0 3 000000008000052c (0x0000006f) 
0 3 000000008000052c (0x0000006f) 
0 3 000000008000052c (0x0000006f) 
0 3 000000008000052c (0x0000006f) 
0 3 000000008000052c (0x0000006f) 
0 3 000000008000052c (0x0000006f) 
0 3 000000008000052c (0x0000006f) 
0 3 000000008000052c (0x0000006f) 
0 3 000000008000052c (0x0000006f) 
0 3 000000008000052c (0x0000006f) 
0 3 000000008000052c (0x0000006f) 
0 3 000000008000052c (0x0000006f) 
0 3 000000008000052c (0x0000006f) 
0 3 000000008000052c (0x0000006f) 
0 3 000000008000052c (0x0000006f) 
0 3 000000008000052c (0x0000006f) 
0 3 000000008000052c (0x0000006f) 
0 3 000000008000052c (0x0000006f) 
0 3 000000008000052c (0x0000006f) 
0 3 000000008000052c (0x0000006f) 
0 3 000000008000052c (0x0000006f) 
0 3 000000008000052c (0x0000006f) 
0 3 000000008000052c (0x0000006f) 
0 3 000000008000052c (0x0000006f) 
0 3 000000008000052c (0x0000006f) 
0 3 000000008000052c (0x0000006f) 
0 3 000000008000052c (0x0000006f) 
0 3 000000008000052c (0x0000006f) 
0 3 000000008000052c (0x0000006f) 
0 3 000000008000052c (0x0000006f) 
0 3 000000008000052c (0x0000006f) 
0 3 000000008000052c (0x0000006f) 
0 3 000000008000052c (0x0000006f) 
0 3 000000008000052c (0x0000006f) 
0 3 000000008000052c (0x0000006f) 
0 3 000000008000052c (0x0000006f) 
0 3 000000008000052c (0x0000006f) 
0 3 000000008000052c (0x0000006f) 
0 3 000000008000052c (0x0000006f) 
0 3 000000008000052c (0x0000006f) 
0 3 000000008000052c (0x0000006f) 
0 3 000000008000052c (0x0000006f) 
0 3 000000008000052c (0x0000006f) 
0 3 000000008000052c (0x0000006f) 
0 3 000000008000052c (0x0000006f) 
0 3 000000008000052c (0x0000006f) 
0 3 000000008000052c (0x0000006f) 
0 3 000000008000052c (0x0000006f) 
0 3 000000008000052c (0x0000006f) 
0 3 000000008000052c (0x0000006f) 
0 3 000000008000052c (0x0000006f) 
0 3 000000008000052c (0x0000006f) 
0 3 000000008000052c (0x0000006f) 
0 3 000000008000052c (0x0000006f) 
0 3 000000008000052c (0x0000006f) 
0 3 000000008000052c (0x0000006f) 
0 3 000000008000052c (0x0000006f) 
0 3 000000008000052c (0x0000006f) 
0 3 000000008000052c (0x0000006f) 
0 3 000000008000052c (0x0000006f) 
0 3 000000008000052c (0x0000006f) 
0 3 000000008000052c (0x0000006f) 
0 3 000000008000052c (0x0000006f) 
0 3 000000008000052c (0x0000006f) 
0 3 000000008000052c (0x0000006f) 
0 3 000000008000052c (0x0000006f) 
0 3 000000008000052c (0x0000006f) 
0 3 000000008000052c (0x0000006f) 
0 3 000000008000052c (0x0000006f) 
0 3 000000008000052c (0x0000006f) 
0 3 000000008000052c (0x0000006f) 
0 3 000000008000052c (0x0000006f) 
0 3 000000008000052c (0x0000006f) 
0 3 000000008000052c (0x0000006f) 
0 3 000000008000052c (0x0000006f) 
0 3 000000008000052c (0x0000006f) 
0 3 000000008000052c (0x0000006f) 
0 3 000000008000052c (0x0000006f) 
0 3 000000008000052c (0x0000006f) 
0 3 000000008000052c (0x0000006f) 
0 3 000000008000052c (0x0000006f) 
0 3 000000008000052c (0x0000006f) 
0 3 000000008000052c (0x0000006f) 
0 3 000000008000052c (0x0000006f) 
0 3 000000008000052c (0x0000006f) 
0 3 000000008000052c (0x0000006f) 
0 3 000000008000052c (0x0000006f) 
0 3 000000008000052c (0x0000006f) 
0 3 000000008000052c (0x0000006f) 
0 3 000000008000052c (0x0000006f) 
0 3 000000008000052c (0x0000006f) 
0 3 000000008000052c (0x0000006f) 
0 3 000000008000052c (0x0000006f) 
0 3 000000008000052c (0x0000006f) 
0 3 000000008000052c (0x0000006f) 
0 3 000000008000052c (0x0000006f) 
0 3 000000008000052c (0x0000006f) 
0 3 000000008000052c (0x0000006f) 
0 3 000000008000052c (0x0000006f) 
0 3 000000008000052c (0x0000006f) 
0 3 000000008000052c (0x0000006f) 
0 3 000000008000052c (0x0000006f) 
0 3 000000008000052c (0x0000006f) 
0 3 000000008000052c (0x0000006f) 
0 3 000000008000052c (0x0000006f) 
0 3 000000008000052c (0x0000006f) 
0 3 000000008000052c (0x0000006f) 
0 3 000000008000052c (0x0000006f) 
0 3 000000008000052c (0x0000006f) 
0 3 000000008000052c (0x0000006f) 
0 3 000000008000052c (0x0000006f) 
0 3 000000008000052c (0x0000006f) 
0 3 000000008000052c (0x0000006f) 
0 3 000000008000052c (0x0000006f) 
0 3 000000008000052c (0x0000006f) 
0 3 000000008000052c (0x0000006f) 
0 3 000000008000052c (0x0000006f) 
0 3 000000008000052c (0x0000006f) 
0 3 000000008000052c (0x0000006f) 
0 3 000000008000052c (0x0000006f) 
0 3 000000008000052c (0x0000006f) 
0 3 000000008000052c (0x0000006f) 
0 3 000000008000052c (0x0000006f) 
0 3 000000008000052c (0x0000006f) 
0 3 000000008000052c (0x0000006f) 
0 3 000000008000052c (0x0000006f) 
0 3 000000008000052c (0x0000006f) 
0 3 000000008000052c (0x0000006f) 
0 3 000000008000052c (0x0000006f) 
0 3 000000008000052c (0x0000006f) 
0 3 000000008000052c (0x0000006f) 
0 3 000000008000052c (0x0000006f) 
0 3 000000008000052c (0x0000006f) 
0 3 000000008000052c (0x0000006f) 
0 3 000000008000052c (0x0000006f) 
0 3 000000008000052c (0x0000006f) 
0 3 000000008000052c (0x0000006f) 
0 3 000000008000052c (0x0000006f) 
0 3 000000008000052c (0x0000006f) 
0 3 000000008000052c (0x0000006f) 
0 3 000000008000052c (0x0000006f) 
0 3 000000008000052c (0x0000006f) 
0 3 000000008000052c (0x0000006f) 
0 3 000000008000052c (0x0000006f) 
0 3 000000008000052c (0x0000006f) 
0 3 000000008000052c (0x0000006f) 
0 3 000000008000052c (0x0000006f) 
0 3 000000008000052c (0x0000006f) 
0 3 000000008000052c (0x0000006f) 
0 3 000000008000052c (0x0000006f) 
0 3 000000008000052c (0x0000006f) 
0 3 000000008000052c (0x0000006f) 
0 3 000000008000052c (0x0000006f) 
0 3 000000008000052c (0x0000006f) 
0 3 000000008000052c (0x0000006f) 
0 3 000000008000052c (0x0000006f) 
0 3 000000008000052c (0x0000006f) 
0 3 000000008000052c (0x0000006f) 
0 3 000000008000052c (0x0000006f) 
0 3 000000008000052c (0x0000006f) 
0 3 000000008000052c (0x0000006f) 
0 3 000000008000052c (0x0000006f) 
0 3 000000008000052c (0x0000006f) 
0 3 000000008000052c (0x0000006f) 
0 3 000000008000052c (0x0000006f) 
0 3 000000008000052c (0x0000006f) 
0 3 000000008000052c (0x0000006f) 
0 3 000000008000052c (0x0000006f) 
0 3 000000008000052c (0x0000006f) 
0 3 000000008000052c (0x0000006f) 
0 3 000000008000052c (0x0000006f) 
0 3 000000008000052c (0x0000006f) 
0 3 000000008000052c (0x0000006f) 
0 3 000000008000052c (0x0000006f) 
0 3 000000008000052c (0x0000006f) 
0 3 000000008000052c (0x0000006f) 
0 3 000000008000052c (0x0000006f) 
0 3 000000008000052c (0x0000006f) 
0 3 000000008000052c (0x0000006f) 
0 3 000000008000052c (0x0000006f) 
0 3 000000008000052c (0x0000006f) 
0 3 000000008000052c (0x0000006f) 
0 3 000000008000052c (0x0000006f) 
0 3 000000008000052c (0x0000006f) 
0 3 000000008000052c (0x0000006f) 
0 3 000000008000052c (0x0000006f) 
0 3 000000008000052c (0x0000006f) 
0 3 000000008000052c (0x0000006f) 
0 3 000000008000052c (0x0000006f) 
0 3 000000008000052c (0x0000006f) 
0 3 000000008000052c (0x0000006f) 
0 3 000000008000052c (0x0000006f) 
0 3 000000008000052c (0x0000006f) 
0 3 000000008000052c (0x0000006f) 
0 3 000000008000052c (0x0000006f) 
0 3 000000008000052c (0x0000006f) 
0 3 000000008000052c (0x0000006f) 
0 3 000000008000052c (0x0000006f) 
0 3 000000008000052c (0x0000006f) 
0 3 000000008000052c (0x0000006f) 
0 3 000000008000052c (0x0000006f) 
0 3 000000008000052c (0x0000006f) 
0 3 000000008000052c (0x0000006f) 
0 3 000000008000052c (0x0000006f) 
0 3 000000008000052c (0x0000006f) 
0 3 000000008000052c (0x0000006f) 
0 3 000000008000052c (0x0000006f) 
0 3 000000008000052c (0x0000006f) 
0 3 000000008000052c (0x0000006f) 
0 3 000000008000052c (0x0000006f) 
0 3 000000008000052c (0x0000006f) 
0 3 000000008000052c (0x0000006f) 
0 3 000000008000052c (0x0000006f) 
0 3 000000008000052c (0x0000006f) 
0 3 000000008000052c (0x0000006f) 
0 3 000000008000052c (0x0000006f) 
0 3 000000008000052c (0x0000006f) 
0 3 000000008000052c (0x0000006f) 
0 3 000000008000052c (0x0000006f) 
0 3 000000008000052c (0x0000006f) 
0 3 000000008000052c (0x0000006f) 
0 3 000000008000052c (0x0000006f) 
0 3 000000008000052c (0x0000006f) 
0 3 000000008000052c (0x0000006f) 
0 3 000000008000052c (0x0000006f) 
0 3 000000008000052c (0x0000006f) 
0 3 000000008000052c (0x0000006f) 
0 3 000000008000052c (0x0000006f) 
0 3 000000008000052c (0x0000006f) 
0 3 000000008000052c (0x0000006f) 
0 3 000000008000052c (0x0000006f) 
0 3 000000008000052c (0x0000006f) 
0 3 000000008000052c (0x0000006f) 
0 3 000000008000052c (0x0000006f) 
0 3 000000008000052c (0x0000006f) 
0 3 000000008000052c (0x0000006f) 
0 3 000000008000052c (0x0000006f) 
0 3 000000008000052c (0x0000006f) 
0 3 000000008000052c (0x0000006f) 
0 3 000000008000052c (0x0000006f) 
0 3 000000008000052c (0x0000006f) 
0 3 000000008000052c (0x0000006f) 
0 3 000000008000052c (0x0000006f) 
0 3 000000008000052c (0x0000006f) 
0 3 000000008000052c (0x0000006f) 
0 3 000000008000052c (0x0000006f) 
0 3 000000008000052c (0x0000006f) 
0 3 000000008000052c (0x0000006f) 
0 3 000000008000052c (0x0000006f) 
0 3 000000008000052c (0x0000006f) 
0 3 000000008000052c (0x0000006f) 
0 3 000000008000052c (0x0000006f) 
0 3 000000008000052c (0x0000006f) 
0 3 000000008000052c (0x0000006f) 
0 3 000000008000052c (0x0000006f) 
0 3 000000008000052c (0x0000006f) 
0 3 000000008000052c (0x0000006f) 
0 3 000000008000052c (0x0000006f) 
0 3 000000008000052c (0x0000006f) 
0 3 000000008000052c (0x0000006f) 
0 3 000000008000052c (0x0000006f) 
0 3 000000008000052c (0x0000006f) 
0 3 000000008000052c (0x0000006f) 
0 3 000000008000052c (0x0000006f) 
0 3 000000008000052c (0x0000006f) 
0 3 000000008000052c (0x0000006f) 
0 3 000000008000052c (0x0000006f) 
0 3 000000008000052c (0x0000006f) 
0 3 000000008000052c (0x0000006f) 
0 3 000000008000052c (0x0000006f) 
0 3 000000008000052c (0x0000006f) 
0 3 000000008000052c (0x0000006f) 
0 3 000000008000052c (0x0000006f) 
0 3 000000008000052c (0x0000006f) 
0 3 000000008000052c (0x0000006f) 
0 3 000000008000052c (0x0000006f) 
0 3 000000008000052c (0x0000006f) 
0 3 000000008000052c (0x0000006f) 
0 3 000000008000052c (0x0000006f) 
0 3 000000008000052c (0x0000006f) 
0 3 000000008000052c (0x0000006f) 
0 3 000000008000052c (0x0000006f) 
0 3 000000008000052c (0x0000006f) 
0 3 000000008000052c (0x0000006f) 
0 3 000000008000052c (0x0000006f) 
0 3 000000008000052c (0x0000006f) 
0 3 000000008000052c (0x0000006f) 
0 3 000000008000052c (0x0000006f) 
0 3 000000008000052c (0x0000006f) 
0 3 000000008000052c (0x0000006f) 
0 3 000000008000052c (0x0000006f) 
0 3 000000008000052c (0x0000006f) 
0 3 000000008000052c (0x0000006f) 
0 3 000000008000052c (0x0000006f) 
0 3 000000008000052c (0x0000006f) 
0 3 000000008000052c (0x0000006f) 
0 3 000000008000052c (0x0000006f) 
0 3 000000008000052c (0x0000006f) 
0 3 000000008000052c (0x0000006f) 
0 3 000000008000052c (0x0000006f) 
0 3 000000008000052c (0x0000006f) 
0 3 000000008000052c (0x0000006f) 
0 3 000000008000052c (0x0000006f) 
0 3 000000008000052c (0x0000006f) 
0 3 000000008000052c (0x0000006f) 
0 3 000000008000052c (0x0000006f) 
0 3 000000008000052c (0x0000006f) 
0 3 000000008000052c (0x0000006f) 
0 3 000000008000052c (0x0000006f) 
0 3 000000008000052c (0x0000006f) 
0 3 000000008000052c (0x0000006f) 
0 3 000000008000052c (0x0000006f) 
0 3 000000008000052c (0x0000006f) 
0 3 000000008000052c (0x0000006f) 
0 3 000000008000052c (0x0000006f) 
0 3 000000008000052c (0x0000006f) 
0 3 000000008000052c (0x0000006f) 
0 3 000000008000052c (0x0000006f) 
0 3 000000008000052c (0x0000006f) 
0 3 000000008000052c (0x0000006f) 
0 3 000000008000052c (0x0000006f) 
0 3 000000008000052c (0x0000006f) 
0 3 000000008000052c (0x0000006f) 
0 3 000000008000052c (0x0000006f) 
0 3 000000008000052c (0x0000006f) 
0 3 000000008000052c (0x0000006f) 
0 3 000000008000052c (0x0000006f) 
0 3 000000008000052c (0x0000006f) 
0 3 000000008000052c (0x0000006f) 
0 3 000000008000052c (0x0000006f) 
0 3 000000008000052c (0x0000006f) 
0 3 000000008000052c (0x0000006f) 
0 3 000000008000052c (0x0000006f) 
0 3 000000008000052c (0x0000006f) 
0 3 000000008000052c (0x0000006f) 
0 3 000000008000052c (0x0000006f) 
0 3 000000008000052c (0x0000006f) 
0 3 000000008000052c (0x0000006f) 
0 3 000000008000052c (0x0000006f) 
0 3 000000008000052c (0x0000006f) 
0 3 000000008000052c (0x0000006f) 
0 3 000000008000052c (0x0000006f) 
0 3 000000008000052c (0x0000006f) 
0 3 000000008000052c (0x0000006f) 
0 3 000000008000052c (0x0000006f) 
0 3 000000008000052c (0x0000006f) 
0 3 000000008000052c (0x0000006f) 
0 3 000000008000052c (0x0000006f) 
0 3 000000008000052c (0x0000006f) 
0 3 000000008000052c (0x0000006f) 
0 3 000000008000052c (0x0000006f) 
0 3 000000008000052c (0x0000006f) 
0 3 000000008000052c (0x0000006f) 
0 3 000000008000052c (0x0000006f) 
0 3 000000008000052c (0x0000006f) 
0 3 000000008000052c (0x0000006f) 
0 3 000000008000052c (0x0000006f) 
0 3 000000008000052c (0x0000006f) 
0 3 000000008000052c (0x0000006f) 
0 3 000000008000052c (0x0000006f) 
0 3 000000008000052c (0x0000006f) 
0 3 000000008000052c (0x0000006f) 
0 3 000000008000052c (0x0000006f) 
0 3 000000008000052c (0x0000006f) 
0 3 000000008000052c (0x0000006f) 
0 3 000000008000052c (0x0000006f) 
0 3 000000008000052c (0x0000006f) 
0 3 000000008000052c (0x0000006f) 
0 3 000000008000052c (0x0000006f) 
0 3 000000008000052c (0x0000006f) 
0 3 000000008000052c (0x0000006f) 
0 3 000000008000052c (0x0000006f) 
0 3 000000008000052c (0x0000006f) 
0 3 000000008000052c (0x0000006f) 
0 3 000000008000052c (0x0000006f) 
0 3 000000008000052c (0x0000006f) 
0 3 000000008000052c (0x0000006f) 
0 3 000000008000052c (0x0000006f) 
0 3 000000008000052c (0x0000006f) 
0 3 000000008000052c (0x0000006f) 
0 3 000000008000052c (0x0000006f) 
0 3 000000008000052c (0x0000006f) 
0 3 000000008000052c (0x0000006f) 
0 3 000000008000052c (0x0000006f) 
0 3 000000008000052c (0x0000006f) 
0 3 000000008000052c (0x0000006f) 
0 3 000000008000052c (0x0000006f) 
0 3 000000008000052c (0x0000006f) 
0 3 000000008000052c (0x0000006f) 
0 3 000000008000052c (0x0000006f) 
0 3 000000008000052c (0x0000006f) 
0 3 000000008000052c (0x0000006f) 
0 3 000000008000052c (0x0000006f) 
0 3 000000008000052c (0x0000006f) 
0 3 000000008000052c (0x0000006f) 
0 3 000000008000052c (0x0000006f) 
0 3 000000008000052c (0x0000006f) 
0 3 000000008000052c (0x0000006f) 
0 3 000000008000052c (0x0000006f) 
0 3 000000008000052c (0x0000006f) 
0 3 000000008000052c (0x0000006f) 
0 3 000000008000052c (0x0000006f) 
0 3 000000008000052c (0x0000006f) 
0 3 000000008000052c (0x0000006f) 
0 3 000000008000052c (0x0000006f) 
0 3 000000008000052c (0x0000006f) 
0 3 000000008000052c (0x0000006f) 
0 3 000000008000052c (0x0000006f) 
0 3 000000008000052c (0x0000006f) 
0 3 000000008000052c (0x0000006f) 
0 3 000000008000052c (0x0000006f) 
0 3 000000008000052c (0x0000006f) 
0 3 000000008000052c (0x0000006f) 
0 3 000000008000052c (0x0000006f) 
0 3 000000008000052c (0x0000006f) 
0 3 000000008000052c (0x0000006f) 
0 3 000000008000052c (0x0000006f) 
0 3 000000008000052c (0x0000006f) 
0 3 000000008000052c (0x0000006f) 
0 3 000000008000052c (0x0000006f) 
0 3 000000008000052c (0x0000006f) 
0 3 000000008000052c (0x0000006f) 
0 3 000000008000052c (0x0000006f) 
0 3 000000008000052c (0x0000006f) 
0 3 000000008000052c (0x0000006f) 
0 3 000000008000052c (0x0000006f) 
0 3 000000008000052c (0x0000006f) 
0 3 000000008000052c (0x0000006f) 
0 3 000000008000052c (0x0000006f) 
0 3 000000008000052c (0x0000006f) 
0 3 000000008000052c (0x0000006f) 
0 3 000000008000052c (0x0000006f) 
0 3 000000008000052c (0x0000006f) 
0 3 000000008000052c (0x0000006f) 
0 3 000000008000052c (0x0000006f) 
0 3 000000008000052c (0x0000006f) 
0 3 000000008000052c (0x0000006f) 
0 3 000000008000052c (0x0000006f) 
0 3 000000008000052c (0x0000006f) 
0 3 000000008000052c (0x0000006f) 
0 3 000000008000052c (0x0000006f) 
0 3 000000008000052c (0x0000006f) 
0 3 000000008000052c (0x0000006f) 
0 3 000000008000052c (0x0000006f) 
0 3 000000008000052c (0x0000006f) 
0 3 000000008000052c (0x0000006f) 
0 3 000000008000052c (0x0000006f) 
0 3 000000008000052c (0x0000006f) 
0 3 000000008000052c (0x0000006f) 
0 3 000000008000052c (0x0000006f) 
0 3 000000008000052c (0x0000006f) 
0 3 000000008000052c (0x0000006f) 
0 3 000000008000052c (0x0000006f) 
0 3 000000008000052c (0x0000006f) 
0 3 000000008000052c (0x0000006f) 
0 3 000000008000052c (0x0000006f) 
0 3 000000008000052c (0x0000006f) 
0 3 000000008000052c (0x0000006f) 
0 3 000000008000052c (0x0000006f) 
0 3 000000008000052c (0x0000006f) 
0 3 000000008000052c (0x0000006f) 
0 3 000000008000052c (0x0000006f) 
0 3 000000008000052c (0x0000006f) 
0 3 000000008000052c (0x0000006f) 
0 3 000000008000052c (0x0000006f) 
0 3 000000008000052c (0x0000006f) 
0 3 000000008000052c (0x0000006f) 
0 3 000000008000052c (0x0000006f) 
0 3 000000008000052c (0x0000006f) 
0 3 000000008000052c (0x0000006f) 
0 3 000000008000052c (0x0000006f) 
0 3 000000008000052c (0x0000006f) 
0 3 000000008000052c (0x0000006f) 
0 3 000000008000052c (0x0000006f) 
0 3 000000008000052c (0x0000006f) 
0 3 000000008000052c (0x0000006f) 
0 3 000000008000052c (0x0000006f) 
0 3 000000008000052c (0x0000006f) 
0 3 000000008000052c (0x0000006f) 
0 3 000000008000052c (0x0000006f) 
0 3 000000008000052c (0x0000006f) 
0 3 000000008000052c (0x0000006f) 
0 3 000000008000052c (0x0000006f) 
0 3 000000008000052c (0x0000006f) 
0 3 000000008000052c (0x0000006f) 
0 3 000000008000052c (0x0000006f) 
0 3 000000008000052c (0x0000006f) 
0 3 000000008000052c (0x0000006f) 
0 3 000000008000052c (0x0000006f) 
0 3 000000008000052c (0x0000006f) 
0 3 000000008000052c (0x0000006f) 
0 3 000000008000052c (0x0000006f) 
0 3 000000008000052c (0x0000006f) 
0 3 000000008000052c (0x0000006f) 
0 3 000000008000052c (0x0000006f) 
0 3 000000008000052c (0x0000006f) 
0 3 000000008000052c (0x0000006f) 
0 3 000000008000052c (0x0000006f) 
0 3 000000008000052c (0x0000006f) 
0 3 000000008000052c (0x0000006f) 
0 3 000000008000052c (0x0000006f) 
0 3 000000008000052c (0x0000006f) 
0 3 000000008000052c (0x0000006f) 
0 3 000000008000052c (0x0000006f) 
0 3 000000008000052c (0x0000006f) 
0 3 000000008000052c (0x0000006f) 
0 3 000000008000052c (0x0000006f) 
0 3 000000008000052c (0x0000006f) 
0 3 000000008000052c (0x0000006f) 
0 3 000000008000052c (0x0000006f) 
0 3 000000008000052c (0x0000006f) 
0 3 000000008000052c (0x0000006f) 
0 3 000000008000052c (0x0000006f) 
0 3 000000008000052c (0x0000006f) 
0 3 000000008000052c (0x0000006f) 
0 3 000000008000052c (0x0000006f) 
0 3 000000008000052c (0x0000006f) 
0 3 000000008000052c (0x0000006f) 
0 3 000000008000052c (0x0000006f) 
0 3 000000008000052c (0x0000006f) 
0 3 000000008000052c (0x0000006f) 
0 3 000000008000052c (0x0000006f) 
0 3 000000008000052c (0x0000006f) 
0 3 000000008000052c (0x0000006f) 
0 3 000000008000052c (0x0000006f) 
0 3 000000008000052c (0x0000006f) 
0 3 000000008000052c (0x0000006f) 
0 3 000000008000052c (0x0000006f) 
0 3 000000008000052c (0x0000006f) 
0 3 000000008000052c (0x0000006f) 
0 3 000000008000052c (0x0000006f) 
0 3 000000008000052c (0x0000006f) 
0 3 000000008000052c (0x0000006f) 
0 3 000000008000052c (0x0000006f) 
0 3 000000008000052c (0x0000006f) 
0 3 000000008000052c (0x0000006f) 
0 3 000000008000052c (0x0000006f) 
0 3 000000008000052c (0x0000006f) 
0 3 000000008000052c (0x0000006f) 
0 3 000000008000052c (0x0000006f) 
0 3 000000008000052c (0x0000006f) 
0 3 000000008000052c (0x0000006f) 
0 3 000000008000052c (0x0000006f) 
0 3 000000008000052c (0x0000006f) 
0 3 000000008000052c (0x0000006f) 
0 3 000000008000052c (0x0000006f) 
0 3 000000008000052c (0x0000006f) 
0 3 000000008000052c (0x0000006f) 
0 3 000000008000052c (0x0000006f) 
0 3 000000008000052c (0x0000006f) 
0 3 000000008000052c (0x0000006f) 
0 3 000000008000052c (0x0000006f) 
0 3 000000008000052c (0x0000006f) 
0 3 000000008000052c (0x0000006f) 
0 3 000000008000052c (0x0000006f) 
0 3 000000008000052c (0x0000006f) 
0 3 000000008000052c (0x0000006f) 
0 3 000000008000052c (0x0000006f) 
0 3 000000008000052c (0x0000006f) 
0 3 000000008000052c (0x0000006f) 
0 3 000000008000052c (0x0000006f) 
0 3 000000008000052c (0x0000006f) 
0 3 000000008000052c (0x0000006f) 
0 3 000000008000052c (0x0000006f) 
0 3 000000008000052c (0x0000006f) 
0 3 000000008000052c (0x0000006f) 
0 3 000000008000052c (0x0000006f) 
0 3 000000008000052c (0x0000006f) 
0 3 000000008000052c (0x0000006f) 
0 3 000000008000052c (0x0000006f) 
0 3 000000008000052c (0x0000006f) 
0 3 000000008000052c (0x0000006f) 
0 3 000000008000052c (0x0000006f) 
0 3 000000008000052c (0x0000006f) 
0 3 000000008000052c (0x0000006f) 
0 3 000000008000052c (0x0000006f) 
0 3 000000008000052c (0x0000006f) 
0 3 000000008000052c (0x0000006f) 
0 3 000000008000052c (0x0000006f) 
0 3 000000008000052c (0x0000006f) 
0 3 000000008000052c (0x0000006f) 
0 3 000000008000052c (0x0000006f) 
0 3 000000008000052c (0x0000006f) 
0 3 000000008000052c (0x0000006f) 
0 3 000000008000052c (0x0000006f) 
0 3 000000008000052c (0x0000006f) 
0 3 000000008000052c (0x0000006f) 
0 3 000000008000052c (0x0000006f) 
0 3 000000008000052c (0x0000006f) 
0 3 000000008000052c (0x0000006f) 
0 3 000000008000052c (0x0000006f) 
0 3 000000008000052c (0x0000006f) 
0 3 000000008000052c (0x0000006f) 
0 3 000000008000052c (0x0000006f) 
0 3 000000008000052c (0x0000006f) 
0 3 000000008000052c (0x0000006f) 
0 3 000000008000052c (0x0000006f) 
0 3 000000008000052c (0x0000006f) 
0 3 000000008000052c (0x0000006f) 
0 3 000000008000052c (0x0000006f) 
0 3 000000008000052c (0x0000006f) 
0 3 000000008000052c (0x0000006f) 
0 3 000000008000052c (0x0000006f) 
0 3 000000008000052c (0x0000006f) 
0 3 000000008000052c (0x0000006f) 
0 3 000000008000052c (0x0000006f) 
0 3 000000008000052c (0x0000006f) 
0 3 000000008000052c (0x0000006f) 
0 3 000000008000052c (0x0000006f) 
0 3 000000008000052c (0x0000006f) 
0 3 000000008000052c (0x0000006f) 
0 3 000000008000052c (0x0000006f) 
0 3 000000008000052c (0x0000006f) 
0 3 000000008000052c (0x0000006f) 
0 3 000000008000052c (0x0000006f) 
0 3 000000008000052c (0x0000006f) 
0 3 000000008000052c (0x0000006f) 
0 3 000000008000052c (0x0000006f) 
0 3 000000008000052c (0x0000006f) 
0 3 000000008000052c (0x0000006f) 
0 3 000000008000052c (0x0000006f) 
0 3 000000008000052c (0x0000006f) 
0 3 000000008000052c (0x0000006f) 
0 3 000000008000052c (0x0000006f) 
0 3 000000008000052c (0x0000006f) 
0 3 000000008000052c (0x0000006f) 
0 3 000000008000052c (0x0000006f) 
0 3 000000008000052c (0x0000006f) 
0 3 000000008000052c (0x0000006f) 
0 3 000000008000052c (0x0000006f) 
0 3 000000008000052c (0x0000006f) 
0 3 000000008000052c (0x0000006f) 
0 3 000000008000052c (0x0000006f) 
0 3 000000008000052c (0x0000006f) 
0 3 000000008000052c (0x0000006f) 
0 3 000000008000052c (0x0000006f) 
0 3 000000008000052c (0x0000006f) 
0 3 000000008000052c (0x0000006f) 
0 3 000000008000052c (0x0000006f) 
0 3 000000008000052c (0x0000006f) 
0 3 000000008000052c (0x0000006f) 
0 3 000000008000052c (0x0000006f) 
0 3 000000008000052c (0x0000006f) 
0 3 000000008000052c (0x0000006f) 
0 3 000000008000052c (0x0000006f) 
0 3 000000008000052c (0x0000006f) 
0 3 000000008000052c (0x0000006f) 
0 3 000000008000052c (0x0000006f) 
0 3 000000008000052c (0x0000006f) 
0 3 000000008000052c (0x0000006f) 
0 3 000000008000052c (0x0000006f) 
0 3 000000008000052c (0x0000006f) 
0 3 000000008000052c (0x0000006f) 
0 3 000000008000052c (0x0000006f) 
0 3 000000008000052c (0x0000006f) 
0 3 000000008000052c (0x0000006f) 
0 3 000000008000052c (0x0000006f) 
0 3 000000008000052c (0x0000006f) 
0 3 000000008000052c (0x0000006f) 
0 3 000000008000052c (0x0000006f) 
0 3 000000008000052c (0x0000006f) 
0 3 000000008000052c (0x0000006f) 
0 3 000000008000052c (0x0000006f) 
0 3 000000008000052c (0x0000006f) 
0 3 000000008000052c (0x0000006f) 
0 3 000000008000052c (0x0000006f) 
0 3 000000008000052c (0x0000006f) 
0 3 000000008000052c (0x0000006f) 
0 3 000000008000052c (0x0000006f) 
0 3 000000008000052c (0x0000006f) 
0 3 000000008000052c (0x0000006f) 
0 3 000000008000052c (0x0000006f) 
0 3 000000008000052c (0x0000006f) 
0 3 000000008000052c (0x0000006f) 
0 3 000000008000052c (0x0000006f) 
0 3 000000008000052c (0x0000006f) 
0 3 000000008000052c (0x0000006f) 
0 3 000000008000052c (0x0000006f) 
0 3 000000008000052c (0x0000006f) 
0 3 000000008000052c (0x0000006f) 
0 3 000000008000052c (0x0000006f) 
0 3 000000008000052c (0x0000006f) 
0 3 000000008000052c (0x0000006f) 
0 3 000000008000052c (0x0000006f) 
0 3 000000008000052c (0x0000006f) 
0 3 000000008000052c (0x0000006f) 
0 3 000000008000052c (0x0000006f) 
0 3 000000008000052c (0x0000006f) 
0 3 000000008000052c (0x0000006f) 
0 3 000000008000052c (0x0000006f) 
0 3 000000008000052c (0x0000006f) 
0 3 000000008000052c (0x0000006f) 
0 3 000000008000052c (0x0000006f) 
0 3 000000008000052c (0x0000006f) 
0 3 000000008000052c (0x0000006f) 
0 3 000000008000052c (0x0000006f) 
0 3 000000008000052c (0x0000006f) 
0 3 000000008000052c (0x0000006f) 
0 3 000000008000052c (0x0000006f) 
0 3 000000008000052c (0x0000006f) 
0 3 000000008000052c (0x0000006f) 
0 3 000000008000052c (0x0000006f) 
0 3 000000008000052c (0x0000006f) 
0 3 000000008000052c (0x0000006f) 
0 3 000000008000052c (0x0000006f) 
0 3 000000008000052c (0x0000006f) 
0 3 000000008000052c (0x0000006f) 
0 3 000000008000052c (0x0000006f) 
0 3 000000008000052c (0x0000006f) 
0 3 000000008000052c (0x0000006f) 
0 3 000000008000052c (0x0000006f) 
0 3 000000008000052c (0x0000006f) 
0 3 000000008000052c (0x0000006f) 
0 3 000000008000052c (0x0000006f) 
0 3 000000008000052c (0x0000006f) 
0 3 000000008000052c (0x0000006f) 
0 3 000000008000052c (0x0000006f) 
0 3 000000008000052c (0x0000006f) 
0 3 000000008000052c (0x0000006f) 
0 3 000000008000052c (0x0000006f) 
0 3 000000008000052c (0x0000006f) 
0 3 000000008000052c (0x0000006f) 
0 3 000000008000052c (0x0000006f) 
0 3 000000008000052c (0x0000006f) 
0 3 000000008000052c (0x0000006f) 
0 3 000000008000052c (0x0000006f) 
0 3 000000008000052c (0x0000006f) 
0 3 000000008000052c (0x0000006f) 
0 3 000000008000052c (0x0000006f) 
0 3 000000008000052c (0x0000006f) 
0 3 000000008000052c (0x0000006f) 
0 3 000000008000052c (0x0000006f) 
0 3 000000008000052c (0x0000006f) 
0 3 000000008000052c (0x0000006f) 
0 3 000000008000052c (0x0000006f) 
0 3 000000008000052c (0x0000006f) 
0 3 000000008000052c (0x0000006f) 
0 3 000000008000052c (0x0000006f) 
0 3 000000008000052c (0x0000006f) 
0 3 000000008000052c (0x0000006f) 
0 3 000000008000052c (0x0000006f) 
0 3 000000008000052c (0x0000006f) 
0 3 000000008000052c (0x0000006f) 
0 3 000000008000052c (0x0000006f) 
0 3 000000008000052c (0x0000006f) 
0 3 000000008000052c (0x0000006f) 
0 3 000000008000052c (0x0000006f) 
0 3 000000008000052c (0x0000006f) 
0 3 000000008000052c (0x0000006f) 
0 3 000000008000052c (0x0000006f) 
0 3 000000008000052c (0x0000006f) 
0 3 000000008000052c (0x0000006f) 
0 3 000000008000052c (0x0000006f) 
0 3 000000008000052c (0x0000006f) 
0 3 000000008000052c (0x0000006f) 
0 3 000000008000052c (0x0000006f) 
0 3 000000008000052c (0x0000006f) 
0 3 000000008000052c (0x0000006f) 
0 3 000000008000052c (0x0000006f) 
0 3 000000008000052c (0x0000006f) 
0 3 000000008000052c (0x0000006f) 
0 3 000000008000052c (0x0000006f) 
0 3 000000008000052c (0x0000006f) 
0 3 000000008000052c (0x0000006f) 
0 3 000000008000052c (0x0000006f) 
0 3 000000008000052c (0x0000006f) 
0 3 000000008000052c (0x0000006f) 
0 3 000000008000052c (0x0000006f) 
0 3 000000008000052c (0x0000006f) 
0 3 000000008000052c (0x0000006f) 
0 3 000000008000052c (0x0000006f) 
0 3 000000008000052c (0x0000006f) 
0 3 000000008000052c (0x0000006f) 
0 3 000000008000052c (0x0000006f) 
0 3 000000008000052c (0x0000006f) 
0 3 000000008000052c (0x0000006f) 
0 3 000000008000052c (0x0000006f) 
0 3 000000008000052c (0x0000006f) 
0 3 000000008000052c (0x0000006f) 
0 3 000000008000052c (0x0000006f) 
0 3 000000008000052c (0x0000006f) 
0 3 000000008000052c (0x0000006f) 
0 3 000000008000052c (0x0000006f) 
0 3 000000008000052c (0x0000006f) 
0 3 000000008000052c (0x0000006f) 
0 3 000000008000052c (0x0000006f) 
0 3 000000008000052c (0x0000006f) 
0 3 000000008000052c (0x0000006f) 
0 3 000000008000052c (0x0000006f) 
0 3 000000008000052c (0x0000006f) 
0 3 000000008000052c (0x0000006f) 
0 3 000000008000052c (0x0000006f) 
0 3 000000008000052c (0x0000006f) 
0 3 000000008000052c (0x0000006f) 
0 3 000000008000052c (0x0000006f) 
0 3 000000008000052c (0x0000006f) 
0 3 000000008000052c (0x0000006f) 
0 3 000000008000052c (0x0000006f) 
0 3 000000008000052c (0x0000006f) 
0 3 000000008000052c (0x0000006f) 
0 3 000000008000052c (0x0000006f) 
0 3 000000008000052c (0x0000006f) 
0 3 000000008000052c (0x0000006f) 
0 3 000000008000052c (0x0000006f) 
0 3 000000008000052c (0x0000006f) 
0 3 000000008000052c (0x0000006f) 
0 3 000000008000052c (0x0000006f) 
0 3 000000008000052c (0x0000006f) 
0 3 000000008000052c (0x0000006f) 
0 3 000000008000052c (0x0000006f) 
0 3 000000008000052c (0x0000006f) 
0 3 000000008000052c (0x0000006f) 
0 3 000000008000052c (0x0000006f) 
0 3 000000008000052c (0x0000006f) 
0 3 000000008000052c (0x0000006f) 
0 3 000000008000052c (0x0000006f) 
0 3 000000008000052c (0x0000006f) 
0 3 000000008000052c (0x0000006f) 
0 3 000000008000052c (0x0000006f) 
0 3 000000008000052c (0x0000006f) 
0 3 000000008000052c (0x0000006f) 
0 3 000000008000052c (0x0000006f) 
0 3 000000008000052c (0x0000006f) 
0 3 000000008000052c (0x0000006f) 
0 3 000000008000052c (0x0000006f) 
0 3 000000008000052c (0x0000006f) 
0 3 000000008000052c (0x0000006f) 
0 3 000000008000052c (0x0000006f) 
0 3 000000008000052c (0x0000006f) 
0 3 000000008000052c (0x0000006f) 
0 3 000000008000052c (0x0000006f) 
0 3 000000008000052c (0x0000006f) 
0 3 000000008000052c (0x0000006f) 
0 3 000000008000052c (0x0000006f) 
0 3 000000008000052c (0x0000006f) 
0 3 000000008000052c (0x0000006f) 
0 3 000000008000052c (0x0000006f) 
0 3 000000008000052c (0x0000006f) 
0 3 000000008000052c (0x0000006f) 
0 3 000000008000052c (0x0000006f) 
0 3 000000008000052c (0x0000006f) 
0 3 000000008000052c (0x0000006f) 
0 3 000000008000052c (0x0000006f) 
0 3 000000008000052c (0x0000006f) 
0 3 000000008000052c (0x0000006f) 
0 3 000000008000052c (0x0000006f) 
0 3 000000008000052c (0x0000006f) 
0 3 000000008000052c (0x0000006f) 
0 3 000000008000052c (0x0000006f) 
0 3 000000008000052c (0x0000006f) 
0 3 000000008000052c (0x0000006f) 
0 3 000000008000052c (0x0000006f) 
0 3 000000008000052c (0x0000006f) 
0 3 000000008000052c (0x0000006f) 
0 3 000000008000052c (0x0000006f) 
0 3 000000008000052c (0x0000006f) 
0 3 000000008000052c (0x0000006f) 
0 3 000000008000052c (0x0000006f) 
0 3 000000008000052c (0x0000006f) 
0 3 000000008000052c (0x0000006f) 
0 3 000000008000052c (0x0000006f) 
0 3 000000008000052c (0x0000006f) 
0 3 000000008000052c (0x0000006f) 
0 3 000000008000052c (0x0000006f) 
0 3 000000008000052c (0x0000006f) 
0 3 000000008000052c (0x0000006f) 
0 3 000000008000052c (0x0000006f) 
0 3 000000008000052c (0x0000006f) 
0 3 000000008000052c (0x0000006f) 
0 3 000000008000052c (0x0000006f) 
0 3 000000008000052c (0x0000006f) 
0 3 000000008000052c (0x0000006f) 
0 3 000000008000052c (0x0000006f) 
0 3 000000008000052c (0x0000006f) 
0 3 000000008000052c (0x0000006f) 
0 3 000000008000052c (0x0000006f) 
0 3 000000008000052c (0x0000006f) 
0 3 000000008000052c (0x0000006f) 
0 3 000000008000052c (0x0000006f) 
0 3 000000008000052c (0x0000006f) 
0 3 000000008000052c (0x0000006f) 
0 3 000000008000052c (0x0000006f) 
0 3 000000008000052c (0x0000006f) 
0 3 000000008000052c (0x0000006f) 
0 3 000000008000052c (0x0000006f) 
0 3 000000008000052c (0x0000006f) 
0 3 000000008000052c (0x0000006f) 
0 3 000000008000052c (0x0000006f) 
0 3 000000008000052c (0x0000006f) 
0 3 000000008000052c (0x0000006f) 
0 3 000000008000052c (0x0000006f) 
0 3 000000008000052c (0x0000006f) 
0 3 000000008000052c (0x0000006f) 
0 3 000000008000052c (0x0000006f) 
0 3 000000008000052c (0x0000006f) 
0 3 000000008000052c (0x0000006f) 
0 3 000000008000052c (0x0000006f) 
0 3 000000008000052c (0x0000006f) 
0 3 000000008000052c (0x0000006f) 
0 3 000000008000052c (0x0000006f) 
0 3 000000008000052c (0x0000006f) 
0 3 000000008000052c (0x0000006f) 
0 3 000000008000052c (0x0000006f) 
0 3 000000008000052c (0x0000006f) 
0 3 000000008000052c (0x0000006f) 
0 3 000000008000052c (0x0000006f) 
0 3 000000008000052c (0x0000006f) 
0 3 000000008000052c (0x0000006f) 
0 3 000000008000052c (0x0000006f) 
0 3 000000008000052c (0x0000006f) 
0 3 000000008000052c (0x0000006f) 
0 3 000000008000052c (0x0000006f) 
0 3 000000008000052c (0x0000006f) 
0 3 000000008000052c (0x0000006f) 
0 3 000000008000052c (0x0000006f) 
0 3 000000008000052c (0x0000006f) 
0 3 000000008000052c (0x0000006f) 
0 3 000000008000052c (0x0000006f) 
0 3 000000008000052c (0x0000006f) 
0 3 000000008000052c (0x0000006f) 
0 3 000000008000052c (0x0000006f) 
0 3 000000008000052c (0x0000006f) 
0 3 000000008000052c (0x0000006f) 
0 3 000000008000052c (0x0000006f) 
0 3 000000008000052c (0x0000006f) 
0 3 000000008000052c (0x0000006f) 
0 3 000000008000052c (0x0000006f) 
0 3 000000008000052c (0x0000006f) 
0 3 000000008000052c (0x0000006f) 
0 3 000000008000052c (0x0000006f) 
0 3 000000008000052c (0x0000006f) 
0 3 000000008000052c (0x0000006f) 
0 3 000000008000052c (0x0000006f) 
0 3 000000008000052c (0x0000006f) 
0 3 000000008000052c (0x0000006f) 
0 3 000000008000052c (0x0000006f) 
0 3 000000008000052c (0x0000006f) 
0 3 000000008000052c (0x0000006f) 
0 3 000000008000052c (0x0000006f) 
0 3 000000008000052c (0x0000006f) 
0 3 000000008000052c (0x0000006f) 
0 3 000000008000052c (0x0000006f) 
0 3 000000008000052c (0x0000006f) 
0 3 000000008000052c (0x0000006f) 
0 3 000000008000052c (0x0000006f) 
0 3 000000008000052c (0x0000006f) 
0 3 000000008000052c (0x0000006f) 
0 3 000000008000052c (0x0000006f) 
0 3 000000008000052c (0x0000006f) 
0 3 000000008000052c (0x0000006f) 
0 3 000000008000052c (0x0000006f) 
0 3 000000008000052c (0x0000006f) 
0 3 000000008000052c (0x0000006f) 
0 3 000000008000052c (0x0000006f) 
0 3 000000008000052c (0x0000006f) 
0 3 000000008000052c (0x0000006f) 
0 3 000000008000052c (0x0000006f) 
0 3 000000008000052c (0x0000006f) 
0 3 000000008000052c (0x0000006f) 
0 3 000000008000052c (0x0000006f) 
0 3 000000008000052c (0x0000006f) 
0 3 000000008000052c (0x0000006f) 
0 3 000000008000052c (0x0000006f) 
0 3 000000008000052c (0x0000006f) 
0 3 000000008000052c (0x0000006f) 
0 3 000000008000052c (0x0000006f) 
0 3 000000008000052c (0x0000006f) 
0 3 000000008000052c (0x0000006f) 
0 3 000000008000052c (0x0000006f) 
0 3 000000008000052c (0x0000006f) 
0 3 000000008000052c (0x0000006f) 
0 3 000000008000052c (0x0000006f) 
0 3 000000008000052c (0x0000006f) 
0 3 000000008000052c (0x0000006f) 
0 3 000000008000052c (0x0000006f) 
0 3 000000008000052c (0x0000006f) 
0 3 000000008000052c (0x0000006f) 
0 3 000000008000052c (0x0000006f) 
0 3 000000008000052c (0x0000006f) 
0 3 000000008000052c (0x0000006f) 
0 3 000000008000052c (0x0000006f) 
0 3 000000008000052c (0x0000006f) 
0 3 000000008000052c (0x0000006f) 
0 3 000000008000052c (0x0000006f) 
0 3 000000008000052c (0x0000006f) 
0 3 000000008000052c (0x0000006f) 
0 3 000000008000052c (0x0000006f) 
0 3 000000008000052c (0x0000006f) 
0 3 000000008000052c (0x0000006f) 
0 3 000000008000052c (0x0000006f) 
0 3 000000008000052c (0x0000006f) 
0 3 000000008000052c (0x0000006f) 
0 3 000000008000052c (0x0000006f) 
0 3 000000008000052c (0x0000006f) 
0 3 000000008000052c (0x0000006f) 
0 3 000000008000052c (0x0000006f) 
0 3 000000008000052c (0x0000006f) 
0 3 000000008000052c (0x0000006f) 
0 3 000000008000052c (0x0000006f) 
0 3 000000008000052c (0x0000006f) 
0 3 000000008000052c (0x0000006f) 
0 3 000000008000052c (0x0000006f) 
0 3 000000008000052c (0x0000006f) 
0 3 000000008000052c (0x0000006f) 
0 3 000000008000052c (0x0000006f) 
0 3 000000008000052c (0x0000006f) 
0 3 000000008000052c (0x0000006f) 
0 3 000000008000052c (0x0000006f) 
0 3 000000008000052c (0x0000006f) 
0 3 000000008000052c (0x0000006f) 
0 3 000000008000052c (0x0000006f) 
0 3 000000008000052c (0x0000006f) 
0 3 000000008000052c (0x0000006f) 
0 3 000000008000052c (0x0000006f) 
0 3 000000008000052c (0x0000006f) 
0 3 000000008000052c (0x0000006f) 
0 3 000000008000052c (0x0000006f) 
0 3 000000008000052c (0x0000006f) 
0 3 000000008000052c (0x0000006f) 
0 3 000000008000052c (0x0000006f) 
0 3 000000008000052c (0x0000006f) 
0 3 000000008000052c (0x0000006f) 
0 3 000000008000052c (0x0000006f) 
0 3 000000008000052c (0x0000006f) 
0 3 000000008000052c (0x0000006f) 
0 3 000000008000052c (0x0000006f) 
0 3 000000008000052c (0x0000006f) 
0 3 000000008000052c (0x0000006f) 
0 3 000000008000052c (0x0000006f) 
0 3 000000008000052c (0x0000006f) 
0 3 000000008000052c (0x0000006f) 
0 3 000000008000052c (0x0000006f) 
0 3 000000008000052c (0x0000006f) 
0 3 000000008000052c (0x0000006f) 
0 3 000000008000052c (0x0000006f) 
0 3 000000008000052c (0x0000006f) 
0 3 000000008000052c (0x0000006f) 
0 3 000000008000052c (0x0000006f) 
0 3 000000008000052c (0x0000006f) 
0 3 000000008000052c (0x0000006f) 
0 3 000000008000052c (0x0000006f) 
0 3 000000008000052c (0x0000006f) 
0 3 000000008000052c (0x0000006f) 
0 3 000000008000052c (0x0000006f) 
0 3 000000008000052c (0x0000006f) 
0 3 000000008000052c (0x0000006f) 
0 3 000000008000052c (0x0000006f) 
0 3 000000008000052c (0x0000006f) 
0 3 000000008000052c (0x0000006f) 
0 3 000000008000052c (0x0000006f) 
0 3 000000008000052c (0x0000006f) 
0 3 000000008000052c (0x0000006f) 
0 3 000000008000052c (0x0000006f) 
0 3 000000008000052c (0x0000006f) 
0 3 000000008000052c (0x0000006f) 
0 3 000000008000052c (0x0000006f) 
0 3 000000008000052c (0x0000006f) 
0 3 000000008000052c (0x0000006f) 
0 3 000000008000052c (0x0000006f) 
0 3 000000008000052c (0x0000006f) 
0 3 000000008000052c (0x0000006f) 
0 3 000000008000052c (0x0000006f) 
0 3 000000008000052c (0x0000006f) 
0 3 000000008000052c (0x0000006f) 
0 3 000000008000052c (0x0000006f) 
0 3 000000008000052c (0x0000006f) 
0 3 000000008000052c (0x0000006f) 
0 3 000000008000052c (0x0000006f) 
0 3 000000008000052c (0x0000006f) 
0 3 000000008000052c (0x0000006f) 
0 3 000000008000052c (0x0000006f) 
0 3 000000008000052c (0x0000006f) 
0 3 000000008000052c (0x0000006f) 
0 3 000000008000052c (0x0000006f) 
0 3 000000008000052c (0x0000006f) 
0 3 000000008000052c (0x0000006f) 
0 3 000000008000052c (0x0000006f) 
0 3 000000008000052c (0x0000006f) 
0 3 000000008000052c (0x0000006f) 
0 3 000000008000052c (0x0000006f) 
0 3 000000008000052c (0x0000006f) 
0 3 000000008000052c (0x0000006f) 
0 3 000000008000052c (0x0000006f) 
0 3 000000008000052c (0x0000006f) 
0 3 000000008000052c (0x0000006f) 
0 3 000000008000052c (0x0000006f) 
0 3 000000008000052c (0x0000006f) 
0 3 000000008000052c (0x0000006f) 
0 3 000000008000052c (0x0000006f) 
0 3 000000008000052c (0x0000006f) 
0 3 000000008000052c (0x0000006f) 
0 3 000000008000052c (0x0000006f) 
0 3 000000008000052c (0x0000006f) 
0 3 000000008000052c (0x0000006f) 
0 3 000000008000052c (0x0000006f) 
0 3 000000008000052c (0x0000006f) 
0 3 000000008000052c (0x0000006f) 
0 3 000000008000052c (0x0000006f) 
0 3 000000008000052c (0x0000006f) 
0 3 000000008000052c (0x0000006f) 
0 3 000000008000052c (0x0000006f) 
0 3 000000008000052c (0x0000006f) 
0 3 000000008000052c (0x0000006f) 
0 3 000000008000052c (0x0000006f) 
0 3 000000008000052c (0x0000006f) 
0 3 000000008000052c (0x0000006f) 
0 3 000000008000052c (0x0000006f) 
0 3 000000008000052c (0x0000006f) 
0 3 000000008000052c (0x0000006f) 
0 3 000000008000052c (0x0000006f) 
0 3 000000008000052c (0x0000006f) 
0 3 000000008000052c (0x0000006f) 
0 3 000000008000052c (0x0000006f) 
0 3 000000008000052c (0x0000006f) 
0 3 000000008000052c (0x0000006f) 
0 3 000000008000052c (0x0000006f) 
0 3 000000008000052c (0x0000006f) 
0 3 000000008000052c (0x0000006f) 
0 3 000000008000052c (0x0000006f) 
0 3 000000008000052c (0x0000006f) 
0 3 000000008000052c (0x0000006f) 
0 3 000000008000052c (0x0000006f) 
0 3 000000008000052c (0x0000006f) 
0 3 000000008000052c (0x0000006f) 
0 3 000000008000052c (0x0000006f) 
0 3 000000008000052c (0x0000006f) 
0 3 000000008000052c (0x0000006f) 
0 3 000000008000052c (0x0000006f) 
0 3 000000008000052c (0x0000006f) 
0 3 000000008000052c (0x0000006f) 
0 3 000000008000052c (0x0000006f) 
0 3 000000008000052c (0x0000006f) 
0 3 000000008000052c (0x0000006f) 
0 3 000000008000052c (0x0000006f) 
0 3 000000008000052c (0x0000006f) 
0 3 000000008000052c (0x0000006f) 
0 3 000000008000052c (0x0000006f) 
0 3 000000008000052c (0x0000006f) 
0 3 000000008000052c (0x0000006f) 
0 3 000000008000052c (0x0000006f) 
0 3 000000008000052c (0x0000006f) 
0 3 000000008000052c (0x0000006f) 
0 3 000000008000052c (0x0000006f) 
0 3 000000008000052c (0x0000006f) 
0 3 000000008000052c (0x0000006f) 
0 3 000000008000052c (0x0000006f) 
0 3 000000008000052c (0x0000006f) 
0 3 000000008000052c (0x0000006f) 
0 3 000000008000052c (0x0000006f) 
0 3 000000008000052c (0x0000006f) 
0 3 000000008000052c (0x0000006f) 
0 3 000000008000052c (0x0000006f) 
0 3 000000008000052c (0x0000006f) 
0 3 000000008000052c (0x0000006f) 
0 3 000000008000052c (0x0000006f) 
0 3 000000008000052c (0x0000006f) 
0 3 000000008000052c (0x0000006f) 
0 3 000000008000052c (0x0000006f) 
0 3 000000008000052c (0x0000006f) 
0 3 000000008000052c (0x0000006f) 
0 3 000000008000052c (0x0000006f) 
0 3 000000008000052c (0x0000006f) 
0 3 000000008000052c (0x0000006f) 
0 3 000000008000052c (0x0000006f) 
0 3 000000008000052c (0x0000006f) 
0 3 000000008000052c (0x0000006f) 
0 3 000000008000052c (0x0000006f) 
0 3 000000008000052c (0x0000006f) 
0 3 000000008000052c (0x0000006f) 
0 3 000000008000052c (0x0000006f) 
0 3 000000008000052c (0x0000006f) 
0 3 000000008000052c (0x0000006f) 
0 3 000000008000052c (0x0000006f) 
0 3 000000008000052c (0x0000006f) 
0 3 000000008000052c (0x0000006f) 
0 3 000000008000052c (0x0000006f) 
0 3 000000008000052c (0x0000006f) 
0 3 000000008000052c (0x0000006f) 
0 3 000000008000052c (0x0000006f) 
0 3 000000008000052c (0x0000006f) 
0 3 000000008000052c (0x0000006f) 
0 3 000000008000052c (0x0000006f) 
0 3 000000008000052c (0x0000006f) 
0 3 000000008000052c (0x0000006f) 
0 3 000000008000052c (0x0000006f) 
0 3 000000008000052c (0x0000006f) 
0 3 000000008000052c (0x0000006f) 
0 3 000000008000052c (0x0000006f) 
0 3 000000008000052c (0x0000006f) 
0 3 000000008000052c (0x0000006f) 
0 3 000000008000052c (0x0000006f) 
0 3 000000008000052c (0x0000006f) 
0 3 000000008000052c (0x0000006f) 
0 3 000000008000052c (0x0000006f) 
0 3 000000008000052c (0x0000006f) 
0 3 000000008000052c (0x0000006f) 
0 3 000000008000052c (0x0000006f) 
0 3 000000008000052c (0x0000006f) 
0 3 000000008000052c (0x0000006f) 
0 3 000000008000052c (0x0000006f) 
0 3 000000008000052c (0x0000006f) 
0 3 000000008000052c (0x0000006f) 
0 3 000000008000052c (0x0000006f) 
0 3 000000008000052c (0x0000006f) 
0 3 000000008000052c (0x0000006f) 
0 3 000000008000052c (0x0000006f) 
0 3 000000008000052c (0x0000006f) 
0 3 000000008000052c (0x0000006f) 
0 3 000000008000052c (0x0000006f) 
0 3 000000008000052c (0x0000006f) 
0 3 000000008000052c (0x0000006f) 
0 3 000000008000052c (0x0000006f) 
0 3 000000008000052c (0x0000006f) 
0 3 000000008000052c (0x0000006f) 
0 3 000000008000052c (0x0000006f) 
0 3 000000008000052c (0x0000006f) 
0 3 000000008000052c (0x0000006f) 
0 3 000000008000052c (0x0000006f) 
0 3 000000008000052c (0x0000006f) 
0 3 000000008000052c (0x0000006f) 
0 3 000000008000052c (0x0000006f) 
0 3 000000008000052c (0x0000006f) 
0 3 000000008000052c (0x0000006f) 
0 3 000000008000052c (0x0000006f) 
0 3 000000008000052c (0x0000006f) 
0 3 000000008000052c (0x0000006f) 
0 3 000000008000052c (0x0000006f) 
0 3 000000008000052c (0x0000006f) 
0 3 000000008000052c (0x0000006f) 
0 3 000000008000052c (0x0000006f) 
0 3 000000008000052c (0x0000006f) 
0 3 000000008000052c (0x0000006f) 
0 3 000000008000052c (0x0000006f) 
0 3 000000008000052c (0x0000006f) 
0 3 000000008000052c (0x0000006f) 
0 3 000000008000052c (0x0000006f) 
0 3 000000008000052c (0x0000006f) 
0 3 000000008000052c (0x0000006f) 
0 3 000000008000052c (0x0000006f) 
0 3 000000008000052c (0x0000006f) 
0 3 000000008000052c (0x0000006f) 
0 3 000000008000052c (0x0000006f) 
0 3 000000008000052c (0x0000006f) 
0 3 000000008000052c (0x0000006f) 
0 3 000000008000052c (0x0000006f) 
0 3 000000008000052c (0x0000006f) 
0 3 000000008000052c (0x0000006f) 
0 3 000000008000052c (0x0000006f) 
0 3 000000008000052c (0x0000006f) 
0 3 000000008000052c (0x0000006f) 
0 3 000000008000052c (0x0000006f) 
0 3 000000008000052c (0x0000006f) 
0 3 000000008000052c (0x0000006f) 
0 3 000000008000052c (0x0000006f) 
0 3 000000008000052c (0x0000006f) 
0 3 000000008000052c (0x0000006f) 
0 3 000000008000052c (0x0000006f) 
0 3 000000008000052c (0x0000006f) 
0 3 000000008000052c (0x0000006f) 
0 3 000000008000052c (0x0000006f) 
0 3 000000008000052c (0x0000006f) 
0 3 000000008000052c (0x0000006f) 
0 3 000000008000052c (0x0000006f) 
0 3 000000008000052c (0x0000006f) 
0 3 000000008000052c (0x0000006f) 
0 3 000000008000052c (0x0000006f) 
0 3 000000008000052c (0x0000006f) 
0 3 000000008000052c (0x0000006f) 
0 3 000000008000052c (0x0000006f) 
0 3 000000008000052c (0x0000006f) 
0 3 000000008000052c (0x0000006f) 
0 3 000000008000052c (0x0000006f) 
0 3 000000008000052c (0x0000006f) 
0 3 000000008000052c (0x0000006f) 
0 3 000000008000052c (0x0000006f) 
0 3 000000008000052c (0x0000006f) 
0 3 000000008000052c (0x0000006f) 
0 3 000000008000052c (0x0000006f) 
0 3 000000008000052c (0x0000006f) 
0 3 000000008000052c (0x0000006f) 
0 3 000000008000052c (0x0000006f) 
0 3 000000008000052c (0x0000006f) 
0 3 000000008000052c (0x0000006f) 
0 3 000000008000052c (0x0000006f) 
0 3 000000008000052c (0x0000006f) 
0 3 000000008000052c (0x0000006f) 
0 3 000000008000052c (0x0000006f) 
0 3 000000008000052c (0x0000006f) 
0 3 000000008000052c (0x0000006f) 
0 3 000000008000052c (0x0000006f) 
0 3 000000008000052c (0x0000006f) 
0 3 000000008000052c (0x0000006f) 
0 3 000000008000052c (0x0000006f) 
0 3 000000008000052c (0x0000006f) 
0 3 000000008000052c (0x0000006f) 
0 3 000000008000052c (0x0000006f) 
0 3 000000008000052c (0x0000006f) 
0 3 000000008000052c (0x0000006f) 
0 3 000000008000052c (0x0000006f) 
0 3 000000008000052c (0x0000006f) 
0 3 000000008000052c (0x0000006f) 
0 3 000000008000052c (0x0000006f) 
0 3 000000008000052c (0x0000006f) 
0 3 000000008000052c (0x0000006f) 
0 3 000000008000052c (0x0000006f) 
0 3 000000008000052c (0x0000006f) 
0 3 000000008000052c (0x0000006f) 
0 3 000000008000052c (0x0000006f) 
0 3 000000008000052c (0x0000006f) 
0 3 000000008000052c (0x0000006f) 
0 3 000000008000052c (0x0000006f) 
0 3 000000008000052c (0x0000006f) 
0 3 000000008000052c (0x0000006f) 
0 3 000000008000052c (0x0000006f) 
0 3 000000008000052c (0x0000006f) 
0 3 000000008000052c (0x0000006f) 
0 3 000000008000052c (0x0000006f) 
0 3 000000008000052c (0x0000006f) 
0 3 000000008000052c (0x0000006f) 
0 3 000000008000052c (0x0000006f) 
0 3 000000008000052c (0x0000006f) 
0 3 000000008000052c (0x0000006f) 
0 3 000000008000052c (0x0000006f) 
0 3 000000008000052c (0x0000006f) 
0 3 000000008000052c (0x0000006f) 
0 3 000000008000052c (0x0000006f) 
0 3 000000008000052c (0x0000006f) 
0 3 000000008000052c (0x0000006f) 
0 3 000000008000052c (0x0000006f) 
0 3 000000008000052c (0x0000006f) 
0 3 000000008000052c (0x0000006f) 
0 3 000000008000052c (0x0000006f) 
0 3 000000008000052c (0x0000006f) 
0 3 000000008000052c (0x0000006f) 
0 3 000000008000052c (0x0000006f) 
0 3 000000008000052c (0x0000006f) 
0 3 000000008000052c (0x0000006f) 
0 3 000000008000052c (0x0000006f) 
0 3 000000008000052c (0x0000006f) 
0 3 000000008000052c (0x0000006f) 
0 3 000000008000052c (0x0000006f) 
0 3 000000008000052c (0x0000006f) 
0 3 000000008000052c (0x0000006f) 
0 3 000000008000052c (0x0000006f) 
0 3 000000008000052c (0x0000006f) 
0 3 000000008000052c (0x0000006f) 
0 3 000000008000052c (0x0000006f) 
0 3 000000008000052c (0x0000006f) 
0 3 000000008000052c (0x0000006f) 
0 3 000000008000052c (0x0000006f) 
0 3 000000008000052c (0x0000006f) 
0 3 000000008000052c (0x0000006f) 
0 3 000000008000052c (0x0000006f) 
0 3 000000008000052c (0x0000006f) 
0 3 000000008000052c (0x0000006f) 
0 3 000000008000052c (0x0000006f) 
0 3 000000008000052c (0x0000006f) 
0 3 000000008000052c (0x0000006f) 
0 3 000000008000052c (0x0000006f) 
0 3 000000008000052c (0x0000006f) 
0 3 000000008000052c (0x0000006f) 
0 3 000000008000052c (0x0000006f) 
0 3 000000008000052c (0x0000006f) 
0 3 000000008000052c (0x0000006f) 
0 3 000000008000052c (0x0000006f) 
0 3 000000008000052c (0x0000006f) 
0 3 000000008000052c (0x0000006f) 
0 3 000000008000052c (0x0000006f) 
0 3 000000008000052c (0x0000006f) 
0 3 000000008000052c (0x0000006f) 
0 3 000000008000052c (0x0000006f) 
0 3 000000008000052c (0x0000006f) 
0 3 000000008000052c (0x0000006f) 
0 3 000000008000052c (0x0000006f) 
0 3 000000008000052c (0x0000006f) 
0 3 000000008000052c (0x0000006f) 
0 3 000000008000052c (0x0000006f) 
0 3 000000008000052c (0x0000006f) 
0 3 000000008000052c (0x0000006f) 
0 3 000000008000052c (0x0000006f) 
0 3 000000008000052c (0x0000006f) 
0 3 000000008000052c (0x0000006f) 
0 3 000000008000052c (0x0000006f) 
0 3 000000008000052c (0x0000006f) 
0 3 000000008000052c (0x0000006f) 
0 3 000000008000052c (0x0000006f) 
0 3 000000008000052c (0x0000006f) 
0 3 000000008000052c (0x0000006f) 
0 3 000000008000052c (0x0000006f) 
0 3 000000008000052c (0x0000006f) 
0 3 000000008000052c (0x0000006f) 
0 3 000000008000052c (0x0000006f) 
0 3 000000008000052c (0x0000006f) 
0 3 000000008000052c (0x0000006f) 
0 3 000000008000052c (0x0000006f) 
0 3 000000008000052c (0x0000006f) 
0 3 000000008000052c (0x0000006f) 
0 3 000000008000052c (0x0000006f) 
0 3 000000008000052c (0x0000006f) 
0 3 000000008000052c (0x0000006f) 
0 3 000000008000052c (0x0000006f) 
0 3 000000008000052c (0x0000006f) 
0 3 000000008000052c (0x0000006f) 
0 3 000000008000052c (0x0000006f) 
0 3 000000008000052c (0x0000006f) 
0 3 000000008000052c (0x0000006f) 
0 3 000000008000052c (0x0000006f) 
0 3 000000008000052c (0x0000006f) 
0 3 000000008000052c (0x0000006f) 
0 3 000000008000052c (0x0000006f) 
0 3 000000008000052c (0x0000006f) 
0 3 000000008000052c (0x0000006f) 
0 3 000000008000052c (0x0000006f) 
0 3 000000008000052c (0x0000006f) 
0 3 000000008000052c (0x0000006f) 
0 3 000000008000052c (0x0000006f) 
0 3 000000008000052c (0x0000006f) 
0 3 000000008000052c (0x0000006f) 
0 3 000000008000052c (0x0000006f) 
0 3 000000008000052c (0x0000006f) 
0 3 000000008000052c (0x0000006f) 
0 3 000000008000052c (0x0000006f) 
0 3 000000008000052c (0x0000006f) 
0 3 000000008000052c (0x0000006f) 
0 3 000000008000052c (0x0000006f) 
0 3 000000008000052c (0x0000006f) 
0 3 000000008000052c (0x0000006f) 
0 3 000000008000052c (0x0000006f) 
0 3 000000008000052c (0x0000006f) 
0 3 000000008000052c (0x0000006f) 
0 3 000000008000052c (0x0000006f) 
0 3 000000008000052c (0x0000006f) 
0 3 000000008000052c (0x0000006f) 
0 3 000000008000052c (0x0000006f) 
0 3 000000008000052c (0x0000006f) 
0 3 000000008000052c (0x0000006f) 
0 3 000000008000052c (0x0000006f) 
0 3 000000008000052c (0x0000006f) 
0 3 000000008000052c (0x0000006f) 
0 3 000000008000052c (0x0000006f) 
0 3 000000008000052c (0x0000006f) 
0 3 000000008000052c (0x0000006f) 
0 3 000000008000052c (0x0000006f) 
0 3 000000008000052c (0x0000006f) 
0 3 000000008000052c (0x0000006f) 
0 3 000000008000052c (0x0000006f) 
0 3 000000008000052c (0x0000006f) 
0 3 000000008000052c (0x0000006f) 
0 3 000000008000052c (0x0000006f) 
0 3 000000008000052c (0x0000006f) 
0 3 000000008000052c (0x0000006f) 
0 3 000000008000052c (0x0000006f) 
0 3 000000008000052c (0x0000006f) 
0 3 000000008000052c (0x0000006f) 
0 3 000000008000052c (0x0000006f) 
0 3 000000008000052c (0x0000006f) 
0 3 000000008000052c (0x0000006f) 
0 3 000000008000052c (0x0000006f) 
0 3 000000008000052c (0x0000006f) 
0 3 000000008000052c (0x0000006f) 
0 3 000000008000052c (0x0000006f) 
0 3 000000008000052c (0x0000006f) 
0 3 000000008000052c (0x0000006f) 
0 3 000000008000052c (0x0000006f) 
0 3 000000008000052c (0x0000006f) 
0 3 000000008000052c (0x0000006f) 
0 3 000000008000052c (0x0000006f) 
0 3 000000008000052c (0x0000006f) 
0 3 000000008000052c (0x0000006f) 
0 3 000000008000052c (0x0000006f) 
0 3 000000008000052c (0x0000006f) 
0 3 000000008000052c (0x0000006f) 
0 3 000000008000052c (0x0000006f) 
0 3 000000008000052c (0x0000006f) 
0 3 000000008000052c (0x0000006f) 
0 3 000000008000052c (0x0000006f) 
0 3 000000008000052c (0x0000006f) 
0 3 000000008000052c (0x0000006f) 
0 3 000000008000052c (0x0000006f) 
0 3 000000008000052c (0x0000006f) 
0 3 000000008000052c (0x0000006f) 
0 3 000000008000052c (0x0000006f) 
0 3 000000008000052c (0x0000006f) 
0 3 000000008000052c (0x0000006f) 
0 3 000000008000052c (0x0000006f) 
0 3 000000008000052c (0x0000006f) 
0 3 000000008000052c (0x0000006f) 
0 3 000000008000052c (0x0000006f) 
0 3 000000008000052c (0x0000006f) 
0 3 000000008000052c (0x0000006f) 
0 3 000000008000052c (0x0000006f) 
0 3 000000008000052c (0x0000006f) 
0 3 000000008000052c (0x0000006f) 
0 3 000000008000052c (0x0000006f) 
0 3 000000008000052c (0x0000006f) 
0 3 000000008000052c (0x0000006f) 
0 3 000000008000052c (0x0000006f) 
0 3 000000008000052c (0x0000006f) 
0 3 000000008000052c (0x0000006f) 
0 3 000000008000052c (0x0000006f) 
0 3 000000008000052c (0x0000006f) 
0 3 000000008000052c (0x0000006f) 
0 3 000000008000052c (0x0000006f) 
0 3 000000008000052c (0x0000006f) 
0 3 000000008000052c (0x0000006f) 
0 3 000000008000052c (0x0000006f) 
0 3 000000008000052c (0x0000006f) 
0 3 000000008000052c (0x0000006f) 
0 3 000000008000052c (0x0000006f) 
0 3 000000008000052c (0x0000006f) 
0 3 000000008000052c (0x0000006f) 
0 3 000000008000052c (0x0000006f) 
0 3 000000008000052c (0x0000006f) 
0 3 000000008000052c (0x0000006f) 
0 3 000000008000052c (0x0000006f) 
0 3 000000008000052c (0x0000006f) 
0 3 000000008000052c (0x0000006f) 
0 3 000000008000052c (0x0000006f) 
0 3 000000008000052c (0x0000006f) 
0 3 000000008000052c (0x0000006f) 
0 3 000000008000052c (0x0000006f) 
0 3 000000008000052c (0x0000006f) 
0 3 000000008000052c (0x0000006f) 
0 3 000000008000052c (0x0000006f) 
0 3 000000008000052c (0x0000006f) 
0 3 000000008000052c (0x0000006f) 
0 3 000000008000052c (0x0000006f) 
0 3 000000008000052c (0x0000006f) 
0 3 000000008000052c (0x0000006f) 
0 3 000000008000052c (0x0000006f) 
0 3 000000008000052c (0x0000006f) 
0 3 000000008000052c (0x0000006f) 
0 3 000000008000052c (0x0000006f) 
0 3 000000008000052c (0x0000006f) 
0 3 000000008000052c (0x0000006f) 
0 3 000000008000052c (0x0000006f) 
0 3 000000008000052c (0x0000006f) 
0 3 000000008000052c (0x0000006f) 
0 3 000000008000052c (0x0000006f) 
0 3 000000008000052c (0x0000006f) 
0 3 000000008000052c (0x0000006f) 
0 3 000000008000052c (0x0000006f) 
0 3 000000008000052c (0x0000006f) 
0 3 000000008000052c (0x0000006f) 
0 3 000000008000052c (0x0000006f) 
0 3 000000008000052c (0x0000006f) 
0 3 000000008000052c (0x0000006f) 
0 3 000000008000052c (0x0000006f) 
0 3 000000008000052c (0x0000006f) 
0 3 000000008000052c (0x0000006f) 
0 3 000000008000052c (0x0000006f) 
0 3 000000008000052c (0x0000006f) 
0 3 000000008000052c (0x0000006f) 
0 3 000000008000052c (0x0000006f) 
0 3 000000008000052c (0x0000006f) 
0 3 000000008000052c (0x0000006f) 
0 3 000000008000052c (0x0000006f) 
0 3 000000008000052c (0x0000006f) 
0 3 000000008000052c (0x0000006f) 
0 3 000000008000052c (0x0000006f) 
0 3 000000008000052c (0x0000006f) 
0 3 000000008000052c (0x0000006f) 
0 3 000000008000052c (0x0000006f) 
0 3 000000008000052c (0x0000006f) 
0 3 000000008000052c (0x0000006f) 
0 3 000000008000052c (0x0000006f) 
0 3 000000008000052c (0x0000006f) 
0 3 000000008000052c (0x0000006f) 
0 3 000000008000052c (0x0000006f) 
0 3 000000008000052c (0x0000006f) 
0 3 000000008000052c (0x0000006f) 
0 3 000000008000052c (0x0000006f) 
0 3 000000008000052c (0x0000006f) 
0 3 000000008000052c (0x0000006f) 
0 3 000000008000052c (0x0000006f) 
0 3 000000008000052c (0x0000006f) 
0 3 000000008000052c (0x0000006f) 
0 3 000000008000052c (0x0000006f) 
0 3 000000008000052c (0x0000006f) 
0 3 000000008000052c (0x0000006f) 
0 3 000000008000052c (0x0000006f) 
0 3 000000008000052c (0x0000006f) 
0 3 000000008000052c (0x0000006f) 
0 3 000000008000052c (0x0000006f) 
0 3 000000008000052c (0x0000006f) 
0 3 000000008000052c (0x0000006f) 
0 3 000000008000052c (0x0000006f) 
0 3 000000008000052c (0x0000006f) 
0 3 000000008000052c (0x0000006f) 
0 3 000000008000052c (0x0000006f) 
0 3 000000008000052c (0x0000006f) 
0 3 000000008000052c (0x0000006f) 
0 3 000000008000052c (0x0000006f) 
0 3 000000008000052c (0x0000006f) 
0 3 000000008000052c (0x0000006f) 
0 3 000000008000052c (0x0000006f) 
0 3 000000008000052c (0x0000006f) 
0 3 000000008000052c (0x0000006f) 
0 3 000000008000052c (0x0000006f) 
0 3 000000008000052c (0x0000006f) 
0 3 000000008000052c (0x0000006f) 
0 3 000000008000052c (0x0000006f) 
0 3 000000008000052c (0x0000006f) 
0 3 000000008000052c (0x0000006f) 
0 3 000000008000052c (0x0000006f) 
0 3 000000008000052c (0x0000006f) 
0 3 000000008000052c (0x0000006f) 
0 3 000000008000052c (0x0000006f) 
0 3 000000008000052c (0x0000006f) 
0 3 000000008000052c (0x0000006f) 
0 3 000000008000052c (0x0000006f) 
0 3 000000008000052c (0x0000006f) 
0 3 000000008000052c (0x0000006f) 
0 3 000000008000052c (0x0000006f) 
0 3 000000008000052c (0x0000006f) 
0 3 000000008000052c (0x0000006f) 
0 3 000000008000052c (0x0000006f) 
0 3 000000008000052c (0x0000006f) 
0 3 000000008000052c (0x0000006f) 
0 3 000000008000052c (0x0000006f) 
0 3 000000008000052c (0x0000006f) 
0 3 000000008000052c (0x0000006f) 
0 3 000000008000052c (0x0000006f) 
0 3 000000008000052c (0x0000006f) 
0 3 000000008000052c (0x0000006f) 
0 3 000000008000052c (0x0000006f) 
0 3 000000008000052c (0x0000006f) 
0 3 000000008000052c (0x0000006f) 
0 3 000000008000052c (0x0000006f) 
0 3 000000008000052c (0x0000006f) 
0 3 000000008000052c (0x0000006f) 
0 3 000000008000052c (0x0000006f) 
0 3 000000008000052c (0x0000006f) 
0 3 000000008000052c (0x0000006f) 
0 3 000000008000052c (0x0000006f) 
0 3 000000008000052c (0x0000006f) 
0 3 000000008000052c (0x0000006f) 
0 3 000000008000052c (0x0000006f) 
0 3 000000008000052c (0x0000006f) 
0 3 000000008000052c (0x0000006f) 
0 3 000000008000052c (0x0000006f) 
0 3 000000008000052c (0x0000006f) 
0 3 000000008000052c (0x0000006f) 
0 3 000000008000052c (0x0000006f) 
0 3 000000008000052c (0x0000006f) 
0 3 000000008000052c (0x0000006f) 
0 3 000000008000052c (0x0000006f) 
0 3 000000008000052c (0x0000006f) 
0 3 000000008000052c (0x0000006f) 
0 3 000000008000052c (0x0000006f) 
0 3 000000008000052c (0x0000006f) 
0 3 000000008000052c (0x0000006f) 
0 3 000000008000052c (0x0000006f) 
0 3 000000008000052c (0x0000006f) 
0 3 000000008000052c (0x0000006f) 
0 3 000000008000052c (0x0000006f) 
0 3 000000008000052c (0x0000006f) 
0 3 000000008000052c (0x0000006f) 
0 3 000000008000052c (0x0000006f) 
0 3 000000008000052c (0x0000006f) 
0 3 000000008000052c (0x0000006f) 
0 3 000000008000052c (0x0000006f) 
0 3 000000008000052c (0x0000006f) 
0 3 000000008000052c (0x0000006f) 
0 3 000000008000052c (0x0000006f) 
0 3 000000008000052c (0x0000006f) 
0 3 000000008000052c (0x0000006f) 
0 3 000000008000052c (0x0000006f) 
0 3 000000008000052c (0x0000006f) 
0 3 000000008000052c (0x0000006f) 
0 3 000000008000052c (0x0000006f) 
0 3 000000008000052c (0x0000006f) 
0 3 000000008000052c (0x0000006f) 
0 3 000000008000052c (0x0000006f) 
0 3 000000008000052c (0x0000006f) 
0 3 000000008000052c (0x0000006f) 
0 3 000000008000052c (0x0000006f) 
0 3 000000008000052c (0x0000006f) 
0 3 000000008000052c (0x0000006f) 
0 3 000000008000052c (0x0000006f) 
0 3 000000008000052c (0x0000006f) 
0 3 000000008000052c (0x0000006f) 
0 3 000000008000052c (0x0000006f) 
0 3 000000008000052c (0x0000006f) 
0 3 000000008000052c (0x0000006f) 
0 3 000000008000052c (0x0000006f) 
0 3 000000008000052c (0x0000006f) 
0 3 000000008000052c (0x0000006f) 
0 3 000000008000052c (0x0000006f) 
0 3 000000008000052c (0x0000006f) 
0 3 000000008000052c (0x0000006f) 
0 3 000000008000052c (0x0000006f) 
0 3 000000008000052c (0x0000006f) 
0 3 000000008000052c (0x0000006f) 
0 3 000000008000052c (0x0000006f) 
0 3 000000008000052c (0x0000006f) 
0 3 000000008000052c (0x0000006f) 
0 3 000000008000052c (0x0000006f) 
0 3 000000008000052c (0x0000006f) 
0 3 000000008000052c (0x0000006f) 
0 3 000000008000052c (0x0000006f) 
0 3 000000008000052c (0x0000006f) 
0 3 000000008000052c (0x0000006f) 
0 3 000000008000052c (0x0000006f) 
0 3 000000008000052c (0x0000006f) 
0 3 000000008000052c (0x0000006f) 
0 3 000000008000052c (0x0000006f) 
0 3 000000008000052c (0x0000006f) 
0 3 000000008000052c (0x0000006f) 
0 3 000000008000052c (0x0000006f) 
0 3 000000008000052c (0x0000006f) 
0 3 000000008000052c (0x0000006f) 
0 3 000000008000052c (0x0000006f) 
0 3 000000008000052c (0x0000006f) 
0 3 000000008000052c (0x0000006f) 
0 3 000000008000052c (0x0000006f) 
0 3 000000008000052c (0x0000006f) 
0 3 000000008000052c (0x0000006f) 
0 3 000000008000052c (0x0000006f) 
0 3 000000008000052c (0x0000006f) 
0 3 000000008000052c (0x0000006f) 
0 3 000000008000052c (0x0000006f) 
0 3 000000008000052c (0x0000006f) 
0 3 000000008000052c (0x0000006f) 
0 3 000000008000052c (0x0000006f) 
0 3 000000008000052c (0x0000006f) 
0 3 000000008000052c (0x0000006f) 
0 3 000000008000052c (0x0000006f) 
0 3 000000008000052c (0x0000006f) 
0 3 000000008000052c (0x0000006f) 
0 3 000000008000052c (0x0000006f) 
0 3 000000008000052c (0x0000006f) 
0 3 000000008000052c (0x0000006f) 
0 3 000000008000052c (0x0000006f) 
0 3 000000008000052c (0x0000006f) 
0 3 000000008000052c (0x0000006f) 
0 3 000000008000052c (0x0000006f) 
0 3 000000008000052c (0x0000006f) 
0 3 000000008000052c (0x0000006f) 
0 3 000000008000052c (0x0000006f) 
0 3 000000008000052c (0x0000006f) 
0 3 000000008000052c (0x0000006f) 
0 3 000000008000052c (0x0000006f) 
0 3 000000008000052c (0x0000006f) 
0 3 000000008000052c (0x0000006f) 
0 3 000000008000052c (0x0000006f) 
0 3 000000008000052c (0x0000006f) 
0 3 000000008000052c (0x0000006f) 
0 3 000000008000052c (0x0000006f) 
0 3 000000008000052c (0x0000006f) 
0 3 000000008000052c (0x0000006f) 
0 3 000000008000052c (0x0000006f) 
0 3 000000008000052c (0x0000006f) 
0 3 000000008000052c (0x0000006f) 
0 3 000000008000052c (0x0000006f) 
0 3 000000008000052c (0x0000006f) 
0 3 000000008000052c (0x0000006f) 
0 3 000000008000052c (0x0000006f) 
0 3 000000008000052c (0x0000006f) 
0 3 000000008000052c (0x0000006f) 
0 3 000000008000052c (0x0000006f) 
0 3 000000008000052c (0x0000006f) 
0 3 000000008000052c (0x0000006f) 
0 3 000000008000052c (0x0000006f) 
0 3 000000008000052c (0x0000006f) 
0 3 000000008000052c (0x0000006f) 
0 3 000000008000052c (0x0000006f) 
0 3 000000008000052c (0x0000006f) 
0 3 000000008000052c (0x0000006f) 
0 3 000000008000052c (0x0000006f) 
0 3 000000008000052c (0x0000006f) 
0 3 000000008000052c (0x0000006f) 
0 3 000000008000052c (0x0000006f) 
0 3 000000008000052c (0x0000006f) 
0 3 000000008000052c (0x0000006f) 
0 3 000000008000052c (0x0000006f) 
0 3 000000008000052c (0x0000006f) 
0 3 000000008000052c (0x0000006f) 
0 3 000000008000052c (0x0000006f) 
0 3 000000008000052c (0x0000006f) 
0 3 000000008000052c (0x0000006f) 
0 3 000000008000052c (0x0000006f) 
0 3 000000008000052c (0x0000006f) 
0 3 000000008000052c (0x0000006f) 
0 3 000000008000052c (0x0000006f) 
0 3 000000008000052c (0x0000006f) 
0 3 000000008000052c (0x0000006f) 
0 3 000000008000052c (0x0000006f) 
0 3 000000008000052c (0x0000006f) 
0 3 000000008000052c (0x0000006f) 
0 3 000000008000052c (0x0000006f) 
0 3 000000008000052c (0x0000006f) 
0 3 000000008000052c (0x0000006f) 
0 3 000000008000052c (0x0000006f) 
0 3 000000008000052c (0x0000006f) 
0 3 000000008000052c (0x0000006f) 
0 3 000000008000052c (0x0000006f) 
0 3 000000008000052c (0x0000006f) 
0 3 000000008000052c (0x0000006f) 
0 3 000000008000052c (0x0000006f) 
0 3 000000008000052c (0x0000006f) 
0 3 000000008000052c (0x0000006f) 
0 3 000000008000052c (0x0000006f) 
0 3 000000008000052c (0x0000006f) 
0 3 000000008000052c (0x0000006f) 
0 3 000000008000052c (0x0000006f) 
0 3 000000008000052c (0x0000006f) 
0 3 000000008000052c (0x0000006f) 
0 3 000000008000052c (0x0000006f) 
0 3 000000008000052c (0x0000006f) 
0 3 000000008000052c (0x0000006f) 
0 3 000000008000052c (0x0000006f) 
0 3 000000008000052c (0x0000006f) 
0 3 000000008000052c (0x0000006f) 
0 3 000000008000052c (0x0000006f) 
0 3 000000008000052c (0x0000006f) 
0 3 000000008000052c (0x0000006f) 
0 3 000000008000052c (0x0000006f) 
0 3 000000008000052c (0x0000006f) 
0 3 000000008000052c (0x0000006f) 
0 3 000000008000052c (0x0000006f) 
0 3 000000008000052c (0x0000006f) 
0 3 000000008000052c (0x0000006f) 
0 3 000000008000052c (0x0000006f) 
0 3 000000008000052c (0x0000006f) 
0 3 000000008000052c (0x0000006f) 
0 3 000000008000052c (0x0000006f) 
0 3 000000008000052c (0x0000006f) 
0 3 000000008000052c (0x0000006f) 
0 3 000000008000052c (0x0000006f) 
0 3 000000008000052c (0x0000006f) 
0 3 000000008000052c (0x0000006f) 
0 3 000000008000052c (0x0000006f) 
0 3 000000008000052c (0x0000006f) 
0 3 000000008000052c (0x0000006f) 
0 3 000000008000052c (0x0000006f) 
0 3 000000008000052c (0x0000006f) 
0 3 000000008000052c (0x0000006f) 
0 3 000000008000052c (0x0000006f) 
0 3 000000008000052c (0x0000006f) 
0 3 000000008000052c (0x0000006f) 
0 3 000000008000052c (0x0000006f) 
0 3 000000008000052c (0x0000006f) 
0 3 000000008000052c (0x0000006f) 
0 3 000000008000052c (0x0000006f) 
0 3 000000008000052c (0x0000006f) 
0 3 000000008000052c (0x0000006f) 
0 3 000000008000052c (0x0000006f) 
0 3 000000008000052c (0x0000006f) 
0 3 000000008000052c (0x0000006f) 
0 3 000000008000052c (0x0000006f) 
0 3 000000008000052c (0x0000006f) 
0 3 000000008000052c (0x0000006f) 
0 3 000000008000052c (0x0000006f) 
0 3 000000008000052c (0x0000006f) 
0 3 000000008000052c (0x0000006f) 
0 3 000000008000052c (0x0000006f) 
0 3 000000008000052c (0x0000006f) 
0 3 000000008000052c (0x0000006f) 
0 3 000000008000052c (0x0000006f) 
0 3 000000008000052c (0x0000006f) 
0 3 000000008000052c (0x0000006f) 
0 3 000000008000052c (0x0000006f) 
0 3 000000008000052c (0x0000006f) 
0 3 000000008000052c (0x0000006f) 
0 3 000000008000052c (0x0000006f) 
0 3 000000008000052c (0x0000006f) 
0 3 000000008000052c (0x0000006f) 
0 3 000000008000052c (0x0000006f) 
0 3 000000008000052c (0x0000006f) 
0 3 000000008000052c (0x0000006f) 
0 3 000000008000052c (0x0000006f) 
0 3 000000008000052c (0x0000006f) 
0 3 000000008000052c (0x0000006f) 
0 3 000000008000052c (0x0000006f) 
0 3 000000008000052c (0x0000006f) 
0 3 000000008000052c (0x0000006f) 
0 3 000000008000052c (0x0000006f) 
0 3 000000008000052c (0x0000006f) 
0 3 000000008000052c (0x0000006f) 
0 3 000000008000052c (0x0000006f) 
0 3 000000008000052c (0x0000006f) 
0 3 000000008000052c (0x0000006f) 
0 3 000000008000052c (0x0000006f) 
0 3 000000008000052c (0x0000006f) 
0 3 000000008000052c (0x0000006f) 
0 3 000000008000052c (0x0000006f) 
0 3 000000008000052c (0x0000006f) 
0 3 000000008000052c (0x0000006f) 
0 3 000000008000052c (0x0000006f) 
0 3 000000008000052c (0x0000006f) 
0 3 000000008000052c (0x0000006f) 
0 3 000000008000052c (0x0000006f) 
0 3 000000008000052c (0x0000006f) 
0 3 000000008000052c (0x0000006f) 
0 3 000000008000052c (0x0000006f) 
0 3 000000008000052c (0x0000006f) 
0 3 000000008000052c (0x0000006f) 
0 3 000000008000052c (0x0000006f) 
0 3 000000008000052c (0x0000006f) 
0 3 000000008000052c (0x0000006f) 
0 3 000000008000052c (0x0000006f) 
0 3 000000008000052c (0x0000006f) 
0 3 000000008000052c (0x0000006f) 
0 3 000000008000052c (0x0000006f) 
0 3 000000008000052c (0x0000006f) 
0 3 000000008000052c (0x0000006f) 
0 3 000000008000052c (0x0000006f) 
0 3 000000008000052c (0x0000006f) 
0 3 000000008000052c (0x0000006f) 
0 3 000000008000052c (0x0000006f) 
0 3 000000008000052c (0x0000006f) 
0 3 000000008000052c (0x0000006f) 
0 3 000000008000052c (0x0000006f) 
0 3 000000008000052c (0x0000006f) 
0 3 000000008000052c (0x0000006f) 
0 3 000000008000052c (0x0000006f) 
0 3 000000008000052c (0x0000006f) 
0 3 000000008000052c (0x0000006f) 
0 3 000000008000052c (0x0000006f) 
0 3 000000008000052c (0x0000006f) 
0 3 000000008000052c (0x0000006f) 
0 3 000000008000052c (0x0000006f) 
0 3 000000008000052c (0x0000006f) 
0 3 000000008000052c (0x0000006f) 
0 3 000000008000052c (0x0000006f) 
0 3 000000008000052c (0x0000006f) 
0 3 000000008000052c (0x0000006f) 
0 3 000000008000052c (0x0000006f) 
0 3 000000008000052c (0x0000006f) 
0 3 000000008000052c (0x0000006f) 
0 3 000000008000052c (0x0000006f) 
0 3 000000008000052c (0x0000006f) 
0 3 000000008000052c (0x0000006f) 
0 3 000000008000052c (0x0000006f) 
0 3 000000008000052c (0x0000006f) 
0 3 000000008000052c (0x0000006f) 
0 3 000000008000052c (0x0000006f) 
0 3 000000008000052c (0x0000006f) 
0 3 000000008000052c (0x0000006f) 
0 3 000000008000052c (0x0000006f) 
0 3 000000008000052c (0x0000006f) 
0 3 000000008000052c (0x0000006f) 
0 3 000000008000052c (0x0000006f) 
0 3 000000008000052c (0x0000006f) 
0 3 000000008000052c (0x0000006f) 
0 3 000000008000052c (0x0000006f) 
0 3 000000008000052c (0x0000006f) 
0 3 000000008000052c (0x0000006f) 
0 3 000000008000052c (0x0000006f) 
0 3 000000008000052c (0x0000006f) 
0 3 000000008000052c (0x0000006f) 
0 3 000000008000052c (0x0000006f) 
0 3 000000008000052c (0x0000006f) 
0 3 000000008000052c (0x0000006f) 
0 3 000000008000052c (0x0000006f) 
0 3 000000008000052c (0x0000006f) 
0 3 000000008000052c (0x0000006f) 
0 3 000000008000052c (0x0000006f) 
0 3 000000008000052c (0x0000006f) 
0 3 000000008000052c (0x0000006f) 
0 3 000000008000052c (0x0000006f) 
0 3 000000008000052c (0x0000006f) 
0 3 000000008000052c (0x0000006f) 
0 3 000000008000052c (0x0000006f) 
0 3 000000008000052c (0x0000006f) 
0 3 000000008000052c (0x0000006f) 
0 3 000000008000052c (0x0000006f) 
0 3 000000008000052c (0x0000006f) 
0 3 000000008000052c (0x0000006f) 
0 3 000000008000052c (0x0000006f) 
0 3 000000008000052c (0x0000006f) 
0 3 000000008000052c (0x0000006f) 
0 3 000000008000052c (0x0000006f) 
0 3 000000008000052c (0x0000006f) 
0 3 000000008000052c (0x0000006f) 
0 3 000000008000052c (0x0000006f) 
0 3 000000008000052c (0x0000006f) 
0 3 000000008000052c (0x0000006f) 
0 3 000000008000052c (0x0000006f) 
0 3 000000008000052c (0x0000006f) 
0 3 000000008000052c (0x0000006f) 
0 3 000000008000052c (0x0000006f) 
0 3 000000008000052c (0x0000006f) 
0 3 000000008000052c (0x0000006f) 
0 3 000000008000052c (0x0000006f) 
0 3 000000008000052c (0x0000006f) 
0 3 000000008000052c (0x0000006f) 
0 3 000000008000052c (0x0000006f) 
0 3 000000008000052c (0x0000006f) 
0 3 000000008000052c (0x0000006f) 
0 3 000000008000052c (0x0000006f) 
0 3 000000008000052c (0x0000006f) 
0 3 000000008000052c (0x0000006f) 
0 3 000000008000052c (0x0000006f) 
0 3 000000008000052c (0x0000006f) 
0 3 000000008000052c (0x0000006f) 
0 3 000000008000052c (0x0000006f) 
0 3 000000008000052c (0x0000006f) 
0 3 000000008000052c (0x0000006f) 
0 3 000000008000052c (0x0000006f) 
0 3 000000008000052c (0x0000006f) 
0 3 000000008000052c (0x0000006f) 
0 3 000000008000052c (0x0000006f) 
0 3 000000008000052c (0x0000006f) 
0 3 000000008000052c (0x0000006f) 
0 3 000000008000052c (0x0000006f) 
0 3 000000008000052c (0x0000006f) 
0 3 000000008000052c (0x0000006f) 
0 3 000000008000052c (0x0000006f) 
0 3 000000008000052c (0x0000006f) 
0 3 000000008000052c (0x0000006f) 
0 3 000000008000052c (0x0000006f) 
0 3 000000008000052c (0x0000006f) 
0 3 000000008000052c (0x0000006f) 
0 3 000000008000052c (0x0000006f) 
0 3 000000008000052c (0x0000006f) 
0 3 000000008000052c (0x0000006f) 
0 3 000000008000052c (0x0000006f) 
0 3 000000008000052c (0x0000006f) 
0 3 000000008000052c (0x0000006f) 
0 3 000000008000052c (0x0000006f) 
0 3 000000008000052c (0x0000006f) 
0 3 000000008000052c (0x0000006f) 
0 3 000000008000052c (0x0000006f) 
0 3 000000008000052c (0x0000006f) 
0 3 000000008000052c (0x0000006f) 
0 3 000000008000052c (0x0000006f) 
0 3 000000008000052c (0x0000006f) 
0 3 000000008000052c (0x0000006f) 
0 3 000000008000052c (0x0000006f) 
0 3 000000008000052c (0x0000006f) 
0 3 000000008000052c (0x0000006f) 
0 3 000000008000052c (0x0000006f) 
0 3 000000008000052c (0x0000006f) 
0 3 000000008000052c (0x0000006f) 
0 3 000000008000052c (0x0000006f) 
0 3 000000008000052c (0x0000006f) 
0 3 000000008000052c (0x0000006f) 
0 3 000000008000052c (0x0000006f) 
0 3 000000008000052c (0x0000006f) 
0 3 000000008000052c (0x0000006f) 
0 3 000000008000052c (0x0000006f) 
0 3 000000008000052c (0x0000006f) 
0 3 000000008000052c (0x0000006f) 
0 3 000000008000052c (0x0000006f) 
0 3 000000008000052c (0x0000006f) 
0 3 000000008000052c (0x0000006f) 
0 3 000000008000052c (0x0000006f) 
0 3 000000008000052c (0x0000006f) 
0 3 000000008000052c (0x0000006f) 
0 3 000000008000052c (0x0000006f) 
0 3 000000008000052c (0x0000006f) 
0 3 000000008000052c (0x0000006f) 
0 3 000000008000052c (0x0000006f) 
0 3 000000008000052c (0x0000006f) 
0 3 000000008000052c (0x0000006f) 
0 3 000000008000052c (0x0000006f) 
0 3 000000008000052c (0x0000006f) 
0 3 000000008000052c (0x0000006f) 
0 3 000000008000052c (0x0000006f) 
0 3 000000008000052c (0x0000006f) 
0 3 000000008000052c (0x0000006f) 
0 3 000000008000052c (0x0000006f) 
0 3 000000008000052c (0x0000006f) 
0 3 000000008000052c (0x0000006f) 
0 3 000000008000052c (0x0000006f) 
0 3 000000008000052c (0x0000006f) 
0 3 000000008000052c (0x0000006f) 
0 3 000000008000052c (0x0000006f) 
0 3 000000008000052c (0x0000006f) 
0 3 000000008000052c (0x0000006f) 
0 3 000000008000052c (0x0000006f) 
0 3 000000008000052c (0x0000006f) 
0 3 000000008000052c (0x0000006f) 
0 3 000000008000052c (0x0000006f) 
0 3 000000008000052c (0x0000006f) 
0 3 000000008000052c (0x0000006f) 
0 3 000000008000052c (0x0000006f) 
0 3 000000008000052c (0x0000006f) 
0 3 000000008000052c (0x0000006f) 
0 3 000000008000052c (0x0000006f) 
0 3 000000008000052c (0x0000006f) 
0 3 000000008000052c (0x0000006f) 
0 3 000000008000052c (0x0000006f) 
0 3 000000008000052c (0x0000006f) 
0 3 000000008000052c (0x0000006f) 
0 3 000000008000052c (0x0000006f) 
0 3 000000008000052c (0x0000006f) 
0 3 000000008000052c (0x0000006f) 
0 3 000000008000052c (0x0000006f) 
0 3 000000008000052c (0x0000006f) 
0 3 000000008000052c (0x0000006f) 
0 3 000000008000052c (0x0000006f) 
0 3 000000008000052c (0x0000006f) 
0 3 000000008000052c (0x0000006f) 
0 3 000000008000052c (0x0000006f) 
0 3 000000008000052c (0x0000006f) 
0 3 000000008000052c (0x0000006f) 
0 3 000000008000052c (0x0000006f) 
0 3 000000008000052c (0x0000006f) 
0 3 000000008000052c (0x0000006f) 
0 3 000000008000052c (0x0000006f) 
0 3 000000008000052c (0x0000006f) 
0 3 000000008000052c (0x0000006f) 
0 3 000000008000052c (0x0000006f) 
0 3 000000008000052c (0x0000006f) 
0 3 000000008000052c (0x0000006f) 
0 3 000000008000052c (0x0000006f) 
0 3 000000008000052c (0x0000006f) 
0 3 000000008000052c (0x0000006f) 
0 3 000000008000052c (0x0000006f) 
0 3 000000008000052c (0x0000006f) 
0 3 000000008000052c (0x0000006f) 
0 3 000000008000052c (0x0000006f) 
0 3 000000008000052c (0x0000006f) 
0 3 000000008000052c (0x0000006f) 
0 3 000000008000052c (0x0000006f) 
0 3 000000008000052c (0x0000006f) 
0 3 000000008000052c (0x0000006f) 
0 3 000000008000052c (0x0000006f) 
0 3 000000008000052c (0x0000006f) 
0 3 000000008000052c (0x0000006f) 
0 3 000000008000052c (0x0000006f) 
0 3 000000008000052c (0x0000006f) 
0 3 000000008000052c (0x0000006f) 
0 3 000000008000052c (0x0000006f) 
0 3 000000008000052c (0x0000006f) 
0 3 000000008000052c (0x0000006f) 
0 3 000000008000052c (0x0000006f) 
0 3 000000008000052c (0x0000006f) 
0 3 000000008000052c (0x0000006f) 
0 3 000000008000052c (0x0000006f) 
0 3 000000008000052c (0x0000006f) 
0 3 000000008000052c (0x0000006f) 
0 3 000000008000052c (0x0000006f) 
0 3 000000008000052c (0x0000006f) 
0 3 000000008000052c (0x0000006f) 
0 3 000000008000052c (0x0000006f) 
0 3 000000008000052c (0x0000006f) 
0 3 000000008000052c (0x0000006f) 
0 3 000000008000052c (0x0000006f) 
0 3 000000008000052c (0x0000006f) 
0 3 000000008000052c (0x0000006f) 
0 3 000000008000052c (0x0000006f) 
0 3 000000008000052c (0x0000006f) 
0 3 000000008000052c (0x0000006f) 
0 3 000000008000052c (0x0000006f) 
0 3 000000008000052c (0x0000006f) 
0 3 000000008000052c (0x0000006f) 
0 3 000000008000052c (0x0000006f) 
0 3 000000008000052c (0x0000006f) 
0 3 000000008000052c (0x0000006f) 
0 3 000000008000052c (0x0000006f) 
0 3 000000008000052c (0x0000006f) 
0 3 000000008000052c (0x0000006f) 
0 3 000000008000052c (0x0000006f) 
0 3 000000008000052c (0x0000006f) 
0 3 000000008000052c (0x0000006f) 
0 3 000000008000052c (0x0000006f) 
0 3 000000008000052c (0x0000006f) 
0 3 000000008000052c (0x0000006f) 
0 3 000000008000052c (0x0000006f) 
0 3 000000008000052c (0x0000006f) 
0 3 000000008000052c (0x0000006f) 
0 3 000000008000052c (0x0000006f) 
0 3 000000008000052c (0x0000006f) 
0 3 000000008000052c (0x0000006f) 
0 3 000000008000052c (0x0000006f) 
0 3 000000008000052c (0x0000006f) 
0 3 000000008000052c (0x0000006f) 
0 3 000000008000052c (0x0000006f) 
0 3 000000008000052c (0x0000006f) 
0 3 000000008000052c (0x0000006f) 
0 3 000000008000052c (0x0000006f) 
0 3 000000008000052c (0x0000006f) 
0 3 000000008000052c (0x0000006f) 
0 3 000000008000052c (0x0000006f) 
0 3 000000008000052c (0x0000006f) 
0 3 000000008000052c (0x0000006f) 
0 3 000000008000052c (0x0000006f) 
0 3 000000008000052c (0x0000006f) 
0 3 000000008000052c (0x0000006f) 
0 3 000000008000052c (0x0000006f) 
0 3 000000008000052c (0x0000006f) 
0 3 000000008000052c (0x0000006f) 
0 3 000000008000052c (0x0000006f) 
0 3 000000008000052c (0x0000006f) 
0 3 000000008000052c (0x0000006f) 
0 3 000000008000052c (0x0000006f) 
0 3 000000008000052c (0x0000006f) 
0 3 000000008000052c (0x0000006f) 
0 3 000000008000052c (0x0000006f) 
0 3 000000008000052c (0x0000006f) 
0 3 000000008000052c (0x0000006f) 
0 3 000000008000052c (0x0000006f) 
0 3 000000008000052c (0x0000006f) 
0 3 000000008000052c (0x0000006f) 
0 3 000000008000052c (0x0000006f) 
0 3 000000008000052c (0x0000006f) 
0 3 000000008000052c (0x0000006f) 
0 3 000000008000052c (0x0000006f) 
0 3 000000008000052c (0x0000006f) 
0 3 000000008000052c (0x0000006f) 
0 3 000000008000052c (0x0000006f) 
0 3 000000008000052c (0x0000006f) 
0 3 000000008000052c (0x0000006f) 
0 3 000000008000052c (0x0000006f) 
0 3 000000008000052c (0x0000006f) 
0 3 000000008000052c (0x0000006f) 
0 3 000000008000052c (0x0000006f) 
0 3 000000008000052c (0x0000006f) 
0 3 000000008000052c (0x0000006f) 
0 3 000000008000052c (0x0000006f) 
0 3 000000008000052c (0x0000006f) 
0 3 000000008000052c (0x0000006f) 
0 3 000000008000052c (0x0000006f) 
0 3 000000008000052c (0x0000006f) 
0 3 000000008000052c (0x0000006f) 
0 3 000000008000052c (0x0000006f) 
0 3 000000008000052c (0x0000006f) 
0 3 000000008000052c (0x0000006f) 
0 3 000000008000052c (0x0000006f) 
0 3 000000008000052c (0x0000006f) 
0 3 000000008000052c (0x0000006f) 
0 3 000000008000052c (0x0000006f) 
0 3 000000008000052c (0x0000006f) 
0 3 000000008000052c (0x0000006f) 
0 3 000000008000052c (0x0000006f) 
0 3 000000008000052c (0x0000006f) 
0 3 000000008000052c (0x0000006f) 
0 3 000000008000052c (0x0000006f) 
0 3 000000008000052c (0x0000006f) 
0 3 000000008000052c (0x0000006f) 
0 3 000000008000052c (0x0000006f) 
0 3 000000008000052c (0x0000006f) 
0 3 000000008000052c (0x0000006f) 
0 3 000000008000052c (0x0000006f) 
0 3 000000008000052c (0x0000006f) 
0 3 000000008000052c (0x0000006f) 
0 3 000000008000052c (0x0000006f) 
0 3 000000008000052c (0x0000006f) 
0 3 000000008000052c (0x0000006f) 
0 3 000000008000052c (0x0000006f) 
0 3 000000008000052c (0x0000006f) 
0 3 000000008000052c (0x0000006f) 
0 3 000000008000052c (0x0000006f) 
0 3 000000008000052c (0x0000006f) 
0 3 000000008000052c (0x0000006f) 
0 3 000000008000052c (0x0000006f) 
0 3 000000008000052c (0x0000006f) 
0 3 000000008000052c (0x0000006f) 
0 3 000000008000052c (0x0000006f) 
0 3 000000008000052c (0x0000006f) 
0 3 000000008000052c (0x0000006f) 
0 3 000000008000052c (0x0000006f) 
0 3 000000008000052c (0x0000006f) 
0 3 000000008000052c (0x0000006f) 
0 3 000000008000052c (0x0000006f) 
0 3 000000008000052c (0x0000006f) 
0 3 000000008000052c (0x0000006f) 
0 3 000000008000052c (0x0000006f) 
0 3 000000008000052c (0x0000006f) 
0 3 000000008000052c (0x0000006f) 
0 3 000000008000052c (0x0000006f) 
0 3 000000008000052c (0x0000006f) 
0 3 000000008000052c (0x0000006f) 
0 3 000000008000052c (0x0000006f) 
0 3 000000008000052c (0x0000006f) 
0 3 000000008000052c (0x0000006f) 
0 3 000000008000052c (0x0000006f) 
0 3 000000008000052c (0x0000006f) 
0 3 000000008000052c (0x0000006f) 
0 3 000000008000052c (0x0000006f) 
0 3 000000008000052c (0x0000006f) 
0 3 000000008000052c (0x0000006f) 
0 3 000000008000052c (0x0000006f) 
0 3 000000008000052c (0x0000006f) 
0 3 000000008000052c (0x0000006f) 
0 3 000000008000052c (0x0000006f) 
0 3 000000008000052c (0x0000006f) 
0 3 000000008000052c (0x0000006f) 
0 3 000000008000052c (0x0000006f) 
0 3 000000008000052c (0x0000006f) 
0 3 000000008000052c (0x0000006f) 
0 3 000000008000052c (0x0000006f) 
0 3 000000008000052c (0x0000006f) 
0 3 000000008000052c (0x0000006f) 
0 3 000000008000052c (0x0000006f) 
0 3 000000008000052c (0x0000006f) 
0 3 000000008000052c (0x0000006f) 
0 3 000000008000052c (0x0000006f) 
0 3 000000008000052c (0x0000006f) 
0 3 000000008000052c (0x0000006f) 
0 3 000000008000052c (0x0000006f) 
0 3 000000008000052c (0x0000006f) 
0 3 000000008000052c (0x0000006f) 
0 3 000000008000052c (0x0000006f) 
0 3 000000008000052c (0x0000006f) 
0 3 000000008000052c (0x0000006f) 
0 3 000000008000052c (0x0000006f) 
0 3 000000008000052c (0x0000006f) 
0 3 000000008000052c (0x0000006f) 
0 3 000000008000052c (0x0000006f) 
0 3 000000008000052c (0x0000006f) 
0 3 000000008000052c (0x0000006f) 
0 3 000000008000052c (0x0000006f) 
0 3 000000008000052c (0x0000006f) 
0 3 000000008000052c (0x0000006f) 
0 3 000000008000052c (0x0000006f) 
0 3 000000008000052c (0x0000006f) 
0 3 000000008000052c (0x0000006f) 
0 3 000000008000052c (0x0000006f) 
0 3 000000008000052c (0x0000006f) 
0 3 000000008000052c (0x0000006f) 
0 3 000000008000052c (0x0000006f) 
0 3 000000008000052c (0x0000006f) 
0 3 000000008000052c (0x0000006f) 
0 3 000000008000052c (0x0000006f) 
0 3 000000008000052c (0x0000006f) 
0 3 000000008000052c (0x0000006f) 
0 3 000000008000052c (0x0000006f) 
0 3 000000008000052c (0x0000006f) 
0 3 000000008000052c (0x0000006f) 
0 3 000000008000052c (0x0000006f) 
0 3 000000008000052c (0x0000006f) 
0 3 000000008000052c (0x0000006f) 
0 3 000000008000052c (0x0000006f) 
0 3 000000008000052c (0x0000006f) 
0 3 000000008000052c (0x0000006f) 
0 3 000000008000052c (0x0000006f) 
0 3 000000008000052c (0x0000006f) 
0 3 000000008000052c (0x0000006f) 
0 3 000000008000052c (0x0000006f) 
0 3 000000008000052c (0x0000006f) 
0 3 000000008000052c (0x0000006f) 
0 3 000000008000052c (0x0000006f) 
0 3 000000008000052c (0x0000006f) 
0 3 000000008000052c (0x0000006f) 
0 3 000000008000052c (0x0000006f) 
0 3 000000008000052c (0x0000006f) 
0 3 000000008000052c (0x0000006f) 
0 3 000000008000052c (0x0000006f) 
0 3 000000008000052c (0x0000006f) 
0 3 000000008000052c (0x0000006f) 
0 3 000000008000052c (0x0000006f) 
0 3 000000008000052c (0x0000006f) 
0 3 000000008000052c (0x0000006f) 
0 3 000000008000052c (0x0000006f) 
0 3 000000008000052c (0x0000006f) 
0 3 000000008000052c (0x0000006f) 
0 3 000000008000052c (0x0000006f) 
0 3 000000008000052c (0x0000006f) 
0 3 000000008000052c (0x0000006f) 
0 3 000000008000052c (0x0000006f) 
0 3 000000008000052c (0x0000006f) 
0 3 000000008000052c (0x0000006f) 
0 3 000000008000052c (0x0000006f) 
0 3 000000008000052c (0x0000006f) 
0 3 000000008000052c (0x0000006f) 
0 3 000000008000052c (0x0000006f) 
0 3 000000008000052c (0x0000006f) 
0 3 000000008000052c (0x0000006f) 
0 3 000000008000052c (0x0000006f) 
0 3 000000008000052c (0x0000006f) 
0 3 000000008000052c (0x0000006f) 
0 3 000000008000052c (0x0000006f) 
0 3 000000008000052c (0x0000006f) 
0 3 000000008000052c (0x0000006f) 
0 3 000000008000052c (0x0000006f) 
0 3 000000008000052c (0x0000006f) 
0 3 000000008000052c (0x0000006f) 
0 3 000000008000052c (0x0000006f) 
0 3 000000008000052c (0x0000006f) 
0 3 000000008000052c (0x0000006f) 
0 3 000000008000052c (0x0000006f) 
0 3 000000008000052c (0x0000006f) 
0 3 000000008000052c (0x0000006f) 
0 3 000000008000052c (0x0000006f) 
0 3 000000008000052c (0x0000006f) 
0 3 000000008000052c (0x0000006f) 
0 3 000000008000052c (0x0000006f) 
0 3 000000008000052c (0x0000006f) 
0 3 000000008000052c (0x0000006f) 
0 3 000000008000052c (0x0000006f) 
0 3 000000008000052c (0x0000006f) 
0 3 000000008000052c (0x0000006f) 
0 3 000000008000052c (0x0000006f) 
0 3 000000008000052c (0x0000006f) 
0 3 000000008000052c (0x0000006f) 
0 3 000000008000052c (0x0000006f) 
0 3 000000008000052c (0x0000006f) 
0 3 000000008000052c (0x0000006f) 
0 3 000000008000052c (0x0000006f) 
0 3 000000008000052c (0x0000006f) 
0 3 000000008000052c (0x0000006f) 
0 3 000000008000052c (0x0000006f) 
0 3 000000008000052c (0x0000006f) 
0 3 000000008000052c (0x0000006f) 
0 3 000000008000052c (0x0000006f) 
0 3 000000008000052c (0x0000006f) 
0 3 000000008000052c (0x0000006f) 
0 3 000000008000052c (0x0000006f) 
0 3 000000008000052c (0x0000006f) 
0 3 000000008000052c (0x0000006f) 
0 3 000000008000052c (0x0000006f) 
0 3 000000008000052c (0x0000006f) 
0 3 000000008000052c (0x0000006f) 
0 3 000000008000052c (0x0000006f) 
0 3 000000008000052c (0x0000006f) 
0 3 000000008000052c (0x0000006f) 
0 3 000000008000052c (0x0000006f) 
0 3 000000008000052c (0x0000006f) 
0 3 000000008000052c (0x0000006f) 
0 3 000000008000052c (0x0000006f) 
0 3 000000008000052c (0x0000006f) 
0 3 000000008000052c (0x0000006f) 
0 3 000000008000052c (0x0000006f) 
0 3 000000008000052c (0x0000006f) 
0 3 000000008000052c (0x0000006f) 
0 3 000000008000052c (0x0000006f) 
0 3 000000008000052c (0x0000006f) 
0 3 000000008000052c (0x0000006f) 
0 3 000000008000052c (0x0000006f) 
0 3 000000008000052c (0x0000006f) 
0 3 000000008000052c (0x0000006f) 
0 3 000000008000052c (0x0000006f) 
0 3 000000008000052c (0x0000006f) 
0 3 000000008000052c (0x0000006f) 
0 3 000000008000052c (0x0000006f) 
0 3 000000008000052c (0x0000006f) 
0 3 000000008000052c (0x0000006f) 
0 3 000000008000052c (0x0000006f) 
0 3 000000008000052c (0x0000006f) 
0 3 000000008000052c (0x0000006f) 
0 3 000000008000052c (0x0000006f) 
0 3 000000008000052c (0x0000006f) 
0 3 000000008000052c (0x0000006f) 
0 3 000000008000052c (0x0000006f) 
0 3 000000008000052c (0x0000006f) 
0 3 000000008000052c (0x0000006f) 
0 3 000000008000052c (0x0000006f) 
0 3 000000008000052c (0x0000006f) 
0 3 000000008000052c (0x0000006f) 
0 3 000000008000052c (0x0000006f) 
0 3 000000008000052c (0x0000006f) 
0 3 000000008000052c (0x0000006f) 
0 3 000000008000052c (0x0000006f) 
0 3 000000008000052c (0x0000006f) 
0 3 000000008000052c (0x0000006f) 
0 3 000000008000052c (0x0000006f) 
0 3 000000008000052c (0x0000006f) 
0 3 000000008000052c (0x0000006f) 
0 3 000000008000052c (0x0000006f) 
0 3 000000008000052c (0x0000006f) 
0 3 000000008000052c (0x0000006f) 
0 3 000000008000052c (0x0000006f) 
0 3 000000008000052c (0x0000006f) 
0 3 000000008000052c (0x0000006f) 
0 3 000000008000052c (0x0000006f) 
0 3 000000008000052c (0x0000006f) 
0 3 000000008000052c (0x0000006f) 
0 3 000000008000052c (0x0000006f) 
0 3 000000008000052c (0x0000006f) 
0 3 000000008000052c (0x0000006f) 
0 3 000000008000052c (0x0000006f) 
0 3 000000008000052c (0x0000006f) 
0 3 000000008000052c (0x0000006f) 
0 3 000000008000052c (0x0000006f) 
0 3 000000008000052c (0x0000006f) 
0 3 000000008000052c (0x0000006f) 
0 3 000000008000052c (0x0000006f) 
0 3 000000008000052c (0x0000006f) 
0 3 000000008000052c (0x0000006f) 
0 3 000000008000052c (0x0000006f) 
0 3 000000008000052c (0x0000006f) 
0 3 000000008000052c (0x0000006f) 
0 3 000000008000052c (0x0000006f) 
0 3 000000008000052c (0x0000006f) 
0 3 000000008000052c (0x0000006f) 
0 3 000000008000052c (0x0000006f) 
0 3 000000008000052c (0x0000006f) 
0 3 000000008000052c (0x0000006f) 
0 3 000000008000052c (0x0000006f) 
0 3 000000008000052c (0x0000006f) 
0 3 000000008000052c (0x0000006f) 
0 3 000000008000052c (0x0000006f) 
0 3 000000008000052c (0x0000006f) 
0 3 000000008000052c (0x0000006f) 
0 3 000000008000052c (0x0000006f) 
0 3 000000008000052c (0x0000006f) 
0 3 000000008000052c (0x0000006f) 
0 3 000000008000052c (0x0000006f) 
0 3 000000008000052c (0x0000006f) 
0 3 000000008000052c (0x0000006f) 
0 3 000000008000052c (0x0000006f) 
0 3 000000008000052c (0x0000006f) 
0 3 000000008000052c (0x0000006f) 
0 3 000000008000052c (0x0000006f) 
0 3 000000008000052c (0x0000006f) 
0 3 000000008000052c (0x0000006f) 
0 3 000000008000052c (0x0000006f) 
0 3 000000008000052c (0x0000006f) 
0 3 000000008000052c (0x0000006f) 
0 3 000000008000052c (0x0000006f) 
0 3 000000008000052c (0x0000006f) 
0 3 000000008000052c (0x0000006f) 
0 3 000000008000052c (0x0000006f) 
0 3 000000008000052c (0x0000006f) 
0 3 000000008000052c (0x0000006f) 
0 3 000000008000052c (0x0000006f) 
0 3 000000008000052c (0x0000006f) 
0 3 000000008000052c (0x0000006f) 
0 3 000000008000052c (0x0000006f) 
0 3 000000008000052c (0x0000006f) 
0 3 000000008000052c (0x0000006f) 
0 3 000000008000052c (0x0000006f) 
0 3 000000008000052c (0x0000006f) 
0 3 000000008000052c (0x0000006f) 
0 3 000000008000052c (0x0000006f) 
0 3 000000008000052c (0x0000006f) 
0 3 000000008000052c (0x0000006f) 
0 3 000000008000052c (0x0000006f) 
0 3 000000008000052c (0x0000006f) 
0 3 000000008000052c (0x0000006f) 
0 3 000000008000052c (0x0000006f) 
0 3 000000008000052c (0x0000006f) 
0 3 000000008000052c (0x0000006f) 
0 3 000000008000052c (0x0000006f) 
0 3 000000008000052c (0x0000006f) 
0 3 000000008000052c (0x0000006f) 
0 3 000000008000052c (0x0000006f) 
0 3 000000008000052c (0x0000006f) 
0 3 000000008000052c (0x0000006f) 
0 3 000000008000052c (0x0000006f) 
0 3 000000008000052c (0x0000006f) 
0 3 000000008000052c (0x0000006f) 
0 3 000000008000052c (0x0000006f) 
0 3 000000008000052c (0x0000006f) 
0 3 000000008000052c (0x0000006f) 
0 3 000000008000052c (0x0000006f) 
0 3 000000008000052c (0x0000006f) 
0 3 000000008000052c (0x0000006f) 
0 3 000000008000052c (0x0000006f) 
0 3 000000008000052c (0x0000006f) 
0 3 000000008000052c (0x0000006f) 
0 3 000000008000052c (0x0000006f) 
0 3 000000008000052c (0x0000006f) 
0 3 000000008000052c (0x0000006f) 
0 3 000000008000052c (0x0000006f) 
0 3 000000008000052c (0x0000006f) 
0 3 000000008000052c (0x0000006f) 
0 3 000000008000052c (0x0000006f) 
0 3 000000008000052c (0x0000006f) 
0 3 000000008000052c (0x0000006f) 
0 3 000000008000052c (0x0000006f) 
0 3 000000008000052c (0x0000006f) 
0 3 000000008000052c (0x0000006f) 
0 3 000000008000052c (0x0000006f) 
0 3 000000008000052c (0x0000006f) 
0 3 000000008000052c (0x0000006f) 
0 3 000000008000052c (0x0000006f) 
0 3 000000008000052c (0x0000006f) 
0 3 000000008000052c (0x0000006f) 
0 3 000000008000052c (0x0000006f) 
0 3 000000008000052c (0x0000006f) 
0 3 000000008000052c (0x0000006f) 
0 3 000000008000052c (0x0000006f) 
0 3 000000008000052c (0x0000006f) 
0 3 000000008000052c (0x0000006f) 
0 3 000000008000052c (0x0000006f) 
0 3 000000008000052c (0x0000006f) 
0 3 000000008000052c (0x0000006f) 
0 3 000000008000052c (0x0000006f) 
0 3 000000008000052c (0x0000006f) 
0 3 000000008000052c (0x0000006f) 
0 3 000000008000052c (0x0000006f) 
0 3 000000008000052c (0x0000006f) 
0 3 000000008000052c (0x0000006f) 
0 3 000000008000052c (0x0000006f) 
0 3 000000008000052c (0x0000006f) 
0 3 000000008000052c (0x0000006f) 
0 3 000000008000052c (0x0000006f) 
0 3 000000008000052c (0x0000006f) 
0 3 000000008000052c (0x0000006f) 
0 3 000000008000052c (0x0000006f) 
0 3 000000008000052c (0x0000006f) 
0 3 000000008000052c (0x0000006f) 
0 3 000000008000052c (0x0000006f) 
0 3 000000008000052c (0x0000006f) 
0 3 000000008000052c (0x0000006f) 
0 3 000000008000052c (0x0000006f) 
0 3 000000008000052c (0x0000006f) 
0 3 000000008000052c (0x0000006f) 
0 3 000000008000052c (0x0000006f) 
0 3 000000008000052c (0x0000006f) 
0 3 000000008000052c (0x0000006f) 
0 3 000000008000052c (0x0000006f) 
0 3 000000008000052c (0x0000006f) 
0 3 000000008000052c (0x0000006f) 
0 3 000000008000052c (0x0000006f) 
0 3 000000008000052c (0x0000006f) 
0 3 000000008000052c (0x0000006f) 
0 3 000000008000052c (0x0000006f) 
0 3 000000008000052c (0x0000006f) 
0 3 000000008000052c (0x0000006f) 
0 3 000000008000052c (0x0000006f) 
0 3 000000008000052c (0x0000006f) 
0 3 000000008000052c (0x0000006f) 
0 3 000000008000052c (0x0000006f) 
0 3 000000008000052c (0x0000006f) 
0 3 000000008000052c (0x0000006f) 
0 3 000000008000052c (0x0000006f) 
0 3 000000008000052c (0x0000006f) 
0 3 000000008000052c (0x0000006f) 
0 3 000000008000052c (0x0000006f) 
0 3 000000008000052c (0x0000006f) 
0 3 000000008000052c (0x0000006f) 
0 3 000000008000052c (0x0000006f) 
0 3 000000008000052c (0x0000006f) 
0 3 000000008000052c (0x0000006f) 
0 3 000000008000052c (0x0000006f) 
0 3 000000008000052c (0x0000006f) 
0 3 000000008000052c (0x0000006f) 
0 3 000000008000052c (0x0000006f) 
0 3 000000008000052c (0x0000006f) 
0 3 000000008000052c (0x0000006f) 
0 3 000000008000052c (0x0000006f) 
0 3 000000008000052c (0x0000006f) 
0 3 000000008000052c (0x0000006f) 
0 3 000000008000052c (0x0000006f) 
0 3 000000008000052c (0x0000006f) 
0 3 000000008000052c (0x0000006f) 
0 3 000000008000052c (0x0000006f) 
0 3 000000008000052c (0x0000006f) 
0 3 000000008000052c (0x0000006f) 
0 3 000000008000052c (0x0000006f) 
0 3 000000008000052c (0x0000006f) 
0 3 000000008000052c (0x0000006f) 
0 3 000000008000052c (0x0000006f) 
0 3 000000008000052c (0x0000006f) 
0 3 000000008000052c (0x0000006f) 
0 3 000000008000052c (0x0000006f) 
0 3 000000008000052c (0x0000006f) 
0 3 000000008000052c (0x0000006f) 
0 3 000000008000052c (0x0000006f) 
0 3 000000008000052c (0x0000006f) 
0 3 000000008000052c (0x0000006f) 
0 3 000000008000052c (0x0000006f) 
0 3 000000008000052c (0x0000006f) 
0 3 000000008000052c (0x0000006f) 
0 3 000000008000052c (0x0000006f) 
0 3 000000008000052c (0x0000006f) 
0 3 000000008000052c (0x0000006f) 
0 3 000000008000052c (0x0000006f) 
0 3 000000008000052c (0x0000006f) 
0 3 000000008000052c (0x0000006f) 
0 3 000000008000052c (0x0000006f) 
0 3 000000008000052c (0x0000006f) 
0 3 000000008000052c (0x0000006f) 
0 3 000000008000052c (0x0000006f) 
0 3 000000008000052c (0x0000006f) 
0 3 000000008000052c (0x0000006f) 
0 3 000000008000052c (0x0000006f) 
0 3 000000008000052c (0x0000006f) 
0 3 000000008000052c (0x0000006f) 
0 3 000000008000052c (0x0000006f) 
0 3 000000008000052c (0x0000006f) 
0 3 000000008000052c (0x0000006f) 
0 3 000000008000052c (0x0000006f) 
0 3 000000008000052c (0x0000006f) 
0 3 000000008000052c (0x0000006f) 
0 3 000000008000052c (0x0000006f) 
0 3 000000008000052c (0x0000006f) 
0 3 000000008000052c (0x0000006f) 
0 3 000000008000052c (0x0000006f) 
0 3 000000008000052c (0x0000006f) 
0 3 000000008000052c (0x0000006f) 
0 3 000000008000052c (0x0000006f) 
0 3 000000008000052c (0x0000006f) 
0 3 000000008000052c (0x0000006f) 
0 3 000000008000052c (0x0000006f) 
0 3 000000008000052c (0x0000006f) 
0 3 000000008000052c (0x0000006f) 
0 3 000000008000052c (0x0000006f) 
0 3 000000008000052c (0x0000006f) 
0 3 000000008000052c (0x0000006f) 
0 3 000000008000052c (0x0000006f) 
0 3 000000008000052c (0x0000006f) 
0 3 000000008000052c (0x0000006f) 
0 3 000000008000052c (0x0000006f) 
0 3 000000008000052c (0x0000006f) 
0 3 000000008000052c (0x0000006f) 
0 3 000000008000052c (0x0000006f) 
0 3 000000008000052c (0x0000006f) 
0 3 000000008000052c (0x0000006f) 
0 3 000000008000052c (0x0000006f) 
0 3 000000008000052c (0x0000006f) 
0 3 000000008000052c (0x0000006f) 
0 3 000000008000052c (0x0000006f) 
0 3 000000008000052c (0x0000006f) 
0 3 000000008000052c (0x0000006f) 
0 3 000000008000052c (0x0000006f) 
0 3 000000008000052c (0x0000006f) 
0 3 000000008000052c (0x0000006f) 
0 3 000000008000052c (0x0000006f) 
0 3 000000008000052c (0x0000006f) 
0 3 000000008000052c (0x0000006f) 
0 3 000000008000052c (0x0000006f) 
0 3 000000008000052c (0x0000006f) 
0 3 000000008000052c (0x0000006f) 
0 3 000000008000052c (0x0000006f) 
0 3 000000008000052c (0x0000006f) 
0 3 000000008000052c (0x0000006f) 
0 3 000000008000052c (0x0000006f) 
0 3 000000008000052c (0x0000006f) 
0 3 000000008000052c (0x0000006f) 
0 3 000000008000052c (0x0000006f) 
0 3 000000008000052c (0x0000006f) 
0 3 000000008000052c (0x0000006f) 
0 3 000000008000052c (0x0000006f) 
0 3 000000008000052c (0x0000006f) 
0 3 000000008000052c (0x0000006f) 
0 3 000000008000052c (0x0000006f) 
0 3 000000008000052c (0x0000006f) 
0 3 000000008000052c (0x0000006f) 
0 3 000000008000052c (0x0000006f) 
0 3 000000008000052c (0x0000006f) 
0 3 000000008000052c (0x0000006f) 
0 3 000000008000052c (0x0000006f) 
0 3 000000008000052c (0x0000006f) 
0 3 000000008000052c (0x0000006f) 
0 3 000000008000052c (0x0000006f) 
0 3 000000008000052c (0x0000006f) 
0 3 000000008000052c (0x0000006f) 
0 3 000000008000052c (0x0000006f) 
0 3 000000008000052c (0x0000006f) 
0 3 000000008000052c (0x0000006f) 
0 3 000000008000052c (0x0000006f) 
0 3 000000008000052c (0x0000006f) 
0 3 000000008000052c (0x0000006f) 
0 3 000000008000052c (0x0000006f) 
0 3 000000008000052c (0x0000006f) 
0 3 000000008000052c (0x0000006f) 
0 3 000000008000052c (0x0000006f) 
0 3 000000008000052c (0x0000006f) 
0 3 000000008000052c (0x0000006f) 
0 3 000000008000052c (0x0000006f) 
0 3 000000008000052c (0x0000006f) 
0 3 000000008000052c (0x0000006f) 
0 3 000000008000052c (0x0000006f) 
0 3 000000008000052c (0x0000006f) 
0 3 000000008000052c (0x0000006f) 
0 3 000000008000052c (0x0000006f) 
0 3 000000008000052c (0x0000006f) 
0 3 000000008000052c (0x0000006f) 
0 3 000000008000052c (0x0000006f) 
0 3 000000008000052c (0x0000006f) 
0 3 000000008000052c (0x0000006f) 
0 3 000000008000052c (0x0000006f) 
0 3 000000008000052c (0x0000006f) 
0 3 000000008000052c (0x0000006f) 
0 3 000000008000052c (0x0000006f) 
0 3 000000008000052c (0x0000006f) 
0 3 000000008000052c (0x0000006f) 
0 3 000000008000052c (0x0000006f) 
0 3 000000008000052c (0x0000006f) 
0 3 000000008000052c (0x0000006f) 
0 3 000000008000052c (0x0000006f) 
0 3 000000008000052c (0x0000006f) 
0 3 000000008000052c (0x0000006f) 
0 3 000000008000052c (0x0000006f) 
0 3 000000008000052c (0x0000006f) 
0 3 000000008000052c (0x0000006f) 
0 3 000000008000052c (0x0000006f) 
0 3 000000008000052c (0x0000006f) 
0 3 000000008000052c (0x0000006f) 
0 3 000000008000052c (0x0000006f) 
0 3 000000008000052c (0x0000006f) 
0 3 000000008000052c (0x0000006f) 
0 3 000000008000052c (0x0000006f) 
0 3 000000008000052c (0x0000006f) 
0 3 000000008000052c (0x0000006f) 
0 3 000000008000052c (0x0000006f) 
0 3 000000008000052c (0x0000006f) 
0 3 000000008000052c (0x0000006f) 
0 3 000000008000052c (0x0000006f) 
0 3 000000008000052c (0x0000006f) 
0 3 000000008000052c (0x0000006f) 
0 3 000000008000052c (0x0000006f) 
0 3 000000008000052c (0x0000006f) 
0 3 000000008000052c (0x0000006f) 
0 3 000000008000052c (0x0000006f) 
0 3 000000008000052c (0x0000006f) 
0 3 000000008000052c (0x0000006f) 
0 3 000000008000052c (0x0000006f) 
0 3 000000008000052c (0x0000006f) 
0 3 000000008000052c (0x0000006f) 
0 3 000000008000052c (0x0000006f) 
0 3 000000008000052c (0x0000006f) 
0 3 000000008000052c (0x0000006f) 
0 3 000000008000052c (0x0000006f) 
0 3 000000008000052c (0x0000006f) 
0 3 000000008000052c (0x0000006f) 
0 3 000000008000052c (0x0000006f) 
0 3 000000008000052c (0x0000006f) 
0 3 000000008000052c (0x0000006f) 
0 3 000000008000052c (0x0000006f) 
0 3 000000008000052c (0x0000006f) 
0 3 000000008000052c (0x0000006f) 
0 3 000000008000052c (0x0000006f) 
0 3 000000008000052c (0x0000006f) 
0 3 000000008000052c (0x0000006f) 
0 3 000000008000052c (0x0000006f) 
0 3 000000008000052c (0x0000006f) 
0 3 000000008000052c (0x0000006f) 
0 3 000000008000052c (0x0000006f) 
0 3 000000008000052c (0x0000006f) 
0 3 000000008000052c (0x0000006f) 
0 3 000000008000052c (0x0000006f) 
0 3 000000008000052c (0x0000006f) 
0 3 000000008000052c (0x0000006f) 
0 3 000000008000052c (0x0000006f) 
0 3 000000008000052c (0x0000006f) 
0 3 000000008000052c (0x0000006f) 
0 3 000000008000052c (0x0000006f) 
0 3 000000008000052c (0x0000006f) 
0 3 000000008000052c (0x0000006f) 
0 3 000000008000052c (0x0000006f) 
0 3 000000008000052c (0x0000006f) 
0 3 000000008000052c (0x0000006f) 
0 3 000000008000052c (0x0000006f) 
0 3 000000008000052c (0x0000006f) 
0 3 000000008000052c (0x0000006f) 
0 3 000000008000052c (0x0000006f) 
0 3 000000008000052c (0x0000006f) 
0 3 000000008000052c (0x0000006f) 
0 3 000000008000052c (0x0000006f) 
0 3 000000008000052c (0x0000006f) 
0 3 000000008000052c (0x0000006f) 
0 3 000000008000052c (0x0000006f) 
0 3 000000008000052c (0x0000006f) 
0 3 000000008000052c (0x0000006f) 
0 3 000000008000052c (0x0000006f) 
0 3 000000008000052c (0x0000006f) 
0 3 000000008000052c (0x0000006f) 
0 3 000000008000052c (0x0000006f) 
0 3 000000008000052c (0x0000006f) 
0 3 000000008000052c (0x0000006f) 
0 3 000000008000052c (0x0000006f) 
0 3 000000008000052c (0x0000006f) 
0 3 000000008000052c (0x0000006f) 
0 3 000000008000052c (0x0000006f) 
0 3 000000008000052c (0x0000006f) 
0 3 000000008000052c (0x0000006f) 
0 3 000000008000052c (0x0000006f) 
0 3 000000008000052c (0x0000006f) 
0 3 000000008000052c (0x0000006f) 
0 3 000000008000052c (0x0000006f) 
0 3 000000008000052c (0x0000006f) 
0 3 000000008000052c (0x0000006f) 
0 3 000000008000052c (0x0000006f) 
0 3 000000008000052c (0x0000006f) 
0 3 000000008000052c (0x0000006f) 
0 3 000000008000052c (0x0000006f) 
0 3 000000008000052c (0x0000006f) 
0 3 000000008000052c (0x0000006f) 
0 3 000000008000052c (0x0000006f) 
0 3 000000008000052c (0x0000006f) 
0 3 000000008000052c (0x0000006f) 
0 3 000000008000052c (0x0000006f) 
0 3 000000008000052c (0x0000006f) 
0 3 000000008000052c (0x0000006f) 
0 3 000000008000052c (0x0000006f) 
0 3 000000008000052c (0x0000006f) 
0 3 000000008000052c (0x0000006f) 
0 3 000000008000052c (0x0000006f) 
0 3 000000008000052c (0x0000006f) 
0 3 000000008000052c (0x0000006f) 
0 3 000000008000052c (0x0000006f) 
0 3 000000008000052c (0x0000006f) 
0 3 000000008000052c (0x0000006f) 
0 3 000000008000052c (0x0000006f) 
0 3 000000008000052c (0x0000006f) 
0 3 000000008000052c (0x0000006f) 
0 3 000000008000052c (0x0000006f) 
0 3 000000008000052c (0x0000006f) 
0 3 000000008000052c (0x0000006f) 
0 3 000000008000052c (0x0000006f) 
0 3 000000008000052c (0x0000006f) 
0 3 000000008000052c (0x0000006f) 
0 3 000000008000052c (0x0000006f) 
0 3 000000008000052c (0x0000006f) 
0 3 000000008000052c (0x0000006f) 
0 3 000000008000052c (0x0000006f) 
0 3 000000008000052c (0x0000006f) 
0 3 000000008000052c (0x0000006f) 
0 3 000000008000052c (0x0000006f) 
0 3 000000008000052c (0x0000006f) 
0 3 000000008000052c (0x0000006f) 
0 3 000000008000052c (0x0000006f) 
0 3 000000008000052c (0x0000006f) 
0 3 000000008000052c (0x0000006f) 
0 3 000000008000052c (0x0000006f) 
0 3 000000008000052c (0x0000006f) 
0 3 000000008000052c (0x0000006f) 
0 3 000000008000052c (0x0000006f) 
0 3 000000008000052c (0x0000006f) 
0 3 000000008000052c (0x0000006f) 
0 3 000000008000052c (0x0000006f) 
0 3 000000008000052c (0x0000006f) 
0 3 000000008000052c (0x0000006f) 
0 3 000000008000052c (0x0000006f) 
0 3 000000008000052c (0x0000006f) 
0 3 000000008000052c (0x0000006f) 
0 3 000000008000052c (0x0000006f) 
0 3 000000008000052c (0x0000006f) 
0 3 000000008000052c (0x0000006f) 
0 3 000000008000052c (0x0000006f) 
0 3 000000008000052c (0x0000006f) 
0 3 000000008000052c (0x0000006f) 
0 3 000000008000052c (0x0000006f) 
0 3 000000008000052c (0x0000006f) 
0 3 000000008000052c (0x0000006f) 
0 3 000000008000052c (0x0000006f) 
0 3 000000008000052c (0x0000006f) 
0 3 000000008000052c (0x0000006f) 
0 3 000000008000052c (0x0000006f) 
0 3 000000008000052c (0x0000006f) 
0 3 000000008000052c (0x0000006f) 
0 3 000000008000052c (0x0000006f) 
0 3 000000008000052c (0x0000006f) 
0 3 000000008000052c (0x0000006f) 
0 3 000000008000052c (0x0000006f) 
0 3 000000008000052c (0x0000006f) 
0 3 000000008000052c (0x0000006f) 
0 3 000000008000052c (0x0000006f) 
0 3 000000008000052c (0x0000006f) 
0 3 000000008000052c (0x0000006f) 
0 3 000000008000052c (0x0000006f) 
0 3 000000008000052c (0x0000006f) 
0 3 000000008000052c (0x0000006f) 
0 3 000000008000052c (0x0000006f) 
0 3 000000008000052c (0x0000006f) 
0 3 000000008000052c (0x0000006f) 
0 3 000000008000052c (0x0000006f) 
0 3 000000008000052c (0x0000006f) 
0 3 000000008000052c (0x0000006f) 
0 3 000000008000052c (0x0000006f) 
0 3 000000008000052c (0x0000006f) 
0 3 000000008000052c (0x0000006f) 
0 3 000000008000052c (0x0000006f) 
0 3 000000008000052c (0x0000006f) 
0 3 000000008000052c (0x0000006f) 
0 3 000000008000052c (0x0000006f) 
0 3 000000008000052c (0x0000006f) 
0 3 000000008000052c (0x0000006f) 
0 3 000000008000052c (0x0000006f) 
0 3 000000008000052c (0x0000006f) 
0 3 000000008000052c (0x0000006f) 
0 3 000000008000052c (0x0000006f) 
0 3 000000008000052c (0x0000006f) 
0 3 000000008000052c (0x0000006f) 
0 3 000000008000052c (0x0000006f) 
0 3 000000008000052c (0x0000006f) 
0 3 000000008000052c (0x0000006f) 
0 3 000000008000052c (0x0000006f) 
0 3 000000008000052c (0x0000006f) 
0 3 000000008000052c (0x0000006f) 
0 3 000000008000052c (0x0000006f) 
0 3 000000008000052c (0x0000006f) 
0 3 000000008000052c (0x0000006f) 
0 3 000000008000052c (0x0000006f) 
0 3 000000008000052c (0x0000006f) 
0 3 000000008000052c (0x0000006f) 
0 3 000000008000052c (0x0000006f) 
0 3 000000008000052c (0x0000006f) 
0 3 000000008000052c (0x0000006f) 
0 3 000000008000052c (0x0000006f) 
0 3 000000008000052c (0x0000006f) 
0 3 000000008000052c (0x0000006f) 
0 3 000000008000052c (0x0000006f) 
0 3 000000008000052c (0x0000006f) 
0 3 000000008000052c (0x0000006f) 
0 3 000000008000052c (0x0000006f) 
0 3 000000008000052c (0x0000006f) 
0 3 000000008000052c (0x0000006f) 
0 3 000000008000052c (0x0000006f) 
0 3 000000008000052c (0x0000006f) 
0 3 000000008000052c (0x0000006f) 
0 3 000000008000052c (0x0000006f) 
0 3 000000008000052c (0x0000006f) 
0 3 000000008000052c (0x0000006f) 
0 3 000000008000052c (0x0000006f) 
0 3 000000008000052c (0x0000006f) 
0 3 000000008000052c (0x0000006f) 
0 3 000000008000052c (0x0000006f) 
0 3 000000008000052c (0x0000006f) 
0 3 000000008000052c (0x0000006f) 
0 3 000000008000052c (0x0000006f) 
0 3 000000008000052c (0x0000006f) 
0 3 000000008000052c (0x0000006f) 
0 3 000000008000052c (0x0000006f) 
0 3 000000008000052c (0x0000006f) 
0 3 000000008000052c (0x0000006f) 
0 3 000000008000052c (0x0000006f) 
0 3 000000008000052c (0x0000006f) 
0 3 000000008000052c (0x0000006f) 
0 3 000000008000052c (0x0000006f) 
0 3 000000008000052c (0x0000006f) 
0 3 000000008000052c (0x0000006f) 
0 3 000000008000052c (0x0000006f) 
0 3 000000008000052c (0x0000006f) 
0 3 000000008000052c (0x0000006f) 
0 3 000000008000052c (0x0000006f) 
0 3 000000008000052c (0x0000006f) 
0 3 000000008000052c (0x0000006f) 
0 3 000000008000052c (0x0000006f) 
0 3 000000008000052c (0x0000006f) 
0 3 000000008000052c (0x0000006f) 
0 3 000000008000052c (0x0000006f) 
0 3 000000008000052c (0x0000006f) 
0 3 000000008000052c (0x0000006f) 
0 3 000000008000052c (0x0000006f) 
0 3 000000008000052c (0x0000006f) 
0 3 000000008000052c (0x0000006f) 
0 3 000000008000052c (0x0000006f) 
0 3 000000008000052c (0x0000006f) 
0 3 000000008000052c (0x0000006f) 
0 3 000000008000052c (0x0000006f) 
0 3 000000008000052c (0x0000006f) 
0 3 000000008000052c (0x0000006f) 
0 3 000000008000052c (0x0000006f) 
0 3 000000008000052c (0x0000006f) 
0 3 000000008000052c (0x0000006f) 
0 3 000000008000052c (0x0000006f) 
0 3 000000008000052c (0x0000006f) 
0 3 000000008000052c (0x0000006f) 
0 3 000000008000052c (0x0000006f) 
0 3 000000008000052c (0x0000006f) 
0 3 000000008000052c (0x0000006f) 
0 3 000000008000052c (0x0000006f) 
0 3 000000008000052c (0x0000006f) 
0 3 000000008000052c (0x0000006f) 
0 3 000000008000052c (0x0000006f) 
0 3 000000008000052c (0x0000006f) 
0 3 000000008000052c (0x0000006f) 
0 3 000000008000052c (0x0000006f) 
0 3 000000008000052c (0x0000006f) 
0 3 000000008000052c (0x0000006f) 
0 3 000000008000052c (0x0000006f) 
0 3 000000008000052c (0x0000006f) 
0 3 000000008000052c (0x0000006f) 
0 3 000000008000052c (0x0000006f) 
0 3 000000008000052c (0x0000006f) 
0 3 000000008000052c (0x0000006f) 
0 3 000000008000052c (0x0000006f) 
0 3 000000008000052c (0x0000006f) 
0 3 000000008000052c (0x0000006f) 
0 3 000000008000052c (0x0000006f) 
0 3 000000008000052c (0x0000006f) 
0 3 000000008000052c (0x0000006f) 
0 3 000000008000052c (0x0000006f) 
0 3 000000008000052c (0x0000006f) 
0 3 000000008000052c (0x0000006f) 
0 3 000000008000052c (0x0000006f) 
0 3 000000008000052c (0x0000006f) 
0 3 000000008000052c (0x0000006f) 
0 3 000000008000052c (0x0000006f) 
0 3 000000008000052c (0x0000006f) 
0 3 000000008000052c (0x0000006f) 
0 3 000000008000052c (0x0000006f) 
0 3 000000008000052c (0x0000006f) 
0 3 000000008000052c (0x0000006f) 
0 3 000000008000052c (0x0000006f) 
0 3 000000008000052c (0x0000006f) 
0 3 000000008000052c (0x0000006f) 
0 3 000000008000052c (0x0000006f) 
0 3 000000008000052c (0x0000006f) 
0 3 000000008000052c (0x0000006f) 
0 3 000000008000052c (0x0000006f) 
0 3 000000008000052c (0x0000006f) 
0 3 000000008000052c (0x0000006f) 
0 3 000000008000052c (0x0000006f) 
0 3 000000008000052c (0x0000006f) 
0 3 000000008000052c (0x0000006f) 
0 3 000000008000052c (0x0000006f) 
0 3 000000008000052c (0x0000006f) 
0 3 000000008000052c (0x0000006f) 
0 3 000000008000052c (0x0000006f) 
0 3 000000008000052c (0x0000006f) 
0 3 000000008000052c (0x0000006f) 
0 3 000000008000052c (0x0000006f) 
0 3 000000008000052c (0x0000006f) 
0 3 000000008000052c (0x0000006f) 
0 3 000000008000052c (0x0000006f) 
0 3 000000008000052c (0x0000006f) 
0 3 000000008000052c (0x0000006f) 
0 3 000000008000052c (0x0000006f) 
0 3 000000008000052c (0x0000006f) 
0 3 000000008000052c (0x0000006f) 
0 3 000000008000052c (0x0000006f) 
0 3 000000008000052c (0x0000006f) 
0 3 000000008000052c (0x0000006f) 
0 3 000000008000052c (0x0000006f) 
0 3 000000008000052c (0x0000006f) 
0 3 000000008000052c (0x0000006f) 
0 3 000000008000052c (0x0000006f) 
0 3 000000008000052c (0x0000006f) 
0 3 000000008000052c (0x0000006f) 
0 3 000000008000052c (0x0000006f) 
0 3 000000008000052c (0x0000006f) 
0 3 000000008000052c (0x0000006f) 
0 3 000000008000052c (0x0000006f) 
0 3 000000008000052c (0x0000006f) 
0 3 000000008000052c (0x0000006f) 
0 3 000000008000052c (0x0000006f) 
0 3 000000008000052c (0x0000006f) 
0 3 000000008000052c (0x0000006f) 
0 3 000000008000052c (0x0000006f) 
0 3 000000008000052c (0x0000006f) 
0 3 000000008000052c (0x0000006f) 
0 3 000000008000052c (0x0000006f) 
0 3 000000008000052c (0x0000006f) 
0 3 000000008000052c (0x0000006f) 
0 3 000000008000052c (0x0000006f) 
0 3 000000008000052c (0x0000006f) 
0 3 000000008000052c (0x0000006f) 
0 3 000000008000052c (0x0000006f) 
0 3 000000008000052c (0x0000006f) 
0 3 000000008000052c (0x0000006f) 
0 3 000000008000052c (0x0000006f) 
0 3 000000008000052c (0x0000006f) 
0 3 000000008000052c (0x0000006f) 
0 3 000000008000052c (0x0000006f) 
0 3 000000008000052c (0x0000006f) 
0 3 000000008000052c (0x0000006f) 
0 3 000000008000052c (0x0000006f) 
0 3 000000008000052c (0x0000006f) 
0 3 000000008000052c (0x0000006f) 
0 3 000000008000052c (0x0000006f) 
0 3 000000008000052c (0x0000006f) 
0 3 000000008000052c (0x0000006f) 
0 3 000000008000052c (0x0000006f) 
0 3 000000008000052c (0x0000006f) 
0 3 000000008000052c (0x0000006f) 
0 3 000000008000052c (0x0000006f) 
0 3 000000008000052c (0x0000006f) 
0 3 000000008000052c (0x0000006f) 
0 3 000000008000052c (0x0000006f) 
0 3 000000008000052c (0x0000006f) 
0 3 000000008000052c (0x0000006f) 
0 3 000000008000052c (0x0000006f) 
0 3 000000008000052c (0x0000006f) 
0 3 000000008000052c (0x0000006f) 
0 3 000000008000052c (0x0000006f) 
0 3 000000008000052c (0x0000006f) 
0 3 000000008000052c (0x0000006f) 
0 3 000000008000052c (0x0000006f) 
0 3 000000008000052c (0x0000006f) 
0 3 000000008000052c (0x0000006f) 
0 3 000000008000052c (0x0000006f) 
0 3 000000008000052c (0x0000006f) 
0 3 000000008000052c (0x0000006f) 
0 3 000000008000052c (0x0000006f) 
0 3 000000008000052c (0x0000006f) 
0 3 000000008000052c (0x0000006f) 
0 3 000000008000052c (0x0000006f) 
0 3 000000008000052c (0x0000006f) 
0 3 000000008000052c (0x0000006f) 
0 3 000000008000052c (0x0000006f) 
0 3 000000008000052c (0x0000006f) 
0 3 000000008000052c (0x0000006f) 
0 3 000000008000052c (0x0000006f) 
0 3 000000008000052c (0x0000006f) 
0 3 000000008000052c (0x0000006f) 
0 3 000000008000052c (0x0000006f) 
0 3 000000008000052c (0x0000006f) 
0 3 000000008000052c (0x0000006f) 
0 3 000000008000052c (0x0000006f) 
0 3 000000008000052c (0x0000006f) 
0 3 000000008000052c (0x0000006f) 
0 3 000000008000052c (0x0000006f) 
0 3 000000008000052c (0x0000006f) 
0 3 000000008000052c (0x0000006f) 
0 3 000000008000052c (0x0000006f) 
0 3 000000008000052c (0x0000006f) 
0 3 000000008000052c (0x0000006f) 
0 3 000000008000052c (0x0000006f) 
0 3 000000008000052c (0x0000006f) 
0 3 000000008000052c (0x0000006f) 
0 3 000000008000052c (0x0000006f) 
0 3 000000008000052c (0x0000006f) 
0 3 000000008000052c (0x0000006f) 
0 3 000000008000052c (0x0000006f) 
0 3 000000008000052c (0x0000006f) 
0 3 000000008000052c (0x0000006f) 
0 3 000000008000052c (0x0000006f) 
0 3 000000008000052c (0x0000006f) 
0 3 000000008000052c (0x0000006f) 
0 3 000000008000052c (0x0000006f) 
0 3 000000008000052c (0x0000006f) 
0 3 000000008000052c (0x0000006f) 
0 3 000000008000052c (0x0000006f) 
0 3 000000008000052c (0x0000006f) 
0 3 000000008000052c (0x0000006f) 
0 3 000000008000052c (0x0000006f) 
0 3 000000008000052c (0x0000006f) 
0 3 000000008000052c (0x0000006f) 
0 3 000000008000052c (0x0000006f) 
0 3 000000008000052c (0x0000006f) 
0 3 000000008000052c (0x0000006f) 
0 3 000000008000052c (0x0000006f) 
0 3 000000008000052c (0x0000006f) 
0 3 000000008000052c (0x0000006f) 
0 3 000000008000052c (0x0000006f) 
0 3 000000008000052c (0x0000006f) 
0 3 000000008000052c (0x0000006f) 
0 3 000000008000052c (0x0000006f) 
0 3 000000008000052c (0x0000006f) 
0 3 000000008000052c (0x0000006f) 
0 3 000000008000052c (0x0000006f) 
0 3 000000008000052c (0x0000006f) 
0 3 000000008000052c (0x0000006f) 
0 3 000000008000052c (0x0000006f) 
0 3 000000008000052c (0x0000006f) 
0 3 000000008000052c (0x0000006f) 
0 3 000000008000052c (0x0000006f) 
0 3 000000008000052c (0x0000006f) 
0 3 000000008000052c (0x0000006f) 
0 3 000000008000052c (0x0000006f) 
0 3 000000008000052c (0x0000006f) 
0 3 000000008000052c (0x0000006f) 
0 3 000000008000052c (0x0000006f) 
0 3 000000008000052c (0x0000006f) 
0 3 000000008000052c (0x0000006f) 
0 3 000000008000052c (0x0000006f) 
0 3 000000008000052c (0x0000006f) 
0 3 000000008000052c (0x0000006f) 
0 3 000000008000052c (0x0000006f) 
0 3 000000008000052c (0x0000006f) 
0 3 000000008000052c (0x0000006f) 
0 3 000000008000052c (0x0000006f) 
0 3 000000008000052c (0x0000006f) 
0 3 000000008000052c (0x0000006f) 
0 3 000000008000052c (0x0000006f) 
0 3 000000008000052c (0x0000006f) 
0 3 000000008000052c (0x0000006f) 
0 3 000000008000052c (0x0000006f) 
0 3 000000008000052c (0x0000006f) 
0 3 000000008000052c (0x0000006f) 
0 3 000000008000052c (0x0000006f) 
0 3 000000008000052c (0x0000006f) 
0 3 000000008000052c (0x0000006f) 
0 3 000000008000052c (0x0000006f) 
0 3 000000008000052c (0x0000006f) 
0 3 000000008000052c (0x0000006f) 
0 3 000000008000052c (0x0000006f) 
0 3 000000008000052c (0x0000006f) 
0 3 000000008000052c (0x0000006f) 
0 3 000000008000052c (0x0000006f) 
0 3 000000008000052c (0x0000006f) 
0 3 000000008000052c (0x0000006f) 
0 3 000000008000052c (0x0000006f) 
0 3 000000008000052c (0x0000006f) 
0 3 000000008000052c (0x0000006f) 
0 3 000000008000052c (0x0000006f) 
0 3 000000008000052c (0x0000006f) 
0 3 000000008000052c (0x0000006f) 
0 3 000000008000052c (0x0000006f) 
0 3 000000008000052c (0x0000006f) 
0 3 000000008000052c (0x0000006f) 
0 3 000000008000052c (0x0000006f) 
0 3 000000008000052c (0x0000006f) 
0 3 000000008000052c (0x0000006f) 
0 3 000000008000052c (0x0000006f) 
0 3 000000008000052c (0x0000006f) 
0 3 000000008000052c (0x0000006f) 
0 3 000000008000052c (0x0000006f) 
0 3 000000008000052c (0x0000006f) 
0 3 000000008000052c (0x0000006f) 
0 3 000000008000052c (0x0000006f) 
0 3 000000008000052c (0x0000006f) 
0 3 000000008000052c (0x0000006f) 
0 3 000000008000052c (0x0000006f) 
0 3 000000008000052c (0x0000006f) 
0 3 000000008000052c (0x0000006f) 
0 3 000000008000052c (0x0000006f) 
0 3 000000008000052c (0x0000006f) 
0 3 000000008000052c (0x0000006f) 
0 3 000000008000052c (0x0000006f) 
0 3 000000008000052c (0x0000006f) 
0 3 000000008000052c (0x0000006f) 
0 3 000000008000052c (0x0000006f) 
0 3 000000008000052c (0x0000006f) 
0 3 000000008000052c (0x0000006f) 
0 3 000000008000052c (0x0000006f) 
0 3 000000008000052c (0x0000006f) 
0 3 000000008000052c (0x0000006f) 
0 3 000000008000052c (0x0000006f) 
0 3 000000008000052c (0x0000006f) 
0 3 000000008000052c (0x0000006f) 
0 3 000000008000052c (0x0000006f) 
0 3 000000008000052c (0x0000006f) 
0 3 000000008000052c (0x0000006f) 
0 3 000000008000052c (0x0000006f) 
0 3 000000008000052c (0x0000006f) 
0 3 000000008000052c (0x0000006f) 
0 3 000000008000052c (0x0000006f) 
0 3 000000008000052c (0x0000006f) 
0 3 000000008000052c (0x0000006f) 
0 3 000000008000052c (0x0000006f) 
0 3 000000008000052c (0x0000006f) 
0 3 000000008000052c (0x0000006f) 
0 3 000000008000052c (0x0000006f) 
0 3 000000008000052c (0x0000006f) 
0 3 000000008000052c (0x0000006f) 
0 3 000000008000052c (0x0000006f) 
0 3 000000008000052c (0x0000006f) 
0 3 000000008000052c (0x0000006f) 
0 3 000000008000052c (0x0000006f) 
0 3 000000008000052c (0x0000006f) 
0 3 000000008000052c (0x0000006f) 
0 3 000000008000052c (0x0000006f) 
0 3 000000008000052c (0x0000006f) 
0 3 000000008000052c (0x0000006f) 
0 3 000000008000052c (0x0000006f) 
0 3 000000008000052c (0x0000006f) 
0 3 000000008000052c (0x0000006f) 
0 3 000000008000052c (0x0000006f) 
0 3 000000008000052c (0x0000006f) 
0 3 000000008000052c (0x0000006f) 
0 3 000000008000052c (0x0000006f) 
0 3 000000008000052c (0x0000006f) 
0 3 000000008000052c (0x0000006f) 
0 3 000000008000052c (0x0000006f) 
0 3 000000008000052c (0x0000006f) 
0 3 000000008000052c (0x0000006f) 
0 3 000000008000052c (0x0000006f) 
0 3 000000008000052c (0x0000006f) 
0 3 000000008000052c (0x0000006f) 
0 3 000000008000052c (0x0000006f) 
0 3 000000008000052c (0x0000006f) 
0 3 000000008000052c (0x0000006f) 
0 3 000000008000052c (0x0000006f) 
0 3 000000008000052c (0x0000006f) 
0 3 000000008000052c (0x0000006f) 
0 3 000000008000052c (0x0000006f) 
0 3 000000008000052c (0x0000006f) 
0 3 000000008000052c (0x0000006f) 
0 3 000000008000052c (0x0000006f) 
0 3 000000008000052c (0x0000006f) 
0 3 000000008000052c (0x0000006f) 
0 3 000000008000052c (0x0000006f) 
0 3 000000008000052c (0x0000006f) 
0 3 000000008000052c (0x0000006f) 
0 3 000000008000052c (0x0000006f) 
0 3 000000008000052c (0x0000006f) 
0 3 000000008000052c (0x0000006f) 
0 3 000000008000052c (0x0000006f) 
0 3 000000008000052c (0x0000006f) 
0 3 000000008000052c (0x0000006f) 
0 3 000000008000052c (0x0000006f) 
0 3 000000008000052c (0x0000006f) 
0 3 000000008000052c (0x0000006f) 
0 3 000000008000052c (0x0000006f) 
0 3 000000008000052c (0x0000006f) 
0 3 000000008000052c (0x0000006f) 
0 3 000000008000052c (0x0000006f) 
0 3 000000008000052c (0x0000006f) 
0 3 000000008000052c (0x0000006f) 
0 3 000000008000052c (0x0000006f) 
0 3 000000008000052c (0x0000006f) 
0 3 000000008000052c (0x0000006f) 
0 3 000000008000052c (0x0000006f) 
0 3 000000008000052c (0x0000006f) 
0 3 000000008000052c (0x0000006f) 
0 3 000000008000052c (0x0000006f) 
0 3 000000008000052c (0x0000006f) 
0 3 000000008000052c (0x0000006f) 
0 3 000000008000052c (0x0000006f) 
0 3 000000008000052c (0x0000006f) 
0 3 000000008000052c (0x0000006f) 
0 3 000000008000052c (0x0000006f) 
0 3 000000008000052c (0x0000006f) 
0 3 000000008000052c (0x0000006f) 
0 3 000000008000052c (0x0000006f) 
0 3 000000008000052c (0x0000006f) 
0 3 000000008000052c (0x0000006f) 
0 3 000000008000052c (0x0000006f) 
0 3 000000008000052c (0x0000006f) 
0 3 000000008000052c (0x0000006f) 
0 3 000000008000052c (0x0000006f) 
0 3 000000008000052c (0x0000006f) 
0 3 000000008000052c (0x0000006f) 
0 3 000000008000052c (0x0000006f) 
0 3 000000008000052c (0x0000006f) 
0 3 000000008000052c (0x0000006f) 
0 3 000000008000052c (0x0000006f) 
0 3 000000008000052c (0x0000006f) 
0 3 000000008000052c (0x0000006f) 
0 3 000000008000052c (0x0000006f) 
0 3 000000008000052c (0x0000006f) 
0 3 000000008000052c (0x0000006f) 
0 3 000000008000052c (0x0000006f) 
0 3 000000008000052c (0x0000006f) 
0 3 000000008000052c (0x0000006f) 
0 3 000000008000052c (0x0000006f) 
0 3 000000008000052c (0x0000006f) 
0 3 000000008000052c (0x0000006f) 
0 3 000000008000052c (0x0000006f) 
0 3 000000008000052c (0x0000006f) 
0 3 000000008000052c (0x0000006f) 
0 3 000000008000052c (0x0000006f) 
0 3 000000008000052c (0x0000006f) 
0 3 000000008000052c (0x0000006f) 
0 3 000000008000052c (0x0000006f) 
0 3 000000008000052c (0x0000006f) 
0 3 000000008000052c (0x0000006f) 
0 3 000000008000052c (0x0000006f) 
0 3 000000008000052c (0x0000006f) 
0 3 000000008000052c (0x0000006f) 
0 3 000000008000052c (0x0000006f) 
0 3 000000008000052c (0x0000006f) 
0 3 000000008000052c (0x0000006f) 
0 3 000000008000052c (0x0000006f) 
0 3 000000008000052c (0x0000006f) 
0 3 000000008000052c (0x0000006f) 
0 3 000000008000052c (0x0000006f) 
0 3 000000008000052c (0x0000006f) 
0 3 000000008000052c (0x0000006f) 
0 3 000000008000052c (0x0000006f) 
0 3 000000008000052c (0x0000006f) 
0 3 000000008000052c (0x0000006f) 
0 3 000000008000052c (0x0000006f) 
0 3 000000008000052c (0x0000006f) 
0 3 000000008000052c (0x0000006f) 
0 3 000000008000052c (0x0000006f) 
0 3 000000008000052c (0x0000006f) 
0 3 000000008000052c (0x0000006f) 
0 3 000000008000052c (0x0000006f) 
0 3 000000008000052c (0x0000006f) 
0 3 000000008000052c (0x0000006f) 
0 3 000000008000052c (0x0000006f) 
0 3 000000008000052c (0x0000006f) 
0 3 000000008000052c (0x0000006f) 
0 3 000000008000052c (0x0000006f) 
0 3 000000008000052c (0x0000006f) 
0 3 000000008000052c (0x0000006f) 
0 3 000000008000052c (0x0000006f) 
0 3 000000008000052c (0x0000006f) 
0 3 000000008000052c (0x0000006f) 
0 3 000000008000052c (0x0000006f) 
0 3 000000008000052c (0x0000006f) 
0 3 000000008000052c (0x0000006f) 
0 3 000000008000052c (0x0000006f) 
0 3 000000008000052c (0x0000006f) 
0 3 000000008000052c (0x0000006f) 
0 3 000000008000052c (0x0000006f) 
0 3 000000008000052c (0x0000006f) 
0 3 000000008000052c (0x0000006f) 
0 3 000000008000052c (0x0000006f) 
0 3 000000008000052c (0x0000006f) 
0 3 000000008000052c (0x0000006f) 
0 3 000000008000052c (0x0000006f) 
0 3 000000008000052c (0x0000006f) 
0 3 000000008000052c (0x0000006f) 
0 3 000000008000052c (0x0000006f) 
0 3 000000008000052c (0x0000006f) 
0 3 000000008000052c (0x0000006f) 
0 3 000000008000052c (0x0000006f) 
0 3 000000008000052c (0x0000006f) 
0 3 000000008000052c (0x0000006f) 
0 3 000000008000052c (0x0000006f) 
0 3 000000008000052c (0x0000006f) 
0 3 000000008000052c (0x0000006f) 
0 3 000000008000052c (0x0000006f) 
0 3 000000008000052c (0x0000006f) 
0 3 000000008000052c (0x0000006f) 
0 3 000000008000052c (0x0000006f) 
0 3 000000008000052c (0x0000006f) 
0 3 000000008000052c (0x0000006f) 
0 3 000000008000052c (0x0000006f) 
0 3 000000008000052c (0x0000006f) 
0 3 000000008000052c (0x0000006f) 
0 3 000000008000052c (0x0000006f) 
0 3 000000008000052c (0x0000006f) 
0 3 000000008000052c (0x0000006f) 
0 3 000000008000052c (0x0000006f) 
0 3 000000008000052c (0x0000006f) 
0 3 000000008000052c (0x0000006f) 
0 3 000000008000052c (0x0000006f) 
0 3 000000008000052c (0x0000006f) 
0 3 000000008000052c (0x0000006f) 
0 3 000000008000052c (0x0000006f) 
0 3 000000008000052c (0x0000006f) 
0 3 000000008000052c (0x0000006f) 
0 3 000000008000052c (0x0000006f) 
0 3 000000008000052c (0x0000006f) 
0 3 000000008000052c (0x0000006f) 
0 3 000000008000052c (0x0000006f) 
0 3 000000008000052c (0x0000006f) 
0 3 000000008000052c (0x0000006f) 
0 3 000000008000052c (0x0000006f) 
0 3 000000008000052c (0x0000006f) 
0 3 000000008000052c (0x0000006f) 
0 3 000000008000052c (0x0000006f) 
0 3 000000008000052c (0x0000006f) 
0 3 000000008000052c (0x0000006f) 
0 3 000000008000052c (0x0000006f) 
0 3 000000008000052c (0x0000006f) 
0 3 000000008000052c (0x0000006f) 
0 3 000000008000052c (0x0000006f) 
0 3 000000008000052c (0x0000006f) 
0 3 000000008000052c (0x0000006f) 
0 3 000000008000052c (0x0000006f) 
0 3 000000008000052c (0x0000006f) 
0 3 000000008000052c (0x0000006f) 
0 3 000000008000052c (0x0000006f) 
0 3 000000008000052c (0x0000006f) 
0 3 000000008000052c (0x0000006f) 
0 3 000000008000052c (0x0000006f) 
0 3 000000008000052c (0x0000006f) 
0 3 000000008000052c (0x0000006f) 
0 3 000000008000052c (0x0000006f) 
0 3 000000008000052c (0x0000006f) 
0 3 000000008000052c (0x0000006f) 
0 3 000000008000052c (0x0000006f) 
0 3 000000008000052c (0x0000006f) 
0 3 000000008000052c (0x0000006f) 
0 3 000000008000052c (0x0000006f) 
0 3 000000008000052c (0x0000006f) 
0 3 000000008000052c (0x0000006f) 
0 3 000000008000052c (0x0000006f) 
0 3 000000008000052c (0x0000006f) 
0 3 000000008000052c (0x0000006f) 
0 3 000000008000052c (0x0000006f) 
0 3 000000008000052c (0x0000006f) 
0 3 000000008000052c (0x0000006f) 
0 3 000000008000052c (0x0000006f) 
0 3 000000008000052c (0x0000006f) 
0 3 000000008000052c (0x0000006f) 
0 3 000000008000052c (0x0000006f) 
0 3 000000008000052c (0x0000006f) 
0 3 000000008000052c (0x0000006f) 
0 3 000000008000052c (0x0000006f) 
0 3 000000008000052c (0x0000006f) 
0 3 000000008000052c (0x0000006f) 
0 3 000000008000052c (0x0000006f) 
0 3 000000008000052c (0x0000006f) 
0 3 000000008000052c (0x0000006f) 
0 3 000000008000052c (0x0000006f) 
0 3 000000008000052c (0x0000006f) 
0 3 000000008000052c (0x0000006f) 
0 3 000000008000052c (0x0000006f) 
0 3 000000008000052c (0x0000006f) 
0 3 000000008000052c (0x0000006f) 
0 3 000000008000052c (0x0000006f) 
0 3 000000008000052c (0x0000006f) 
0 3 000000008000052c (0x0000006f) 
0 3 000000008000052c (0x0000006f) 
0 3 000000008000052c (0x0000006f) 
0 3 000000008000052c (0x0000006f) 
0 3 000000008000052c (0x0000006f) 
0 3 000000008000052c (0x0000006f) 
0 3 000000008000052c (0x0000006f) 
0 3 000000008000052c (0x0000006f) 
0 3 000000008000052c (0x0000006f) 
0 3 000000008000052c (0x0000006f) 
0 3 000000008000052c (0x0000006f) 
0 3 000000008000052c (0x0000006f) 
0 3 000000008000052c (0x0000006f) 
0 3 000000008000052c (0x0000006f) 
0 3 000000008000052c (0x0000006f) 
0 3 000000008000052c (0x0000006f) 
0 3 000000008000052c (0x0000006f) 
0 3 000000008000052c (0x0000006f) 
0 3 000000008000052c (0x0000006f) 
0 3 000000008000052c (0x0000006f) 
0 3 000000008000052c (0x0000006f) 
0 3 000000008000052c (0x0000006f) 
0 3 000000008000052c (0x0000006f) 
0 3 000000008000052c (0x0000006f) 
0 3 000000008000052c (0x0000006f) 
0 3 000000008000052c (0x0000006f) 
0 3 000000008000052c (0x0000006f) 
0 3 000000008000052c (0x0000006f) 
0 3 000000008000052c (0x0000006f) 
0 3 000000008000052c (0x0000006f) 
0 3 000000008000052c (0x0000006f) 
0 3 000000008000052c (0x0000006f) 
0 3 000000008000052c (0x0000006f) 
0 3 000000008000052c (0x0000006f) 
0 3 000000008000052c (0x0000006f) 
0 3 000000008000052c (0x0000006f) 
0 3 000000008000052c (0x0000006f) 
0 3 000000008000052c (0x0000006f) 
0 3 000000008000052c (0x0000006f) 
0 3 000000008000052c (0x0000006f) 
0 3 000000008000052c (0x0000006f) 
0 3 000000008000052c (0x0000006f) 
0 3 000000008000052c (0x0000006f) 
0 3 000000008000052c (0x0000006f) 
0 3 000000008000052c (0x0000006f) 
0 3 000000008000052c (0x0000006f) 
0 3 000000008000052c (0x0000006f) 
0 3 000000008000052c (0x0000006f) 
0 3 000000008000052c (0x0000006f) 
0 3 000000008000052c (0x0000006f) 
0 3 000000008000052c (0x0000006f) 
0 3 000000008000052c (0x0000006f) 
0 3 000000008000052c (0x0000006f) 
0 3 000000008000052c (0x0000006f) 
0 3 000000008000052c (0x0000006f) 
0 3 000000008000052c (0x0000006f) 
0 3 000000008000052c (0x0000006f) 
0 3 000000008000052c (0x0000006f) 
0 3 000000008000052c (0x0000006f) 
0 3 000000008000052c (0x0000006f) 
0 3 000000008000052c (0x0000006f) 
0 3 000000008000052c (0x0000006f) 
0 3 000000008000052c (0x0000006f) 
0 3 000000008000052c (0x0000006f) 
0 3 000000008000052c (0x0000006f) 
0 3 000000008000052c (0x0000006f) 
0 3 000000008000052c (0x0000006f) 
0 3 000000008000052c (0x0000006f) 
0 3 000000008000052c (0x0000006f) 
0 3 000000008000052c (0x0000006f) 
0 3 000000008000052c (0x0000006f) 
0 3 000000008000052c (0x0000006f) 
0 3 000000008000052c (0x0000006f) 
0 3 000000008000052c (0x0000006f) 
0 3 000000008000052c (0x0000006f) 
0 3 000000008000052c (0x0000006f) 
0 3 000000008000052c (0x0000006f) 
0 3 000000008000052c (0x0000006f) 
0 3 000000008000052c (0x0000006f) 
0 3 000000008000052c (0x0000006f) 
0 3 000000008000052c (0x0000006f) 
0 3 000000008000052c (0x0000006f) 
0 3 000000008000052c (0x0000006f) 
0 3 000000008000052c (0x0000006f) 
0 3 000000008000052c (0x0000006f) 
0 3 000000008000052c (0x0000006f) 
0 3 000000008000052c (0x0000006f) 
0 3 000000008000052c (0x0000006f) 
0 3 000000008000052c (0x0000006f) 
0 3 000000008000052c (0x0000006f) 
0 3 000000008000052c (0x0000006f) 
0 3 000000008000052c (0x0000006f) 
0 3 000000008000052c (0x0000006f) 
0 3 000000008000052c (0x0000006f) 
0 3 000000008000052c (0x0000006f) 
0 3 000000008000052c (0x0000006f) 
0 3 000000008000052c (0x0000006f) 
0 3 000000008000052c (0x0000006f) 
0 3 000000008000052c (0x0000006f) 
0 3 000000008000052c (0x0000006f) 
0 3 000000008000052c (0x0000006f) 
0 3 000000008000052c (0x0000006f) 
0 3 000000008000052c (0x0000006f) 
0 3 000000008000052c (0x0000006f) 
0 3 000000008000052c (0x0000006f) 
0 3 000000008000052c (0x0000006f) 
0 3 000000008000052c (0x0000006f) 
0 3 000000008000052c (0x0000006f) 
0 3 000000008000052c (0x0000006f) 
0 3 000000008000052c (0x0000006f) 
0 3 000000008000052c (0x0000006f) 
0 3 000000008000052c (0x0000006f) 
0 3 000000008000052c (0x0000006f) 
0 3 000000008000052c (0x0000006f) 
0 3 000000008000052c (0x0000006f) 
0 3 000000008000052c (0x0000006f) 
0 3 000000008000052c (0x0000006f) 
0 3 000000008000052c (0x0000006f) 
0 3 000000008000052c (0x0000006f) 
0 3 000000008000052c (0x0000006f) 
0 3 000000008000052c (0x0000006f) 
0 3 000000008000052c (0x0000006f) 
0 3 000000008000052c (0x0000006f) 
0 3 000000008000052c (0x0000006f) 
0 3 000000008000052c (0x0000006f) 
0 3 000000008000052c (0x0000006f) 
0 3 000000008000052c (0x0000006f) 
0 3 000000008000052c (0x0000006f) 
0 3 000000008000052c (0x0000006f) 
0 3 000000008000052c (0x0000006f) 
0 3 000000008000052c (0x0000006f) 
0 3 000000008000052c (0x0000006f) 
0 3 000000008000052c (0x0000006f) 
0 3 000000008000052c (0x0000006f) 
0 3 000000008000052c (0x0000006f) 
0 3 000000008000052c (0x0000006f) 
0 3 000000008000052c (0x0000006f) 
0 3 000000008000052c (0x0000006f) 
0 3 000000008000052c (0x0000006f) 
0 3 000000008000052c (0x0000006f) 
0 3 000000008000052c (0x0000006f) 
0 3 000000008000052c (0x0000006f) 
0 3 000000008000052c (0x0000006f) 
0 3 000000008000052c (0x0000006f) 
0 3 000000008000052c (0x0000006f) 
0 3 000000008000052c (0x0000006f) 
0 3 000000008000052c (0x0000006f) 
0 3 000000008000052c (0x0000006f) 
0 3 000000008000052c (0x0000006f) 
0 3 000000008000052c (0x0000006f) 
0 3 000000008000052c (0x0000006f) 
0 3 000000008000052c (0x0000006f) 
0 3 000000008000052c (0x0000006f) 
0 3 000000008000052c (0x0000006f) 
0 3 000000008000052c (0x0000006f) 
0 3 000000008000052c (0x0000006f) 
0 3 000000008000052c (0x0000006f) 
0 3 000000008000052c (0x0000006f) 
0 3 000000008000052c (0x0000006f) 
0 3 000000008000052c (0x0000006f) 
0 3 000000008000052c (0x0000006f) 
0 3 000000008000052c (0x0000006f) 
0 3 000000008000052c (0x0000006f) 
0 3 000000008000052c (0x0000006f) 
0 3 000000008000052c (0x0000006f) 
0 3 000000008000052c (0x0000006f) 
0 3 000000008000052c (0x0000006f) 
0 3 000000008000052c (0x0000006f) 
0 3 000000008000052c (0x0000006f) 
0 3 000000008000052c (0x0000006f) 
0 3 000000008000052c (0x0000006f) 
0 3 000000008000052c (0x0000006f) 
0 3 000000008000052c (0x0000006f) 
0 3 000000008000052c (0x0000006f) 
0 3 000000008000052c (0x0000006f) 
0 3 000000008000052c (0x0000006f) 
0 3 000000008000052c (0x0000006f) 
0 3 000000008000052c (0x0000006f) 
0 3 000000008000052c (0x0000006f) 
0 3 000000008000052c (0x0000006f) 
0 3 000000008000052c (0x0000006f) 
0 3 000000008000052c (0x0000006f) 
0 3 000000008000052c (0x0000006f) 
0 3 000000008000052c (0x0000006f) 
0 3 000000008000052c (0x0000006f) 
0 3 000000008000052c (0x0000006f) 
0 3 000000008000052c (0x0000006f) 
0 3 000000008000052c (0x0000006f) 
0 3 000000008000052c (0x0000006f) 
0 3 000000008000052c (0x0000006f) 
0 3 000000008000052c (0x0000006f) 
0 3 000000008000052c (0x0000006f) 
0 3 000000008000052c (0x0000006f) 
0 3 000000008000052c (0x0000006f) 
0 3 000000008000052c (0x0000006f) 
0 3 000000008000052c (0x0000006f) 
0 3 000000008000052c (0x0000006f) 
0 3 000000008000052c (0x0000006f) 
0 3 000000008000052c (0x0000006f) 
0 3 000000008000052c (0x0000006f) 
0 3 000000008000052c (0x0000006f) 
0 3 000000008000052c (0x0000006f) 
0 3 000000008000052c (0x0000006f) 
0 3 000000008000052c (0x0000006f) 
0 3 000000008000052c (0x0000006f) 
0 3 000000008000052c (0x0000006f) 
0 3 000000008000052c (0x0000006f) 
0 3 000000008000052c (0x0000006f) 
0 3 000000008000052c (0x0000006f) 
0 3 000000008000052c (0x0000006f) 
0 3 000000008000052c (0x0000006f) 
0 3 000000008000052c (0x0000006f) 
0 3 000000008000052c (0x0000006f) 
0 3 000000008000052c (0x0000006f) 
0 3 000000008000052c (0x0000006f) 
0 3 000000008000052c (0x0000006f) 
0 3 000000008000052c (0x0000006f) 
0 3 000000008000052c (0x0000006f) 
0 3 000000008000052c (0x0000006f) 
0 3 000000008000052c (0x0000006f) 
0 3 000000008000052c (0x0000006f) 
0 3 000000008000052c (0x0000006f) 
0 3 000000008000052c (0x0000006f) 
0 3 000000008000052c (0x0000006f) 
0 3 000000008000052c (0x0000006f) 
0 3 000000008000052c (0x0000006f) 
0 3 000000008000052c (0x0000006f) 
0 3 000000008000052c (0x0000006f) 
0 3 000000008000052c (0x0000006f) 
0 3 000000008000052c (0x0000006f) 
0 3 000000008000052c (0x0000006f) 
0 3 000000008000052c (0x0000006f) 
0 3 000000008000052c (0x0000006f) 
0 3 000000008000052c (0x0000006f) 
0 3 000000008000052c (0x0000006f) 
0 3 000000008000052c (0x0000006f) 
0 3 000000008000052c (0x0000006f) 
0 3 000000008000052c (0x0000006f) 
0 3 000000008000052c (0x0000006f) 
0 3 000000008000052c (0x0000006f) 
0 3 000000008000052c (0x0000006f) 
0 3 000000008000052c (0x0000006f) 
0 3 000000008000052c (0x0000006f) 
0 3 000000008000052c (0x0000006f) 
0 3 000000008000052c (0x0000006f) 
0 3 000000008000052c (0x0000006f) 
0 3 000000008000052c (0x0000006f) 
0 3 000000008000052c (0x0000006f) 
0 3 000000008000052c (0x0000006f) 
0 3 000000008000052c (0x0000006f) 
0 3 000000008000052c (0x0000006f) 
0 3 000000008000052c (0x0000006f) 
0 3 000000008000052c (0x0000006f) 
0 3 000000008000052c (0x0000006f) 
0 3 000000008000052c (0x0000006f) 
0 3 000000008000052c (0x0000006f) 
0 3 000000008000052c (0x0000006f) 
0 3 000000008000052c (0x0000006f) 
0 3 000000008000052c (0x0000006f) 
0 3 000000008000052c (0x0000006f) 
0 3 000000008000052c (0x0000006f) 
0 3 000000008000052c (0x0000006f) 
0 3 000000008000052c (0x0000006f) 
0 3 000000008000052c (0x0000006f) 
0 3 000000008000052c (0x0000006f) 
0 3 000000008000052c (0x0000006f) 
0 3 000000008000052c (0x0000006f) 
0 3 000000008000052c (0x0000006f) 
0 3 000000008000052c (0x0000006f) 
0 3 000000008000052c (0x0000006f) 
0 3 000000008000052c (0x0000006f) 
0 3 000000008000052c (0x0000006f) 
0 3 000000008000052c (0x0000006f) 
0 3 000000008000052c (0x0000006f) 
0 3 000000008000052c (0x0000006f) 
0 3 000000008000052c (0x0000006f) 
0 3 000000008000052c (0x0000006f) 
0 3 000000008000052c (0x0000006f) 
0 3 000000008000052c (0x0000006f) 
0 3 000000008000052c (0x0000006f) 
0 3 000000008000052c (0x0000006f) 
0 3 000000008000052c (0x0000006f) 
0 3 000000008000052c (0x0000006f) 
0 3 000000008000052c (0x0000006f) 
0 3 000000008000052c (0x0000006f) 
0 3 000000008000052c (0x0000006f) 
0 3 000000008000052c (0x0000006f) 
0 3 000000008000052c (0x0000006f) 
0 3 000000008000052c (0x0000006f) 
0 3 000000008000052c (0x0000006f) 
0 3 000000008000052c (0x0000006f) 
0 3 000000008000052c (0x0000006f) 
0 3 000000008000052c (0x0000006f) 
0 3 000000008000052c (0x0000006f) 
0 3 000000008000052c (0x0000006f) 
0 3 000000008000052c (0x0000006f) 
0 3 000000008000052c (0x0000006f) 
0 3 000000008000052c (0x0000006f) 
0 3 000000008000052c (0x0000006f) 
0 3 000000008000052c (0x0000006f) 
0 3 000000008000052c (0x0000006f) 
0 3 000000008000052c (0x0000006f) 
0 3 000000008000052c (0x0000006f) 
0 3 000000008000052c (0x0000006f) 
0 3 000000008000052c (0x0000006f) 
0 3 000000008000052c (0x0000006f) 
0 3 000000008000052c (0x0000006f) 
0 3 000000008000052c (0x0000006f) 
0 3 000000008000052c (0x0000006f) 
0 3 000000008000052c (0x0000006f) 
0 3 000000008000052c (0x0000006f) 
0 3 000000008000052c (0x0000006f) 
0 3 000000008000052c (0x0000006f) 
0 3 000000008000052c (0x0000006f) 
0 3 000000008000052c (0x0000006f) 
0 3 000000008000052c (0x0000006f) 
0 3 000000008000052c (0x0000006f) 
0 3 000000008000052c (0x0000006f) 
0 3 000000008000052c (0x0000006f) 
0 3 000000008000052c (0x0000006f) 
0 3 000000008000052c (0x0000006f) 
0 3 000000008000052c (0x0000006f) 
0 3 000000008000052c (0x0000006f) 
0 3 000000008000052c (0x0000006f) 
0 3 000000008000052c (0x0000006f) 
0 3 000000008000052c (0x0000006f) 
0 3 000000008000052c (0x0000006f) 
0 3 000000008000052c (0x0000006f) 
0 3 000000008000052c (0x0000006f) 
0 3 000000008000052c (0x0000006f) 
0 3 000000008000052c (0x0000006f) 
0 3 000000008000052c (0x0000006f) 
0 3 000000008000052c (0x0000006f) 
0 3 000000008000052c (0x0000006f) 
0 3 000000008000052c (0x0000006f) 
0 3 000000008000052c (0x0000006f) 
0 3 000000008000052c (0x0000006f) 
0 3 000000008000052c (0x0000006f) 
0 3 000000008000052c (0x0000006f) 
0 3 000000008000052c (0x0000006f) 
0 3 000000008000052c (0x0000006f) 
0 3 000000008000052c (0x0000006f) 
0 3 000000008000052c (0x0000006f) 
0 3 000000008000052c (0x0000006f) 
0 3 000000008000052c (0x0000006f) 
0 3 000000008000052c (0x0000006f) 
0 3 000000008000052c (0x0000006f) 
0 3 000000008000052c (0x0000006f) 
0 3 000000008000052c (0x0000006f) 
0 3 000000008000052c (0x0000006f) 
0 3 000000008000052c (0x0000006f) 
0 3 000000008000052c (0x0000006f) 
0 3 000000008000052c (0x0000006f) 
0 3 000000008000052c (0x0000006f) 
0 3 000000008000052c (0x0000006f) 
0 3 000000008000052c (0x0000006f) 
0 3 000000008000052c (0x0000006f) 
0 3 000000008000052c (0x0000006f) 
0 3 000000008000052c (0x0000006f) 
0 3 000000008000052c (0x0000006f) 
0 3 000000008000052c (0x0000006f) 
0 3 000000008000052c (0x0000006f) 
0 3 000000008000052c (0x0000006f) 
0 3 000000008000052c (0x0000006f) 
0 3 000000008000052c (0x0000006f) 
0 3 000000008000052c (0x0000006f) 
0 3 000000008000052c (0x0000006f) 
0 3 000000008000052c (0x0000006f) 
0 3 000000008000052c (0x0000006f) 
0 3 000000008000052c (0x0000006f) 
0 3 000000008000052c (0x0000006f) 
0 3 000000008000052c (0x0000006f) 
0 3 000000008000052c (0x0000006f) 
0 3 000000008000052c (0x0000006f) 
0 3 000000008000052c (0x0000006f) 
0 3 000000008000052c (0x0000006f) 
0 3 000000008000052c (0x0000006f) 
0 3 000000008000052c (0x0000006f) 
0 3 000000008000052c (0x0000006f) 
0 3 000000008000052c (0x0000006f) 
0 3 000000008000052c (0x0000006f) 
0 3 000000008000052c (0x0000006f) 
0 3 000000008000052c (0x0000006f) 
0 3 000000008000052c (0x0000006f) 
0 3 000000008000052c (0x0000006f) 
0 3 000000008000052c (0x0000006f) 
0 3 000000008000052c (0x0000006f) 
0 3 000000008000052c (0x0000006f) 
0 3 000000008000052c (0x0000006f) 
0 3 000000008000052c (0x0000006f) 
0 3 000000008000052c (0x0000006f) 
0 3 000000008000052c (0x0000006f) 
0 3 000000008000052c (0x0000006f) 
0 3 000000008000052c (0x0000006f) 
0 3 000000008000052c (0x0000006f) 
0 3 000000008000052c (0x0000006f) 
0 3 000000008000052c (0x0000006f) 
0 3 000000008000052c (0x0000006f) 
0 3 000000008000052c (0x0000006f) 
0 3 000000008000052c (0x0000006f) 
0 3 000000008000052c (0x0000006f) 
0 3 000000008000052c (0x0000006f) 
0 3 000000008000052c (0x0000006f) 
0 3 000000008000052c (0x0000006f) 
0 3 000000008000052c (0x0000006f) 
0 3 000000008000052c (0x0000006f) 
0 3 000000008000052c (0x0000006f) 
0 3 000000008000052c (0x0000006f) 
0 3 000000008000052c (0x0000006f) 
0 3 000000008000052c (0x0000006f) 
0 3 000000008000052c (0x0000006f) 
0 3 000000008000052c (0x0000006f) 
0 3 000000008000052c (0x0000006f) 
0 3 000000008000052c (0x0000006f) 
0 3 000000008000052c (0x0000006f) 
0 3 000000008000052c (0x0000006f) 
0 3 000000008000052c (0x0000006f) 
0 3 000000008000052c (0x0000006f) 
0 3 000000008000052c (0x0000006f) 
0 3 000000008000052c (0x0000006f) 
0 3 000000008000052c (0x0000006f) 
0 3 000000008000052c (0x0000006f) 
0 3 000000008000052c (0x0000006f) 
0 3 000000008000052c (0x0000006f) 
0 3 000000008000052c (0x0000006f) 
0 3 000000008000052c (0x0000006f) 
0 3 000000008000052c (0x0000006f) 
0 3 000000008000052c (0x0000006f) 
0 3 000000008000052c (0x0000006f) 
0 3 000000008000052c (0x0000006f) 
0 3 000000008000052c (0x0000006f) 
0 3 000000008000052c (0x0000006f) 
0 3 000000008000052c (0x0000006f) 
0 3 000000008000052c (0x0000006f) 
0 3 000000008000052c (0x0000006f) 
0 3 000000008000052c (0x0000006f) 
0 3 000000008000052c (0x0000006f) 
0 3 000000008000052c (0x0000006f) 
0 3 000000008000052c (0x0000006f) 
0 3 000000008000052c (0x0000006f) 
0 3 000000008000052c (0x0000006f) 
0 3 000000008000052c (0x0000006f) 
0 3 000000008000052c (0x0000006f) 
0 3 000000008000052c (0x0000006f) 
0 3 000000008000052c (0x0000006f) 
0 3 000000008000052c (0x0000006f) 
0 3 000000008000052c (0x0000006f) 
0 3 000000008000052c (0x0000006f) 
0 3 000000008000052c (0x0000006f) 
0 3 000000008000052c (0x0000006f) 
0 3 000000008000052c (0x0000006f) 
0 3 000000008000052c (0x0000006f) 
0 3 000000008000052c (0x0000006f) 
0 3 000000008000052c (0x0000006f) 
0 3 000000008000052c (0x0000006f) 
0 3 000000008000052c (0x0000006f) 
0 3 000000008000052c (0x0000006f) 
0 3 000000008000052c (0x0000006f) 
0 3 000000008000052c (0x0000006f) 
0 3 000000008000052c (0x0000006f) 
0 3 000000008000052c (0x0000006f) 
0 3 000000008000052c (0x0000006f) 
0 3 000000008000052c (0x0000006f) 
0 3 000000008000052c (0x0000006f) 
0 3 000000008000052c (0x0000006f) 
0 3 000000008000052c (0x0000006f) 
0 3 000000008000052c (0x0000006f) 
0 3 000000008000052c (0x0000006f) 
0 3 000000008000052c (0x0000006f) 
0 3 000000008000052c (0x0000006f) 
0 3 000000008000052c (0x0000006f) 
0 3 000000008000052c (0x0000006f) 
0 3 000000008000052c (0x0000006f) 
0 3 000000008000052c (0x0000006f) 
0 3 000000008000052c (0x0000006f) 
0 3 000000008000052c (0x0000006f) 
0 3 000000008000052c (0x0000006f) 
0 3 000000008000052c (0x0000006f) 
0 3 000000008000052c (0x0000006f) 
0 3 000000008000052c (0x0000006f) 
0 3 000000008000052c (0x0000006f) 
0 3 000000008000052c (0x0000006f) 
0 3 000000008000052c (0x0000006f) 
0 3 000000008000052c (0x0000006f) 
0 3 000000008000052c (0x0000006f) 
0 3 000000008000052c (0x0000006f) 
0 3 000000008000052c (0x0000006f) 
0 3 000000008000052c (0x0000006f) 
0 3 000000008000052c (0x0000006f) 
0 3 000000008000052c (0x0000006f) 
0 3 000000008000052c (0x0000006f) 
0 3 000000008000052c (0x0000006f) 
0 3 000000008000052c (0x0000006f) 
0 3 000000008000052c (0x0000006f) 
0 3 000000008000052c (0x0000006f) 
0 3 000000008000052c (0x0000006f) 
0 3 000000008000052c (0x0000006f) 
0 3 000000008000052c (0x0000006f) 
0 3 000000008000052c (0x0000006f) 
0 3 000000008000052c (0x0000006f) 
0 3 000000008000052c (0x0000006f) 
0 3 000000008000052c (0x0000006f) 
0 3 000000008000052c (0x0000006f) 
0 3 000000008000052c (0x0000006f) 
0 3 000000008000052c (0x0000006f) 
0 3 000000008000052c (0x0000006f) 
0 3 000000008000052c (0x0000006f) 
0 3 000000008000052c (0x0000006f) 
0 3 000000008000052c (0x0000006f) 
0 3 000000008000052c (0x0000006f) 
0 3 000000008000052c (0x0000006f) 
0 3 000000008000052c (0x0000006f) 
0 3 000000008000052c (0x0000006f) 
0 3 000000008000052c (0x0000006f) 
0 3 000000008000052c (0x0000006f) 
0 3 000000008000052c (0x0000006f) 
0 3 000000008000052c (0x0000006f) 
0 3 000000008000052c (0x0000006f) 
0 3 000000008000052c (0x0000006f) 
0 3 000000008000052c (0x0000006f) 
0 3 000000008000052c (0x0000006f) 
0 3 000000008000052c (0x0000006f) 
0 3 000000008000052c (0x0000006f) 
0 3 000000008000052c (0x0000006f) 
0 3 000000008000052c (0x0000006f) 
0 3 000000008000052c (0x0000006f) 
0 3 000000008000052c (0x0000006f) 
0 3 000000008000052c (0x0000006f) 
0 3 000000008000052c (0x0000006f) 
0 3 000000008000052c (0x0000006f) 
0 3 000000008000052c (0x0000006f) 
0 3 000000008000052c (0x0000006f) 
0 3 000000008000052c (0x0000006f) 
0 3 000000008000052c (0x0000006f) 
0 3 000000008000052c (0x0000006f) 
0 3 000000008000052c (0x0000006f) 
0 3 000000008000052c (0x0000006f) 
0 3 000000008000052c (0x0000006f) 
0 3 000000008000052c (0x0000006f) 
0 3 000000008000052c (0x0000006f) 
0 3 000000008000052c (0x0000006f) 
0 3 000000008000052c (0x0000006f) 
0 3 000000008000052c (0x0000006f) 
0 3 000000008000052c (0x0000006f) 
0 3 000000008000052c (0x0000006f) 
0 3 000000008000052c (0x0000006f) 
0 3 000000008000052c (0x0000006f) 
0 3 000000008000052c (0x0000006f) 
0 3 000000008000052c (0x0000006f) 
0 3 000000008000052c (0x0000006f) 
0 3 000000008000052c (0x0000006f) 
0 3 000000008000052c (0x0000006f) 
0 3 000000008000052c (0x0000006f) 
0 3 000000008000052c (0x0000006f) 
0 3 000000008000052c (0x0000006f) 
0 3 000000008000052c (0x0000006f) 
0 3 000000008000052c (0x0000006f) 
0 3 000000008000052c (0x0000006f) 
0 3 000000008000052c (0x0000006f) 
0 3 000000008000052c (0x0000006f) 
0 3 000000008000052c (0x0000006f) 
0 3 000000008000052c (0x0000006f) 
0 3 000000008000052c (0x0000006f) 
0 3 000000008000052c (0x0000006f) 
0 3 000000008000052c (0x0000006f) 
0 3 000000008000052c (0x0000006f) 
0 3 000000008000052c (0x0000006f) 
0 3 000000008000052c (0x0000006f) 
0 3 000000008000052c (0x0000006f) 
0 3 000000008000052c (0x0000006f) 
0 3 000000008000052c (0x0000006f) 
0 3 000000008000052c (0x0000006f) 
0 3 000000008000052c (0x0000006f) 
0 3 000000008000052c (0x0000006f) 
0 3 000000008000052c (0x0000006f) 
0 3 000000008000052c (0x0000006f) 
0 3 000000008000052c (0x0000006f) 
0 3 000000008000052c (0x0000006f) 
0 3 000000008000052c (0x0000006f) 
0 3 000000008000052c (0x0000006f) 
0 3 000000008000052c (0x0000006f) 
0 3 000000008000052c (0x0000006f) 
0 3 000000008000052c (0x0000006f) 
0 3 000000008000052c (0x0000006f) 
0 3 000000008000052c (0x0000006f) 
0 3 000000008000052c (0x0000006f) 
0 3 000000008000052c (0x0000006f) 
0 3 000000008000052c (0x0000006f) 
0 3 000000008000052c (0x0000006f) 
0 3 000000008000052c (0x0000006f) 
0 3 000000008000052c (0x0000006f) 
0 3 000000008000052c (0x0000006f) 
0 3 000000008000052c (0x0000006f) 
0 3 000000008000052c (0x0000006f) 
0 3 000000008000052c (0x0000006f) 
0 3 000000008000052c (0x0000006f) 
0 3 000000008000052c (0x0000006f) 
0 3 000000008000052c (0x0000006f) 
0 3 000000008000052c (0x0000006f) 
0 3 000000008000052c (0x0000006f) 
0 3 000000008000052c (0x0000006f) 
0 3 000000008000052c (0x0000006f) 
0 3 000000008000052c (0x0000006f) 
0 3 000000008000052c (0x0000006f) 
0 3 000000008000052c (0x0000006f) 
0 3 000000008000052c (0x0000006f) 
0 3 000000008000052c (0x0000006f) 
0 3 000000008000052c (0x0000006f) 
0 3 000000008000052c (0x0000006f) 
0 3 000000008000052c (0x0000006f) 
0 3 000000008000052c (0x0000006f) 
0 3 000000008000052c (0x0000006f) 
0 3 000000008000052c (0x0000006f) 
0 3 000000008000052c (0x0000006f) 
0 3 000000008000052c (0x0000006f) 
0 3 000000008000052c (0x0000006f) 
0 3 000000008000052c (0x0000006f) 
0 3 000000008000052c (0x0000006f) 
0 3 000000008000052c (0x0000006f) 
0 3 000000008000052c (0x0000006f) 
0 3 000000008000052c (0x0000006f) 
0 3 000000008000052c (0x0000006f) 
0 3 000000008000052c (0x0000006f) 
0 3 000000008000052c (0x0000006f) 
0 3 000000008000052c (0x0000006f) 
0 3 000000008000052c (0x0000006f) 
0 3 000000008000052c (0x0000006f) 
0 3 000000008000052c (0x0000006f) 
0 3 000000008000052c (0x0000006f) 
0 3 000000008000052c (0x0000006f) 
0 3 000000008000052c (0x0000006f) 
0 3 000000008000052c (0x0000006f) 
0 3 000000008000052c (0x0000006f) 
0 3 000000008000052c (0x0000006f) 
0 3 000000008000052c (0x0000006f) 
0 3 000000008000052c (0x0000006f) 
0 3 000000008000052c (0x0000006f) 
0 3 000000008000052c (0x0000006f) 
0 3 000000008000052c (0x0000006f) 
0 3 000000008000052c (0x0000006f) 
0 3 000000008000052c (0x0000006f) 
0 3 000000008000052c (0x0000006f) 
0 3 000000008000052c (0x0000006f) 
0 3 000000008000052c (0x0000006f) 
0 3 000000008000052c (0x0000006f) 
0 3 000000008000052c (0x0000006f) 
0 3 000000008000052c (0x0000006f) 
0 3 000000008000052c (0x0000006f) 
0 3 000000008000052c (0x0000006f) 
0 3 000000008000052c (0x0000006f) 
0 3 000000008000052c (0x0000006f) 
0 3 000000008000052c (0x0000006f) 
0 3 000000008000052c (0x0000006f) 
0 3 000000008000052c (0x0000006f) 
0 3 000000008000052c (0x0000006f) 
0 3 000000008000052c (0x0000006f) 
0 3 000000008000052c (0x0000006f) 
0 3 000000008000052c (0x0000006f) 
0 3 000000008000052c (0x0000006f) 
0 3 000000008000052c (0x0000006f) 
0 3 000000008000052c (0x0000006f) 
0 3 000000008000052c (0x0000006f) 
0 3 000000008000052c (0x0000006f) 
0 3 000000008000052c (0x0000006f) 
0 3 000000008000052c (0x0000006f) 
0 3 000000008000052c (0x0000006f) 
0 3 000000008000052c (0x0000006f) 
0 3 000000008000052c (0x0000006f) 
0 3 000000008000052c (0x0000006f) 
0 3 000000008000052c (0x0000006f) 
0 3 000000008000052c (0x0000006f) 
0 3 000000008000052c (0x0000006f) 
0 3 000000008000052c (0x0000006f) 
0 3 000000008000052c (0x0000006f) 
0 3 000000008000052c (0x0000006f) 
0 3 000000008000052c (0x0000006f) 
0 3 000000008000052c (0x0000006f) 
0 3 000000008000052c (0x0000006f) 
0 3 000000008000052c (0x0000006f) 
0 3 000000008000052c (0x0000006f) 
0 3 000000008000052c (0x0000006f) 
0 3 000000008000052c (0x0000006f) 
0 3 000000008000052c (0x0000006f) 
0 3 000000008000052c (0x0000006f) 
0 3 000000008000052c (0x0000006f) 
0 3 000000008000052c (0x0000006f) 
0 3 000000008000052c (0x0000006f) 
0 3 000000008000052c (0x0000006f) 
0 3 000000008000052c (0x0000006f) 
0 3 000000008000052c (0x0000006f) 
0 3 000000008000052c (0x0000006f) 
0 3 000000008000052c (0x0000006f) 
0 3 000000008000052c (0x0000006f) 
0 3 000000008000052c (0x0000006f) 
0 3 000000008000052c (0x0000006f) 
0 3 000000008000052c (0x0000006f) 
0 3 000000008000052c (0x0000006f) 
0 3 000000008000052c (0x0000006f) 
0 3 000000008000052c (0x0000006f) 
0 3 000000008000052c (0x0000006f) 
0 3 000000008000052c (0x0000006f) 
0 3 000000008000052c (0x0000006f) 
0 3 000000008000052c (0x0000006f) 
0 3 000000008000052c (0x0000006f) 
0 3 000000008000052c (0x0000006f) 
0 3 000000008000052c (0x0000006f) 
0 3 000000008000052c (0x0000006f) 
0 3 000000008000052c (0x0000006f) 
0 3 000000008000052c (0x0000006f) 
0 3 000000008000052c (0x0000006f) 
0 3 000000008000052c (0x0000006f) 
0 3 000000008000052c (0x0000006f) 
0 3 000000008000052c (0x0000006f) 
0 3 000000008000052c (0x0000006f) 
0 3 000000008000052c (0x0000006f) 
0 3 000000008000052c (0x0000006f) 
0 3 000000008000052c (0x0000006f) 
0 3 000000008000052c (0x0000006f) 
0 3 000000008000052c (0x0000006f) 
0 3 000000008000052c (0x0000006f) 
0 3 000000008000052c (0x0000006f) 
0 3 000000008000052c (0x0000006f) 
0 3 000000008000052c (0x0000006f) 
0 3 000000008000052c (0x0000006f) 
0 3 000000008000052c (0x0000006f) 
0 3 000000008000052c (0x0000006f) 
0 3 000000008000052c (0x0000006f) 
0 3 000000008000052c (0x0000006f) 
0 3 000000008000052c (0x0000006f) 
0 3 000000008000052c (0x0000006f) 
0 3 000000008000052c (0x0000006f) 
0 3 000000008000052c (0x0000006f) 
0 3 000000008000052c (0x0000006f) 
0 3 000000008000052c (0x0000006f) 
0 3 000000008000052c (0x0000006f) 
0 3 000000008000052c (0x0000006f) 
0 3 000000008000052c (0x0000006f) 
0 3 000000008000052c (0x0000006f) 
0 3 000000008000052c (0x0000006f) 
0 3 000000008000052c (0x0000006f) 
0 3 000000008000052c (0x0000006f) 
0 3 000000008000052c (0x0000006f) 
0 3 000000008000052c (0x0000006f) 
0 3 000000008000052c (0x0000006f) 
0 3 000000008000052c (0x0000006f) 
0 3 000000008000052c (0x0000006f) 
0 3 000000008000052c (0x0000006f) 
0 3 000000008000052c (0x0000006f) 
0 3 000000008000052c (0x0000006f) 
0 3 000000008000052c (0x0000006f) 
0 3 000000008000052c (0x0000006f) 
0 3 000000008000052c (0x0000006f) 
0 3 000000008000052c (0x0000006f) 
0 3 000000008000052c (0x0000006f) 
0 3 000000008000052c (0x0000006f) 
0 3 000000008000052c (0x0000006f) 
0 3 000000008000052c (0x0000006f) 
0 3 000000008000052c (0x0000006f) 
0 3 000000008000052c (0x0000006f) 
0 3 000000008000052c (0x0000006f) 
0 3 000000008000052c (0x0000006f) 
0 3 000000008000052c (0x0000006f) 
0 3 000000008000052c (0x0000006f) 
0 3 000000008000052c (0x0000006f) 
0 3 000000008000052c (0x0000006f) 
0 3 000000008000052c (0x0000006f) 
0 3 000000008000052c (0x0000006f) 
0 3 000000008000052c (0x0000006f) 
0 3 000000008000052c (0x0000006f) 
0 3 000000008000052c (0x0000006f) 
0 3 000000008000052c (0x0000006f) 
0 3 000000008000052c (0x0000006f) 
0 3 000000008000052c (0x0000006f) 
0 3 000000008000052c (0x0000006f) 
0 3 000000008000052c (0x0000006f) 
0 3 000000008000052c (0x0000006f) 
0 3 000000008000052c (0x0000006f) 
0 3 000000008000052c (0x0000006f) 
0 3 000000008000052c (0x0000006f) 
0 3 000000008000052c (0x0000006f) 
0 3 000000008000052c (0x0000006f) 
0 3 000000008000052c (0x0000006f) 
0 3 000000008000052c (0x0000006f) 
0 3 000000008000052c (0x0000006f) 
0 3 000000008000052c (0x0000006f) 
0 3 000000008000052c (0x0000006f) 
0 3 000000008000052c (0x0000006f) 
0 3 000000008000052c (0x0000006f) 
0 3 000000008000052c (0x0000006f) 
0 3 000000008000052c (0x0000006f) 
0 3 000000008000052c (0x0000006f) 
0 3 000000008000052c (0x0000006f) 
0 3 000000008000052c (0x0000006f) 
0 3 000000008000052c (0x0000006f) 
0 3 000000008000052c (0x0000006f) 
0 3 000000008000052c (0x0000006f) 
0 3 000000008000052c (0x0000006f) 
0 3 000000008000052c (0x0000006f) 
0 3 000000008000052c (0x0000006f) 
0 3 000000008000052c (0x0000006f) 
0 3 000000008000052c (0x0000006f) 
0 3 000000008000052c (0x0000006f) 
0 3 000000008000052c (0x0000006f) 
0 3 000000008000052c (0x0000006f) 
0 3 000000008000052c (0x0000006f) 
0 3 000000008000052c (0x0000006f) 
0 3 000000008000052c (0x0000006f) 
0 3 000000008000052c (0x0000006f) 
0 3 000000008000052c (0x0000006f) 
0 3 000000008000052c (0x0000006f) 
0 3 000000008000052c (0x0000006f) 
0 3 000000008000052c (0x0000006f) 
0 3 000000008000052c (0x0000006f) 
0 3 000000008000052c (0x0000006f) 
0 3 000000008000052c (0x0000006f) 
0 3 000000008000052c (0x0000006f) 
0 3 000000008000052c (0x0000006f) 
0 3 000000008000052c (0x0000006f) 
0 3 000000008000052c (0x0000006f) 
0 3 000000008000052c (0x0000006f) 
0 3 000000008000052c (0x0000006f) 
0 3 000000008000052c (0x0000006f) 
0 3 000000008000052c (0x0000006f) 
0 3 000000008000052c (0x0000006f) 
0 3 000000008000052c (0x0000006f) 
0 3 000000008000052c (0x0000006f) 
0 3 000000008000052c (0x0000006f) 
0 3 000000008000052c (0x0000006f) 
0 3 000000008000052c (0x0000006f) 
0 3 000000008000052c (0x0000006f) 
0 3 000000008000052c (0x0000006f) 
0 3 000000008000052c (0x0000006f) 
0 3 000000008000052c (0x0000006f) 
0 3 000000008000052c (0x0000006f) 
0 3 000000008000052c (0x0000006f) 
0 3 000000008000052c (0x0000006f) 
0 3 000000008000052c (0x0000006f) 
0 3 000000008000052c (0x0000006f) 
0 3 000000008000052c (0x0000006f) 
0 3 000000008000052c (0x0000006f) 
0 3 000000008000052c (0x0000006f) 
0 3 000000008000052c (0x0000006f) 
0 3 000000008000052c (0x0000006f) 
0 3 000000008000052c (0x0000006f) 
0 3 000000008000052c (0x0000006f) 
0 3 000000008000052c (0x0000006f) 
0 3 000000008000052c (0x0000006f) 
0 3 000000008000052c (0x0000006f) 
0 3 000000008000052c (0x0000006f) 
0 3 000000008000052c (0x0000006f) 
0 3 000000008000052c (0x0000006f) 
0 3 000000008000052c (0x0000006f) 
0 3 000000008000052c (0x0000006f) 
0 3 000000008000052c (0x0000006f) 
0 3 000000008000052c (0x0000006f) 
0 3 000000008000052c (0x0000006f) 
0 3 000000008000052c (0x0000006f) 
0 3 000000008000052c (0x0000006f) 
0 3 000000008000052c (0x0000006f) 
0 3 000000008000052c (0x0000006f) 
0 3 000000008000052c (0x0000006f) 
0 3 000000008000052c (0x0000006f) 
0 3 000000008000052c (0x0000006f) 
0 3 000000008000052c (0x0000006f) 
0 3 000000008000052c (0x0000006f) 
0 3 000000008000052c (0x0000006f) 
0 3 000000008000052c (0x0000006f) 
0 3 000000008000052c (0x0000006f) 
0 3 000000008000052c (0x0000006f) 
0 3 000000008000052c (0x0000006f) 
0 3 000000008000052c (0x0000006f) 
0 3 000000008000052c (0x0000006f) 
0 3 000000008000052c (0x0000006f) 
0 3 000000008000052c (0x0000006f) 
0 3 000000008000052c (0x0000006f) 
0 3 000000008000052c (0x0000006f) 
0 3 000000008000052c (0x0000006f) 
0 3 000000008000052c (0x0000006f) 
0 3 000000008000052c (0x0000006f) 
0 3 000000008000052c (0x0000006f) 
0 3 000000008000052c (0x0000006f) 
0 3 000000008000052c (0x0000006f) 
0 3 000000008000052c (0x0000006f) 
0 3 000000008000052c (0x0000006f) 
0 3 000000008000052c (0x0000006f) 
0 3 000000008000052c (0x0000006f) 
0 3 000000008000052c (0x0000006f) 
0 3 000000008000052c (0x0000006f) 
0 3 000000008000052c (0x0000006f) 
0 3 000000008000052c (0x0000006f) 
0 3 000000008000052c (0x0000006f) 
0 3 000000008000052c (0x0000006f) 
0 3 000000008000052c (0x0000006f) 
0 3 000000008000052c (0x0000006f) 
0 3 000000008000052c (0x0000006f) 
0 3 000000008000052c (0x0000006f) 
0 3 000000008000052c (0x0000006f) 
0 3 000000008000052c (0x0000006f) 
0 3 000000008000052c (0x0000006f) 
0 3 000000008000052c (0x0000006f) 
0 3 000000008000052c (0x0000006f) 
0 3 000000008000052c (0x0000006f) 
0 3 000000008000052c (0x0000006f) 
0 3 000000008000052c (0x0000006f) 
0 3 000000008000052c (0x0000006f) 
0 3 000000008000052c (0x0000006f) 
0 3 000000008000052c (0x0000006f) 
0 3 000000008000052c (0x0000006f) 
0 3 000000008000052c (0x0000006f) 
0 3 000000008000052c (0x0000006f) 
0 3 000000008000052c (0x0000006f) 
0 3 000000008000052c (0x0000006f) 
0 3 000000008000052c (0x0000006f) 
0 3 000000008000052c (0x0000006f) 
0 3 000000008000052c (0x0000006f) 
0 3 000000008000052c (0x0000006f) 
0 3 000000008000052c (0x0000006f) 
0 3 000000008000052c (0x0000006f) 
0 3 000000008000052c (0x0000006f) 
0 3 000000008000052c (0x0000006f) 
0 3 000000008000052c (0x0000006f) 
0 3 000000008000052c (0x0000006f) 
0 3 000000008000052c (0x0000006f) 
0 3 000000008000052c (0x0000006f) 
0 3 000000008000052c (0x0000006f) 
0 3 000000008000052c (0x0000006f) 
0 3 000000008000052c (0x0000006f) 
0 3 000000008000052c (0x0000006f) 
0 3 000000008000052c (0x0000006f) 
0 3 000000008000052c (0x0000006f) 
0 3 000000008000052c (0x0000006f) 
0 3 000000008000052c (0x0000006f) 
0 3 000000008000052c (0x0000006f) 
0 3 000000008000052c (0x0000006f) 
0 3 000000008000052c (0x0000006f) 
0 3 000000008000052c (0x0000006f) 
0 3 000000008000052c (0x0000006f) 
0 3 000000008000052c (0x0000006f) 
0 3 000000008000052c (0x0000006f) 
0 3 000000008000052c (0x0000006f) 
0 3 000000008000052c (0x0000006f) 
0 3 000000008000052c (0x0000006f) 
0 3 000000008000052c (0x0000006f) 
0 3 000000008000052c (0x0000006f) 
0 3 000000008000052c (0x0000006f) 
0 3 000000008000052c (0x0000006f) 
0 3 000000008000052c (0x0000006f) 
0 3 000000008000052c (0x0000006f) 
0 3 000000008000052c (0x0000006f) 
0 3 000000008000052c (0x0000006f) 
0 3 000000008000052c (0x0000006f) 
0 3 000000008000052c (0x0000006f) 
0 3 000000008000052c (0x0000006f) 
0 3 000000008000052c (0x0000006f) 
0 3 000000008000052c (0x0000006f) 
0 3 000000008000052c (0x0000006f) 
0 3 000000008000052c (0x0000006f) 
0 3 000000008000052c (0x0000006f) 
0 3 000000008000052c (0x0000006f) 
0 3 000000008000052c (0x0000006f) 
0 3 000000008000052c (0x0000006f) 
0 3 000000008000052c (0x0000006f) 
0 3 000000008000052c (0x0000006f) 
0 3 000000008000052c (0x0000006f) 
0 3 000000008000052c (0x0000006f) 
0 3 000000008000052c (0x0000006f) 
0 3 000000008000052c (0x0000006f) 
0 3 000000008000052c (0x0000006f) 
0 3 000000008000052c (0x0000006f) 
0 3 000000008000052c (0x0000006f) 
0 3 000000008000052c (0x0000006f) 
0 3 000000008000052c (0x0000006f) 
0 3 000000008000052c (0x0000006f) 
0 3 000000008000052c (0x0000006f) 
0 3 000000008000052c (0x0000006f) 
0 3 000000008000052c (0x0000006f) 
0 3 000000008000052c (0x0000006f) 
0 3 000000008000052c (0x0000006f) 
0 3 000000008000052c (0x0000006f) 
0 3 000000008000052c (0x0000006f) 
0 3 000000008000052c (0x0000006f) 
0 3 000000008000052c (0x0000006f) 
0 3 000000008000052c (0x0000006f) 
0 3 000000008000052c (0x0000006f) 
0 3 000000008000052c (0x0000006f) 
0 3 000000008000052c (0x0000006f) 
0 3 000000008000052c (0x0000006f) 
0 3 000000008000052c (0x0000006f) 
0 3 000000008000052c (0x0000006f) 
0 3 000000008000052c (0x0000006f) 
0 3 000000008000052c (0x0000006f) 
0 3 000000008000052c (0x0000006f) 
0 3 000000008000052c (0x0000006f) 
0 3 000000008000052c (0x0000006f) 
0 3 000000008000052c (0x0000006f) 
0 3 000000008000052c (0x0000006f) 
0 3 000000008000052c (0x0000006f) 
0 3 000000008000052c (0x0000006f) 
0 3 000000008000052c (0x0000006f) 
0 3 000000008000052c (0x0000006f) 
0 3 000000008000052c (0x0000006f) 
0 3 000000008000052c (0x0000006f) 
0 3 000000008000052c (0x0000006f) 
0 3 000000008000052c (0x0000006f) 
0 3 000000008000052c (0x0000006f) 
0 3 000000008000052c (0x0000006f) 
0 3 000000008000052c (0x0000006f) 
0 3 000000008000052c (0x0000006f) 
0 3 000000008000052c (0x0000006f) 
0 3 000000008000052c (0x0000006f) 
0 3 000000008000052c (0x0000006f) 
0 3 000000008000052c (0x0000006f) 
0 3 000000008000052c (0x0000006f) 
0 3 000000008000052c (0x0000006f) 
0 3 000000008000052c (0x0000006f) 
0 3 000000008000052c (0x0000006f) 
0 3 000000008000052c (0x0000006f) 
0 3 000000008000052c (0x0000006f) 
0 3 000000008000052c (0x0000006f) 
0 3 000000008000052c (0x0000006f) 
0 3 000000008000052c (0x0000006f) 
0 3 000000008000052c (0x0000006f) 
0 3 000000008000052c (0x0000006f) 
0 3 000000008000052c (0x0000006f) 
0 3 000000008000052c (0x0000006f) 
0 3 000000008000052c (0x0000006f) 
0 3 000000008000052c (0x0000006f) 
0 3 000000008000052c (0x0000006f) 
0 3 000000008000052c (0x0000006f) 
0 3 000000008000052c (0x0000006f) 
0 3 000000008000052c (0x0000006f) 
0 3 000000008000052c (0x0000006f) 
0 3 000000008000052c (0x0000006f) 
0 3 000000008000052c (0x0000006f) 
0 3 000000008000052c (0x0000006f) 
0 3 000000008000052c (0x0000006f) 
0 3 000000008000052c (0x0000006f) 
0 3 000000008000052c (0x0000006f) 
0 3 000000008000052c (0x0000006f) 
0 3 000000008000052c (0x0000006f) 
0 3 000000008000052c (0x0000006f) 
0 3 000000008000052c (0x0000006f) 
0 3 000000008000052c (0x0000006f) 
0 3 000000008000052c (0x0000006f) 
0 3 000000008000052c (0x0000006f) 
0 3 000000008000052c (0x0000006f) 
0 3 000000008000052c (0x0000006f) 
0 3 000000008000052c (0x0000006f) 
0 3 000000008000052c (0x0000006f) 
0 3 000000008000052c (0x0000006f) 
0 3 000000008000052c (0x0000006f) 
0 3 000000008000052c (0x0000006f) 
0 3 000000008000052c (0x0000006f) 
0 3 000000008000052c (0x0000006f) 
0 3 000000008000052c (0x0000006f) 
0 3 000000008000052c (0x0000006f) 
0 3 000000008000052c (0x0000006f) 
0 3 000000008000052c (0x0000006f) 
0 3 000000008000052c (0x0000006f) 
0 3 000000008000052c (0x0000006f) 
0 3 000000008000052c (0x0000006f) 
0 3 000000008000052c (0x0000006f) 
0 3 000000008000052c (0x0000006f) 
0 3 000000008000052c (0x0000006f) 
0 3 000000008000052c (0x0000006f) 
0 3 000000008000052c (0x0000006f) 
0 3 000000008000052c (0x0000006f) 
0 3 000000008000052c (0x0000006f) 
0 3 000000008000052c (0x0000006f) 
0 3 000000008000052c (0x0000006f) 
0 3 000000008000052c (0x0000006f) 
0 3 000000008000052c (0x0000006f) 
0 3 000000008000052c (0x0000006f) 
0 3 000000008000052c (0x0000006f) 
0 3 000000008000052c (0x0000006f) 
0 3 000000008000052c (0x0000006f) 
0 3 000000008000052c (0x0000006f) 
0 3 000000008000052c (0x0000006f) 
0 3 000000008000052c (0x0000006f) 
0 3 000000008000052c (0x0000006f) 
0 3 000000008000052c (0x0000006f) 
0 3 000000008000052c (0x0000006f) 
0 3 000000008000052c (0x0000006f) 
0 3 000000008000052c (0x0000006f) 
0 3 000000008000052c (0x0000006f) 
0 3 000000008000052c (0x0000006f) 
0 3 000000008000052c (0x0000006f) 
0 3 000000008000052c (0x0000006f) 
0 3 000000008000052c (0x0000006f) 
0 3 000000008000052c (0x0000006f) 
0 3 000000008000052c (0x0000006f) 
0 3 000000008000052c (0x0000006f) 
0 3 000000008000052c (0x0000006f) 
0 3 000000008000052c (0x0000006f) 
0 3 000000008000052c (0x0000006f) 
0 3 000000008000052c (0x0000006f) 
0 3 000000008000052c (0x0000006f) 
0 3 000000008000052c (0x0000006f) 
0 3 000000008000052c (0x0000006f) 
0 3 000000008000052c (0x0000006f) 
0 3 000000008000052c (0x0000006f) 
0 3 000000008000052c (0x0000006f) 
0 3 000000008000052c (0x0000006f) 
0 3 000000008000052c (0x0000006f) 
0 3 000000008000052c (0x0000006f) 
0 3 000000008000052c (0x0000006f) 
0 3 000000008000052c (0x0000006f) 
0 3 000000008000052c (0x0000006f) 
0 3 000000008000052c (0x0000006f) 
0 3 000000008000052c (0x0000006f) 
0 3 000000008000052c (0x0000006f) 
0 3 000000008000052c (0x0000006f) 
0 3 000000008000052c (0x0000006f) 
0 3 000000008000052c (0x0000006f) 
0 3 000000008000052c (0x0000006f) 
0 3 000000008000052c (0x0000006f) 
0 3 000000008000052c (0x0000006f) 
0 3 000000008000052c (0x0000006f) 
0 3 000000008000052c (0x0000006f) 
0 3 000000008000052c (0x0000006f) 
0 3 000000008000052c (0x0000006f) 
0 3 000000008000052c (0x0000006f) 
0 3 000000008000052c (0x0000006f) 
0 3 000000008000052c (0x0000006f) 
0 3 000000008000052c (0x0000006f) 
0 3 000000008000052c (0x0000006f) 
0 3 000000008000052c (0x0000006f) 
0 3 000000008000052c (0x0000006f) 
0 3 000000008000052c (0x0000006f) 
0 3 000000008000052c (0x0000006f) 
0 3 000000008000052c (0x0000006f) 
0 3 000000008000052c (0x0000006f) 
0 3 000000008000052c (0x0000006f) 
0 3 000000008000052c (0x0000006f) 
0 3 000000008000052c (0x0000006f) 
0 3 000000008000052c (0x0000006f) 
0 3 000000008000052c (0x0000006f) 
0 3 000000008000052c (0x0000006f) 
0 3 000000008000052c (0x0000006f) 
0 3 000000008000052c (0x0000006f) 
0 3 000000008000052c (0x0000006f) 
0 3 000000008000052c (0x0000006f) 
0 3 000000008000052c (0x0000006f) 
0 3 000000008000052c (0x0000006f) 
0 3 000000008000052c (0x0000006f) 
0 3 000000008000052c (0x0000006f) 
0 3 000000008000052c (0x0000006f) 
0 3 000000008000052c (0x0000006f) 
0 3 000000008000052c (0x0000006f) 
0 3 000000008000052c (0x0000006f) 
0 3 000000008000052c (0x0000006f) 
0 3 000000008000052c (0x0000006f) 
0 3 000000008000052c (0x0000006f) 
0 3 000000008000052c (0x0000006f) 
0 3 000000008000052c (0x0000006f) 
0 3 000000008000052c (0x0000006f) 
0 3 000000008000052c (0x0000006f) 
0 3 000000008000052c (0x0000006f) 
0 3 000000008000052c (0x0000006f) 
0 3 000000008000052c (0x0000006f) 
0 3 000000008000052c (0x0000006f) 
0 3 000000008000052c (0x0000006f) 
0 3 000000008000052c (0x0000006f) 
0 3 000000008000052c (0x0000006f) 
0 3 000000008000052c (0x0000006f) 
0 3 000000008000052c (0x0000006f) 
0 3 000000008000052c (0x0000006f) 
0 3 000000008000052c (0x0000006f) 
0 3 000000008000052c (0x0000006f) 
0 3 000000008000052c (0x0000006f) 
0 3 000000008000052c (0x0000006f) 
0 3 000000008000052c (0x0000006f) 
0 3 000000008000052c (0x0000006f) 
0 3 000000008000052c (0x0000006f) 
0 3 000000008000052c (0x0000006f) 
0 3 000000008000052c (0x0000006f) 
0 3 000000008000052c (0x0000006f) 
0 3 000000008000052c (0x0000006f) 
0 3 000000008000052c (0x0000006f) 
0 3 000000008000052c (0x0000006f) 
0 3 000000008000052c (0x0000006f) 
0 3 000000008000052c (0x0000006f) 
0 3 000000008000052c (0x0000006f) 
0 3 000000008000052c (0x0000006f) 
0 3 000000008000052c (0x0000006f) 
0 3 000000008000052c (0x0000006f) 
0 3 000000008000052c (0x0000006f) 
0 3 000000008000052c (0x0000006f) 
0 3 000000008000052c (0x0000006f) 
0 3 000000008000052c (0x0000006f) 
0 3 000000008000052c (0x0000006f) 
0 3 000000008000052c (0x0000006f) 
0 3 000000008000052c (0x0000006f) 
0 3 000000008000052c (0x0000006f) 
0 3 000000008000052c (0x0000006f) 
0 3 000000008000052c (0x0000006f) 
0 3 000000008000052c (0x0000006f) 
0 3 000000008000052c (0x0000006f) 
0 3 000000008000052c (0x0000006f) 
0 3 000000008000052c (0x0000006f) 
0 3 000000008000052c (0x0000006f) 
0 3 000000008000052c (0x0000006f) 
0 3 000000008000052c (0x0000006f) 
0 3 000000008000052c (0x0000006f) 
0 3 000000008000052c (0x0000006f) 
0 3 000000008000052c (0x0000006f) 
0 3 000000008000052c (0x0000006f) 
0 3 000000008000052c (0x0000006f) 
0 3 000000008000052c (0x0000006f) 
0 3 000000008000052c (0x0000006f) 
0 3 000000008000052c (0x0000006f) 
0 3 000000008000052c (0x0000006f) 
0 3 000000008000052c (0x0000006f) 
0 3 000000008000052c (0x0000006f) 
0 3 000000008000052c (0x0000006f) 
0 3 000000008000052c (0x0000006f) 
0 3 000000008000052c (0x0000006f) 
0 3 000000008000052c (0x0000006f) 
0 3 000000008000052c (0x0000006f) 
0 3 000000008000052c (0x0000006f) 
0 3 000000008000052c (0x0000006f) 
0 3 000000008000052c (0x0000006f) 
0 3 000000008000052c (0x0000006f) 
0 3 000000008000052c (0x0000006f) 
0 3 000000008000052c (0x0000006f) 
0 3 000000008000052c (0x0000006f) 
0 3 000000008000052c (0x0000006f) 
0 3 000000008000052c (0x0000006f) 
0 3 000000008000052c (0x0000006f) 
0 3 000000008000052c (0x0000006f) 
0 3 000000008000052c (0x0000006f) 
0 3 000000008000052c (0x0000006f) 
0 3 000000008000052c (0x0000006f) 
0 3 000000008000052c (0x0000006f) 
0 3 000000008000052c (0x0000006f) 
0 3 000000008000052c (0x0000006f) 
0 3 000000008000052c (0x0000006f) 
0 3 000000008000052c (0x0000006f) 
0 3 000000008000052c (0x0000006f) 
0 3 000000008000052c (0x0000006f) 
0 3 000000008000052c (0x0000006f) 
0 3 000000008000052c (0x0000006f) 
0 3 000000008000052c (0x0000006f) 
0 3 000000008000052c (0x0000006f) 
0 3 000000008000052c (0x0000006f) 
0 3 000000008000052c (0x0000006f) 
0 3 000000008000052c (0x0000006f) 
0 3 000000008000052c (0x0000006f) 
0 3 000000008000052c (0x0000006f) 
0 3 000000008000052c (0x0000006f) 
0 3 000000008000052c (0x0000006f) 
0 3 000000008000052c (0x0000006f) 
0 3 000000008000052c (0x0000006f) 
0 3 000000008000052c (0x0000006f) 
0 3 000000008000052c (0x0000006f) 
0 3 000000008000052c (0x0000006f) 
0 3 000000008000052c (0x0000006f) 
0 3 000000008000052c (0x0000006f) 
0 3 000000008000052c (0x0000006f) 
0 3 000000008000052c (0x0000006f) 
0 3 000000008000052c (0x0000006f) 
0 3 000000008000052c (0x0000006f) 
0 3 000000008000052c (0x0000006f) 
0 3 000000008000052c (0x0000006f) 
0 3 000000008000052c (0x0000006f) 
0 3 000000008000052c (0x0000006f) 
0 3 000000008000052c (0x0000006f) 
0 3 000000008000052c (0x0000006f) 
0 3 000000008000052c (0x0000006f) 
0 3 000000008000052c (0x0000006f) 
0 3 000000008000052c (0x0000006f) 
0 3 000000008000052c (0x0000006f) 
0 3 000000008000052c (0x0000006f) 
0 3 000000008000052c (0x0000006f) 
0 3 000000008000052c (0x0000006f) 
0 3 000000008000052c (0x0000006f) 
0 3 000000008000052c (0x0000006f) 
0 3 000000008000052c (0x0000006f) 
0 3 000000008000052c (0x0000006f) 
0 3 000000008000052c (0x0000006f) 
0 3 000000008000052c (0x0000006f) 
0 3 000000008000052c (0x0000006f) 
0 3 000000008000052c (0x0000006f) 
0 3 000000008000052c (0x0000006f) 
0 3 000000008000052c (0x0000006f) 
0 3 000000008000052c (0x0000006f) 
0 3 000000008000052c (0x0000006f) 
0 3 000000008000052c (0x0000006f) 
0 3 000000008000052c (0x0000006f) 
0 3 000000008000052c (0x0000006f) 
0 3 000000008000052c (0x0000006f) 
0 3 000000008000052c (0x0000006f) 
0 3 000000008000052c (0x0000006f) 
0 3 000000008000052c (0x0000006f) 
0 3 000000008000052c (0x0000006f) 
0 3 000000008000052c (0x0000006f) 
0 3 000000008000052c (0x0000006f) 
0 3 000000008000052c (0x0000006f) 
0 3 000000008000052c (0x0000006f) 
0 3 000000008000052c (0x0000006f) 
0 3 000000008000052c (0x0000006f) 
0 3 000000008000052c (0x0000006f) 
0 3 000000008000052c (0x0000006f) 
0 3 000000008000052c (0x0000006f) 
0 3 000000008000052c (0x0000006f) 
0 3 000000008000052c (0x0000006f) 
0 3 000000008000052c (0x0000006f) 
0 3 000000008000052c (0x0000006f) 
0 3 000000008000052c (0x0000006f) 
0 3 000000008000052c (0x0000006f) 
0 3 000000008000052c (0x0000006f) 
0 3 000000008000052c (0x0000006f) 
0 3 000000008000052c (0x0000006f) 
0 3 000000008000052c (0x0000006f) 
0 3 000000008000052c (0x0000006f) 
0 3 000000008000052c (0x0000006f) 
0 3 000000008000052c (0x0000006f) 
0 3 000000008000052c (0x0000006f) 
0 3 000000008000052c (0x0000006f) 
0 3 000000008000052c (0x0000006f) 
0 3 000000008000052c (0x0000006f) 
0 3 000000008000052c (0x0000006f) 
0 3 000000008000052c (0x0000006f) 
0 3 000000008000052c (0x0000006f) 
0 3 000000008000052c (0x0000006f) 
0 3 000000008000052c (0x0000006f) 
0 3 000000008000052c (0x0000006f) 
0 3 000000008000052c (0x0000006f) 
0 3 000000008000052c (0x0000006f) 
0 3 000000008000052c (0x0000006f) 
0 3 000000008000052c (0x0000006f) 
0 3 000000008000052c (0x0000006f) 
0 3 000000008000052c (0x0000006f) 
0 3 000000008000052c (0x0000006f) 
0 3 000000008000052c (0x0000006f) 
0 3 000000008000052c (0x0000006f) 
0 3 000000008000052c (0x0000006f) 
0 3 000000008000052c (0x0000006f) 
0 3 000000008000052c (0x0000006f) 
0 3 000000008000052c (0x0000006f) 
0 3 000000008000052c (0x0000006f) 
0 3 000000008000052c (0x0000006f) 
0 3 000000008000052c (0x0000006f) 
0 3 000000008000052c (0x0000006f) 
0 3 000000008000052c (0x0000006f) 
0 3 000000008000052c (0x0000006f) 
0 3 000000008000052c (0x0000006f) 
0 3 000000008000052c (0x0000006f) 
0 3 000000008000052c (0x0000006f) 
0 3 000000008000052c (0x0000006f) 
0 3 000000008000052c (0x0000006f) 
0 3 000000008000052c (0x0000006f) 
0 3 000000008000052c (0x0000006f) 
0 3 000000008000052c (0x0000006f) 
0 3 000000008000052c (0x0000006f) 
0 3 000000008000052c (0x0000006f) 
0 3 000000008000052c (0x0000006f) 
0 3 000000008000052c (0x0000006f) 
0 3 000000008000052c (0x0000006f) 
0 3 000000008000052c (0x0000006f) 
0 3 000000008000052c (0x0000006f) 
0 3 000000008000052c (0x0000006f) 
0 3 000000008000052c (0x0000006f) 
0 3 000000008000052c (0x0000006f) 
0 3 000000008000052c (0x0000006f) 
0 3 000000008000052c (0x0000006f) 
0 3 000000008000052c (0x0000006f) 
0 3 000000008000052c (0x0000006f) 
0 3 000000008000052c (0x0000006f) 
0 3 000000008000052c (0x0000006f) 
0 3 000000008000052c (0x0000006f) 
0 3 000000008000052c (0x0000006f) 
0 3 000000008000052c (0x0000006f) 
0 3 000000008000052c (0x0000006f) 
0 3 000000008000052c (0x0000006f) 
0 3 000000008000052c (0x0000006f) 
0 3 000000008000052c (0x0000006f) 
0 3 000000008000052c (0x0000006f) 
0 3 000000008000052c (0x0000006f) 
0 3 000000008000052c (0x0000006f) 
0 3 000000008000052c (0x0000006f) 
0 3 000000008000052c (0x0000006f) 
0 3 000000008000052c (0x0000006f) 
0 3 000000008000052c (0x0000006f) 
0 3 000000008000052c (0x0000006f) 
0 3 000000008000052c (0x0000006f) 
0 3 000000008000052c (0x0000006f) 
0 3 000000008000052c (0x0000006f) 
0 3 000000008000052c (0x0000006f) 
0 3 000000008000052c (0x0000006f) 
0 3 000000008000052c (0x0000006f) 
0 3 000000008000052c (0x0000006f) 
0 3 000000008000052c (0x0000006f) 
0 3 000000008000052c (0x0000006f) 
0 3 000000008000052c (0x0000006f) 
0 3 000000008000052c (0x0000006f) 
0 3 000000008000052c (0x0000006f) 
0 3 000000008000052c (0x0000006f) 
0 3 000000008000052c (0x0000006f) 
0 3 000000008000052c (0x0000006f) 
0 3 000000008000052c (0x0000006f) 
0 3 000000008000052c (0x0000006f) 
0 3 000000008000052c (0x0000006f) 
0 3 000000008000052c (0x0000006f) 
0 3 000000008000052c (0x0000006f) 
0 3 000000008000052c (0x0000006f) 
0 3 000000008000052c (0x0000006f) 
0 3 000000008000052c (0x0000006f) 
0 3 000000008000052c (0x0000006f) 
0 3 000000008000052c (0x0000006f) 
0 3 000000008000052c (0x0000006f) 
0 3 000000008000052c (0x0000006f) 
0 3 000000008000052c (0x0000006f) 
0 3 000000008000052c (0x0000006f) 
0 3 000000008000052c (0x0000006f) 
0 3 000000008000052c (0x0000006f) 
0 3 000000008000052c (0x0000006f) 
0 3 000000008000052c (0x0000006f) 
0 3 000000008000052c (0x0000006f) 
0 3 000000008000052c (0x0000006f) 
0 3 000000008000052c (0x0000006f) 
0 3 000000008000052c (0x0000006f) 
0 3 000000008000052c (0x0000006f) 
0 3 000000008000052c (0x0000006f) 
0 3 000000008000052c (0x0000006f) 
0 3 000000008000052c (0x0000006f) 
0 3 000000008000052c (0x0000006f) 
0 3 000000008000052c (0x0000006f) 
0 3 000000008000052c (0x0000006f) 
0 3 000000008000052c (0x0000006f) 
0 3 000000008000052c (0x0000006f) 
0 3 000000008000052c (0x0000006f) 
0 3 000000008000052c (0x0000006f) 
0 3 000000008000052c (0x0000006f) 
0 3 000000008000052c (0x0000006f) 
0 3 000000008000052c (0x0000006f) 
0 3 000000008000052c (0x0000006f) 
0 3 000000008000052c (0x0000006f) 
0 3 000000008000052c (0x0000006f) 
0 3 000000008000052c (0x0000006f) 
0 3 000000008000052c (0x0000006f) 
0 3 000000008000052c (0x0000006f) 
0 3 000000008000052c (0x0000006f) 
0 3 000000008000052c (0x0000006f) 
0 3 000000008000052c (0x0000006f) 
0 3 000000008000052c (0x0000006f) 
0 3 000000008000052c (0x0000006f) 
0 3 000000008000052c (0x0000006f) 
0 3 000000008000052c (0x0000006f) 
0 3 000000008000052c (0x0000006f) 
0 3 000000008000052c (0x0000006f) 
0 3 000000008000052c (0x0000006f) 
0 3 000000008000052c (0x0000006f) 
0 3 000000008000052c (0x0000006f) 
0 3 000000008000052c (0x0000006f) 
0 3 000000008000052c (0x0000006f) 
0 3 000000008000052c (0x0000006f) 
0 3 000000008000052c (0x0000006f) 
0 3 000000008000052c (0x0000006f) 
0 3 000000008000052c (0x0000006f) 
0 3 000000008000052c (0x0000006f) 
0 3 000000008000052c (0x0000006f) 
0 3 000000008000052c (0x0000006f) 
0 3 000000008000052c (0x0000006f) 
0 3 000000008000052c (0x0000006f) 
0 3 000000008000052c (0x0000006f) 
0 3 000000008000052c (0x0000006f) 
0 3 000000008000052c (0x0000006f) 
0 3 000000008000052c (0x0000006f) 
0 3 000000008000052c (0x0000006f) 
0 3 000000008000052c (0x0000006f) 
0 3 000000008000052c (0x0000006f) 
0 3 000000008000052c (0x0000006f) 
0 3 000000008000052c (0x0000006f) 
0 3 000000008000052c (0x0000006f) 
0 3 000000008000052c (0x0000006f) 
0 3 000000008000052c (0x0000006f) 
0 3 000000008000052c (0x0000006f) 
0 3 000000008000052c (0x0000006f) 
0 3 000000008000052c (0x0000006f) 
0 3 000000008000052c (0x0000006f) 
0 3 000000008000052c (0x0000006f) 
0 3 000000008000052c (0x0000006f) 
0 3 000000008000052c (0x0000006f) 
0 3 000000008000052c (0x0000006f) 
0 3 000000008000052c (0x0000006f) 
0 3 000000008000052c (0x0000006f) 
0 3 000000008000052c (0x0000006f) 
0 3 000000008000052c (0x0000006f) 
0 3 000000008000052c (0x0000006f) 
0 3 000000008000052c (0x0000006f) 
0 3 000000008000052c (0x0000006f) 
0 3 000000008000052c (0x0000006f) 
0 3 000000008000052c (0x0000006f) 
0 3 000000008000052c (0x0000006f) 
0 3 000000008000052c (0x0000006f) 
0 3 000000008000052c (0x0000006f) 
0 3 000000008000052c (0x0000006f) 
0 3 000000008000052c (0x0000006f) 
0 3 000000008000052c (0x0000006f) 
0 3 000000008000052c (0x0000006f) 
0 3 000000008000052c (0x0000006f) 
0 3 000000008000052c (0x0000006f) 
0 3 000000008000052c (0x0000006f) 
0 3 000000008000052c (0x0000006f) 
0 3 000000008000052c (0x0000006f) 
0 3 000000008000052c (0x0000006f) 
0 3 000000008000052c (0x0000006f) 
0 3 000000008000052c (0x0000006f) 
0 3 000000008000052c (0x0000006f) 
0 3 000000008000052c (0x0000006f) 
0 3 000000008000052c (0x0000006f) 
0 3 000000008000052c (0x0000006f) 
0 3 000000008000052c (0x0000006f) 
0 3 000000008000052c (0x0000006f) 
0 3 000000008000052c (0x0000006f) 
0 3 000000008000052c (0x0000006f) 
0 3 000000008000052c (0x0000006f) 
0 3 000000008000052c (0x0000006f) 
0 3 000000008000052c (0x0000006f) 
0 3 000000008000052c (0x0000006f) 
0 3 000000008000052c (0x0000006f) 
0 3 000000008000052c (0x0000006f) 
0 3 000000008000052c (0x0000006f) 
0 3 000000008000052c (0x0000006f) 
0 3 000000008000052c (0x0000006f) 
0 3 000000008000052c (0x0000006f) 
0 3 000000008000052c (0x0000006f) 
0 3 000000008000052c (0x0000006f) 
0 3 000000008000052c (0x0000006f) 
0 3 000000008000052c (0x0000006f) 
0 3 000000008000052c (0x0000006f) 
0 3 000000008000052c (0x0000006f) 
0 3 000000008000052c (0x0000006f) 
0 3 000000008000052c (0x0000006f) 
0 3 000000008000052c (0x0000006f) 
0 3 000000008000052c (0x0000006f) 
0 3 000000008000052c (0x0000006f) 
0 3 000000008000052c (0x0000006f) 
0 3 000000008000052c (0x0000006f) 
0 3 000000008000052c (0x0000006f) 
0 3 000000008000052c (0x0000006f) 
0 3 000000008000052c (0x0000006f) 
0 3 000000008000052c (0x0000006f) 
0 3 000000008000052c (0x0000006f) 
0 3 000000008000052c (0x0000006f) 
0 3 000000008000052c (0x0000006f) 
0 3 000000008000052c (0x0000006f) 
0 3 000000008000052c (0x0000006f) 
0 3 000000008000052c (0x0000006f) 
0 3 000000008000052c (0x0000006f) 
0 3 000000008000052c (0x0000006f) 
0 3 000000008000052c (0x0000006f) 
0 3 000000008000052c (0x0000006f) 
0 3 000000008000052c (0x0000006f) 
0 3 000000008000052c (0x0000006f) 
0 3 000000008000052c (0x0000006f) 
0 3 000000008000052c (0x0000006f) 
0 3 000000008000052c (0x0000006f) 
0 3 000000008000052c (0x0000006f) 
0 3 000000008000052c (0x0000006f) 
0 3 000000008000052c (0x0000006f) 
0 3 000000008000052c (0x0000006f) 
0 3 000000008000052c (0x0000006f) 
0 3 000000008000052c (0x0000006f) 
0 3 000000008000052c (0x0000006f) 
0 3 000000008000052c (0x0000006f) 
0 3 000000008000052c (0x0000006f) 
0 3 000000008000052c (0x0000006f) 
0 3 000000008000052c (0x0000006f) 
0 3 000000008000052c (0x0000006f) 
0 3 000000008000052c (0x0000006f) 
0 3 000000008000052c (0x0000006f) 
0 3 000000008000052c (0x0000006f) 
0 3 000000008000052c (0x0000006f) 
0 3 000000008000052c (0x0000006f) 
0 3 000000008000052c (0x0000006f) 
0 3 000000008000052c (0x0000006f) 
0 3 000000008000052c (0x0000006f) 
0 3 000000008000052c (0x0000006f) 
0 3 000000008000052c (0x0000006f) 
0 3 000000008000052c (0x0000006f) 
0 3 000000008000052c (0x0000006f) 
0 3 000000008000052c (0x0000006f) 
0 3 000000008000052c (0x0000006f) 
0 3 000000008000052c (0x0000006f) 
0 3 000000008000052c (0x0000006f) 
0 3 000000008000052c (0x0000006f) 
0 3 000000008000052c (0x0000006f) 
0 3 000000008000052c (0x0000006f) 
0 3 000000008000052c (0x0000006f) 
0 3 000000008000052c (0x0000006f) 
0 3 000000008000052c (0x0000006f) 
0 3 000000008000052c (0x0000006f) 
0 3 000000008000052c (0x0000006f) 
0 3 000000008000052c (0x0000006f) 
0 3 000000008000052c (0x0000006f) 
0 3 000000008000052c (0x0000006f) 
0 3 000000008000052c (0x0000006f) 
0 3 000000008000052c (0x0000006f) 
0 3 000000008000052c (0x0000006f) 
0 3 000000008000052c (0x0000006f) 
0 3 000000008000052c (0x0000006f) 
0 3 000000008000052c (0x0000006f) 
0 3 000000008000052c (0x0000006f) 
0 3 000000008000052c (0x0000006f) 
0 3 000000008000052c (0x0000006f) 
0 3 000000008000052c (0x0000006f) 
0 3 000000008000052c (0x0000006f) 
0 3 000000008000052c (0x0000006f) 
0 3 000000008000052c (0x0000006f) 
0 3 000000008000052c (0x0000006f) 
0 3 000000008000052c (0x0000006f) 
0 3 000000008000052c (0x0000006f) 
0 3 000000008000052c (0x0000006f) 
0 3 000000008000052c (0x0000006f) 
0 3 000000008000052c (0x0000006f) 
0 3 000000008000052c (0x0000006f) 
0 3 000000008000052c (0x0000006f) 
0 3 000000008000052c (0x0000006f) 
0 3 000000008000052c (0x0000006f) 
0 3 000000008000052c (0x0000006f) 
0 3 000000008000052c (0x0000006f) 
0 3 000000008000052c (0x0000006f) 
0 3 000000008000052c (0x0000006f) 
0 3 000000008000052c (0x0000006f) 
0 3 000000008000052c (0x0000006f) 
0 3 000000008000052c (0x0000006f) 
0 3 000000008000052c (0x0000006f) 
0 3 000000008000052c (0x0000006f) 
0 3 000000008000052c (0x0000006f) 
0 3 000000008000052c (0x0000006f) 
0 3 000000008000052c (0x0000006f) 
0 3 000000008000052c (0x0000006f) 
0 3 000000008000052c (0x0000006f) 
0 3 000000008000052c (0x0000006f) 
0 3 000000008000052c (0x0000006f) 
0 3 000000008000052c (0x0000006f) 
0 3 000000008000052c (0x0000006f) 
0 3 000000008000052c (0x0000006f) 
0 3 000000008000052c (0x0000006f) 
0 3 000000008000052c (0x0000006f) 
0 3 000000008000052c (0x0000006f) 
0 3 000000008000052c (0x0000006f) 
0 3 000000008000052c (0x0000006f) 
0 3 000000008000052c (0x0000006f) 
0 3 000000008000052c (0x0000006f) 
0 3 000000008000052c (0x0000006f) 
0 3 000000008000052c (0x0000006f) 
0 3 000000008000052c (0x0000006f) 
0 3 000000008000052c (0x0000006f) 
0 3 000000008000052c (0x0000006f) 
0 3 000000008000052c (0x0000006f) 
0 3 000000008000052c (0x0000006f) 
0 3 000000008000052c (0x0000006f) 
0 3 000000008000052c (0x0000006f) 
0 3 000000008000052c (0x0000006f) 
0 3 000000008000052c (0x0000006f) 
0 3 000000008000052c (0x0000006f) 
0 3 000000008000052c (0x0000006f) 
0 3 000000008000052c (0x0000006f) 
0 3 000000008000052c (0x0000006f) 
0 3 000000008000052c (0x0000006f) 
0 3 000000008000052c (0x0000006f) 
0 3 000000008000052c (0x0000006f) 
0 3 000000008000052c (0x0000006f) 
0 3 000000008000052c (0x0000006f) 
0 3 000000008000052c (0x0000006f) 
0 3 000000008000052c (0x0000006f) 
0 3 000000008000052c (0x0000006f) 
0 3 000000008000052c (0x0000006f) 
0 3 000000008000052c (0x0000006f) 
0 3 000000008000052c (0x0000006f) 
0 3 000000008000052c (0x0000006f) 
0 3 000000008000052c (0x0000006f) 
0 3 000000008000052c (0x0000006f) 
0 3 000000008000052c (0x0000006f) 
0 3 000000008000052c (0x0000006f) 
0 3 000000008000052c (0x0000006f) 
0 3 000000008000052c (0x0000006f) 
0 3 000000008000052c (0x0000006f) 
0 3 000000008000052c (0x0000006f) 
0 3 000000008000052c (0x0000006f) 
0 3 000000008000052c (0x0000006f) 
0 3 000000008000052c (0x0000006f) 
0 3 000000008000052c (0x0000006f) 
0 3 000000008000052c (0x0000006f) 
0 3 000000008000052c (0x0000006f) 
0 3 000000008000052c (0x0000006f) 
0 3 000000008000052c (0x0000006f) 
0 3 000000008000052c (0x0000006f) 
0 3 000000008000052c (0x0000006f) 
0 3 000000008000052c (0x0000006f) 
0 3 000000008000052c (0x0000006f) 
0 3 000000008000052c (0x0000006f) 
0 3 000000008000052c (0x0000006f) 
0 3 000000008000052c (0x0000006f) 
0 3 000000008000052c (0x0000006f) 
0 3 000000008000052c (0x0000006f) 
0 3 000000008000052c (0x0000006f) 
0 3 000000008000052c (0x0000006f) 
0 3 000000008000052c (0x0000006f) 
0 3 000000008000052c (0x0000006f) 
0 3 000000008000052c (0x0000006f) 
0 3 000000008000052c (0x0000006f) 
0 3 000000008000052c (0x0000006f) 
0 3 000000008000052c (0x0000006f) 
0 3 000000008000052c (0x0000006f) 
0 3 000000008000052c (0x0000006f) 
0 3 000000008000052c (0x0000006f) 
0 3 000000008000052c (0x0000006f) 
0 3 000000008000052c (0x0000006f) 
0 3 000000008000052c (0x0000006f) 
0 3 000000008000052c (0x0000006f) 
0 3 000000008000052c (0x0000006f) 
0 3 000000008000052c (0x0000006f) 
0 3 000000008000052c (0x0000006f) 
0 3 000000008000052c (0x0000006f) 
0 3 000000008000052c (0x0000006f) 
0 3 000000008000052c (0x0000006f) 
0 3 000000008000052c (0x0000006f) 
0 3 000000008000052c (0x0000006f) 
0 3 000000008000052c (0x0000006f) 
0 3 000000008000052c (0x0000006f) 
0 3 000000008000052c (0x0000006f) 
0 3 000000008000052c (0x0000006f) 
0 3 000000008000052c (0x0000006f) 
0 3 000000008000052c (0x0000006f) 
0 3 000000008000052c (0x0000006f) 
0 3 000000008000052c (0x0000006f) 
0 3 000000008000052c (0x0000006f) 
0 3 000000008000052c (0x0000006f) 
0 3 000000008000052c (0x0000006f) 
0 3 000000008000052c (0x0000006f) 
0 3 000000008000052c (0x0000006f) 
0 3 000000008000052c (0x0000006f) 
0 3 000000008000052c (0x0000006f) 
0 3 000000008000052c (0x0000006f) 
0 3 000000008000052c (0x0000006f) 
0 3 000000008000052c (0x0000006f) 
0 3 000000008000052c (0x0000006f) 
0 3 000000008000052c (0x0000006f) 
0 3 000000008000052c (0x0000006f) 
0 3 000000008000052c (0x0000006f) 
0 3 000000008000052c (0x0000006f) 
0 3 000000008000052c (0x0000006f) 
0 3 000000008000052c (0x0000006f) 
0 3 000000008000052c (0x0000006f) 
0 3 000000008000052c (0x0000006f) 
0 3 000000008000052c (0x0000006f) 
0 3 000000008000052c (0x0000006f) 
0 3 000000008000052c (0x0000006f) 
0 3 000000008000052c (0x0000006f) 
0 3 000000008000052c (0x0000006f) 
0 3 000000008000052c (0x0000006f) 
0 3 000000008000052c (0x0000006f) 
0 3 000000008000052c (0x0000006f) 
0 3 000000008000052c (0x0000006f) 
0 3 000000008000052c (0x0000006f) 
0 3 000000008000052c (0x0000006f) 
0 3 000000008000052c (0x0000006f) 
0 3 000000008000052c (0x0000006f) 
0 3 000000008000052c (0x0000006f) 
0 3 000000008000052c (0x0000006f) 
0 3 000000008000052c (0x0000006f) 
0 3 000000008000052c (0x0000006f) 
0 3 000000008000052c (0x0000006f) 
0 3 000000008000052c (0x0000006f) 
0 3 000000008000052c (0x0000006f) 
0 3 000000008000052c (0x0000006f) 
0 3 000000008000052c (0x0000006f) 
0 3 000000008000052c (0x0000006f) 
0 3 000000008000052c (0x0000006f) 
0 3 000000008000052c (0x0000006f) 
0 3 000000008000052c (0x0000006f) 
0 3 000000008000052c (0x0000006f) 
0 3 000000008000052c (0x0000006f) 
0 3 000000008000052c (0x0000006f) 
0 3 000000008000052c (0x0000006f) 
0 3 000000008000052c (0x0000006f) 
0 3 000000008000052c (0x0000006f) 
0 3 000000008000052c (0x0000006f) 
0 3 000000008000052c (0x0000006f) 
0 3 000000008000052c (0x0000006f) 
0 3 000000008000052c (0x0000006f) 
0 3 000000008000052c (0x0000006f) 
0 3 000000008000052c (0x0000006f) 
0 3 000000008000052c (0x0000006f) 
0 3 000000008000052c (0x0000006f) 
0 3 000000008000052c (0x0000006f) 
0 3 000000008000052c (0x0000006f) 
0 3 000000008000052c (0x0000006f) 
0 3 000000008000052c (0x0000006f) 
0 3 000000008000052c (0x0000006f) 
0 3 000000008000052c (0x0000006f) 
0 3 000000008000052c (0x0000006f) 
0 3 000000008000052c (0x0000006f) 
0 3 000000008000052c (0x0000006f) 
0 3 000000008000052c (0x0000006f) 
0 3 000000008000052c (0x0000006f) 
0 3 000000008000052c (0x0000006f) 
0 3 000000008000052c (0x0000006f) 
0 3 000000008000052c (0x0000006f) 
0 3 000000008000052c (0x0000006f) 
0 3 000000008000052c (0x0000006f) 
0 3 000000008000052c (0x0000006f) 
0 3 000000008000052c (0x0000006f) 
0 3 000000008000052c (0x0000006f) 
0 3 000000008000052c (0x0000006f) 
0 3 000000008000052c (0x0000006f) 
0 3 000000008000052c (0x0000006f) 
0 3 000000008000052c (0x0000006f) 
0 3 000000008000052c (0x0000006f) 
0 3 000000008000052c (0x0000006f) 
0 3 000000008000052c (0x0000006f) 
0 3 000000008000052c (0x0000006f) 
0 3 000000008000052c (0x0000006f) 
0 3 000000008000052c (0x0000006f) 
0 3 000000008000052c (0x0000006f) 
0 3 000000008000052c (0x0000006f) 
0 3 000000008000052c (0x0000006f) 
0 3 000000008000052c (0x0000006f) 
0 3 000000008000052c (0x0000006f) 
0 3 000000008000052c (0x0000006f) 
0 3 000000008000052c (0x0000006f) 
0 3 000000008000052c (0x0000006f) 
0 3 000000008000052c (0x0000006f) 
0 3 000000008000052c (0x0000006f) 
0 3 000000008000052c (0x0000006f) 
0 3 000000008000052c (0x0000006f) 
0 3 000000008000052c (0x0000006f) 
0 3 000000008000052c (0x0000006f) 
0 3 000000008000052c (0x0000006f) 
0 3 000000008000052c (0x0000006f) 
0 3 000000008000052c (0x0000006f) 
0 3 000000008000052c (0x0000006f) 
0 3 000000008000052c (0x0000006f) 
0 3 000000008000052c (0x0000006f) 
0 3 000000008000052c (0x0000006f) 
0 3 000000008000052c (0x0000006f) 
0 3 000000008000052c (0x0000006f) 
0 3 000000008000052c (0x0000006f) 
0 3 000000008000052c (0x0000006f) 
0 3 000000008000052c (0x0000006f) 
0 3 000000008000052c (0x0000006f) 
0 3 000000008000052c (0x0000006f) 
0 3 000000008000052c (0x0000006f) 
0 3 000000008000052c (0x0000006f) 
0 3 000000008000052c (0x0000006f) 
0 3 000000008000052c (0x0000006f) 
0 3 000000008000052c (0x0000006f) 
0 3 000000008000052c (0x0000006f) 
0 3 000000008000052c (0x0000006f) 
0 3 000000008000052c (0x0000006f) 
0 3 000000008000052c (0x0000006f) 
0 3 000000008000052c (0x0000006f) 
0 3 000000008000052c (0x0000006f) 
0 3 000000008000052c (0x0000006f) 
0 3 000000008000052c (0x0000006f) 
0 3 000000008000052c (0x0000006f) 
0 3 000000008000052c (0x0000006f) 
0 3 000000008000052c (0x0000006f) 
0 3 000000008000052c (0x0000006f) 
0 3 000000008000052c (0x0000006f) 
0 3 000000008000052c (0x0000006f) 
0 3 000000008000052c (0x0000006f) 
0 3 000000008000052c (0x0000006f) 
0 3 000000008000052c (0x0000006f) 
0 3 000000008000052c (0x0000006f) 
0 3 000000008000052c (0x0000006f) 
0 3 000000008000052c (0x0000006f) 
0 3 000000008000052c (0x0000006f) 
0 3 000000008000052c (0x0000006f) 
0 3 000000008000052c (0x0000006f) 
0 3 000000008000052c (0x0000006f) 
0 3 000000008000052c (0x0000006f) 
0 3 000000008000052c (0x0000006f) 
0 3 000000008000052c (0x0000006f) 
0 3 000000008000052c (0x0000006f) 
0 3 000000008000052c (0x0000006f) 
0 3 000000008000052c (0x0000006f) 
0 3 000000008000052c (0x0000006f) 
0 3 000000008000052c (0x0000006f) 
0 3 000000008000052c (0x0000006f) 
0 3 000000008000052c (0x0000006f) 
0 3 000000008000052c (0x0000006f) 
0 3 000000008000052c (0x0000006f) 
0 3 000000008000052c (0x0000006f) 
0 3 000000008000052c (0x0000006f) 
0 3 000000008000052c (0x0000006f) 
0 3 000000008000052c (0x0000006f) 
0 3 000000008000052c (0x0000006f) 
0 3 000000008000052c (0x0000006f) 
0 3 000000008000052c (0x0000006f) 
0 3 000000008000052c (0x0000006f) 
0 3 000000008000052c (0x0000006f) 
0 3 000000008000052c (0x0000006f) 
0 3 000000008000052c (0x0000006f) 
0 3 000000008000052c (0x0000006f) 
0 3 000000008000052c (0x0000006f) 
0 3 000000008000052c (0x0000006f) 
0 3 000000008000052c (0x0000006f) 
0 3 000000008000052c (0x0000006f) 
0 3 000000008000052c (0x0000006f) 
0 3 000000008000052c (0x0000006f) 
0 3 000000008000052c (0x0000006f) 
0 3 000000008000052c (0x0000006f) 
0 3 000000008000052c (0x0000006f) 
0 3 000000008000052c (0x0000006f) 
0 3 000000008000052c (0x0000006f) 
0 3 000000008000052c (0x0000006f) 
0 3 000000008000052c (0x0000006f) 
0 3 000000008000052c (0x0000006f) 
0 3 000000008000052c (0x0000006f) 
0 3 000000008000052c (0x0000006f) 
0 3 000000008000052c (0x0000006f) 
0 3 000000008000052c (0x0000006f) 
0 3 000000008000052c (0x0000006f) 
0 3 000000008000052c (0x0000006f) 
0 3 000000008000052c (0x0000006f) 
0 3 000000008000052c (0x0000006f) 
0 3 000000008000052c (0x0000006f) 
0 3 000000008000052c (0x0000006f) 
0 3 000000008000052c (0x0000006f) 
0 3 000000008000052c (0x0000006f) 
0 3 000000008000052c (0x0000006f) 
0 3 000000008000052c (0x0000006f) 
0 3 000000008000052c (0x0000006f) 
0 3 000000008000052c (0x0000006f) 
0 3 000000008000052c (0x0000006f) 
0 3 000000008000052c (0x0000006f) 
0 3 000000008000052c (0x0000006f) 
0 3 000000008000052c (0x0000006f) 
0 3 000000008000052c (0x0000006f) 
0 3 000000008000052c (0x0000006f) 
0 3 000000008000052c (0x0000006f) 
0 3 000000008000052c (0x0000006f) 
0 3 000000008000052c (0x0000006f) 
0 3 000000008000052c (0x0000006f) 
0 3 000000008000052c (0x0000006f) 
0 3 000000008000052c (0x0000006f) 
0 3 000000008000052c (0x0000006f) 
0 3 000000008000052c (0x0000006f) 
0 3 000000008000052c (0x0000006f) 
0 3 000000008000052c (0x0000006f) 
0 3 000000008000052c (0x0000006f) 
0 3 000000008000052c (0x0000006f) 
0 3 000000008000052c (0x0000006f) 
0 3 000000008000052c (0x0000006f) 
0 3 000000008000052c (0x0000006f) 
0 3 000000008000052c (0x0000006f) 
0 3 000000008000052c (0x0000006f) 
0 3 000000008000052c (0x0000006f) 
0 3 000000008000052c (0x0000006f) 
0 3 000000008000052c (0x0000006f) 
0 3 000000008000052c (0x0000006f) 
0 3 000000008000052c (0x0000006f) 
0 3 000000008000052c (0x0000006f) 
0 3 000000008000052c (0x0000006f) 
0 3 000000008000052c (0x0000006f) 
0 3 000000008000052c (0x0000006f) 
0 3 000000008000052c (0x0000006f) 
0 3 000000008000052c (0x0000006f) 
0 3 000000008000052c (0x0000006f) 
0 3 000000008000052c (0x0000006f) 
0 3 000000008000052c (0x0000006f) 
0 3 000000008000052c (0x0000006f) 
0 3 000000008000052c (0x0000006f) 
0 3 000000008000052c (0x0000006f) 
0 3 000000008000052c (0x0000006f) 
0 3 000000008000052c (0x0000006f) 
0 3 000000008000052c (0x0000006f) 
0 3 000000008000052c (0x0000006f) 
0 3 000000008000052c (0x0000006f) 
0 3 000000008000052c (0x0000006f) 
0 3 000000008000052c (0x0000006f) 
0 3 000000008000052c (0x0000006f) 
0 3 000000008000052c (0x0000006f) 
0 3 000000008000052c (0x0000006f) 
0 3 000000008000052c (0x0000006f) 
0 3 000000008000052c (0x0000006f) 
0 3 000000008000052c (0x0000006f) 
0 3 000000008000052c (0x0000006f) 
0 3 000000008000052c (0x0000006f) 
0 3 000000008000052c (0x0000006f) 
0 3 000000008000052c (0x0000006f) 
0 3 000000008000052c (0x0000006f) 
0 3 000000008000052c (0x0000006f) 
0 3 000000008000052c (0x0000006f) 
0 3 000000008000052c (0x0000006f) 
0 3 000000008000052c (0x0000006f) 
0 3 000000008000052c (0x0000006f) 
0 3 000000008000052c (0x0000006f) 
0 3 000000008000052c (0x0000006f) 
0 3 000000008000052c (0x0000006f) 
0 3 000000008000052c (0x0000006f) 
0 3 000000008000052c (0x0000006f) 
0 3 000000008000052c (0x0000006f) 
0 3 000000008000052c (0x0000006f) 
0 3 000000008000052c (0x0000006f) 
0 3 000000008000052c (0x0000006f) 
0 3 000000008000052c (0x0000006f) 
0 3 000000008000052c (0x0000006f) 
0 3 000000008000052c (0x0000006f) 
0 3 000000008000052c (0x0000006f) 
0 3 000000008000052c (0x0000006f) 
0 3 000000008000052c (0x0000006f) 
0 3 000000008000052c (0x0000006f) 
0 3 000000008000052c (0x0000006f) 
0 3 000000008000052c (0x0000006f) 
0 3 000000008000052c (0x0000006f) 
0 3 000000008000052c (0x0000006f) 
0 3 000000008000052c (0x0000006f) 
0 3 000000008000052c (0x0000006f) 
0 3 000000008000052c (0x0000006f) 
0 3 000000008000052c (0x0000006f) 
0 3 000000008000052c (0x0000006f) 
0 3 000000008000052c (0x0000006f) 
0 3 000000008000052c (0x0000006f) 
0 3 000000008000052c (0x0000006f) 
0 3 000000008000052c (0x0000006f) 
0 3 000000008000052c (0x0000006f) 
0 3 000000008000052c (0x0000006f) 
0 3 000000008000052c (0x0000006f) 
0 3 000000008000052c (0x0000006f) 
0 3 000000008000052c (0x0000006f) 
0 3 000000008000052c (0x0000006f) 
0 3 000000008000052c (0x0000006f) 
0 3 000000008000052c (0x0000006f) 
0 3 000000008000052c (0x0000006f) 
0 3 000000008000052c (0x0000006f) 
0 3 000000008000052c (0x0000006f) 
0 3 000000008000052c (0x0000006f) 
0 3 000000008000052c (0x0000006f) 
0 3 000000008000052c (0x0000006f) 
0 3 000000008000052c (0x0000006f) 
0 3 000000008000052c (0x0000006f) 
0 3 000000008000052c (0x0000006f) 
0 3 000000008000052c (0x0000006f) 
0 3 000000008000052c (0x0000006f) 
0 3 000000008000052c (0x0000006f) 
0 3 000000008000052c (0x0000006f) 
0 3 000000008000052c (0x0000006f) 
0 3 000000008000052c (0x0000006f) 
0 3 000000008000052c (0x0000006f) 
0 3 000000008000052c (0x0000006f) 
0 3 000000008000052c (0x0000006f) 
0 3 000000008000052c (0x0000006f) 
0 3 000000008000052c (0x0000006f) 
0 3 000000008000052c (0x0000006f) 
0 3 000000008000052c (0x0000006f) 
0 3 000000008000052c (0x0000006f) 
0 3 000000008000052c (0x0000006f) 
0 3 000000008000052c (0x0000006f) 
0 3 000000008000052c (0x0000006f) 
0 3 000000008000052c (0x0000006f) 
0 3 000000008000052c (0x0000006f) 
0 3 000000008000052c (0x0000006f) 
0 3 000000008000052c (0x0000006f) 
0 3 000000008000052c (0x0000006f) 
0 3 000000008000052c (0x0000006f) 
0 3 000000008000052c (0x0000006f) 
0 3 000000008000052c (0x0000006f) 
0 3 000000008000052c (0x0000006f) 
0 3 000000008000052c (0x0000006f) 
0 3 000000008000052c (0x0000006f) 
0 3 000000008000052c (0x0000006f) 
0 3 000000008000052c (0x0000006f) 
0 3 000000008000052c (0x0000006f) 
0 3 000000008000052c (0x0000006f) 
0 3 000000008000052c (0x0000006f) 
0 3 000000008000052c (0x0000006f) 
0 3 000000008000052c (0x0000006f) 
0 3 000000008000052c (0x0000006f) 
0 3 000000008000052c (0x0000006f) 
0 3 000000008000052c (0x0000006f) 
0 3 000000008000052c (0x0000006f) 
0 3 000000008000052c (0x0000006f) 
0 3 000000008000052c (0x0000006f) 
0 3 000000008000052c (0x0000006f) 
0 3 000000008000052c (0x0000006f) 
0 3 000000008000052c (0x0000006f) 
0 3 000000008000052c (0x0000006f) 
0 3 000000008000052c (0x0000006f) 
0 3 000000008000052c (0x0000006f) 
0 3 000000008000052c (0x0000006f) 
0 3 000000008000052c (0x0000006f) 
0 3 000000008000052c (0x0000006f) 
0 3 000000008000052c (0x0000006f) 
0 3 000000008000052c (0x0000006f) 
0 3 000000008000052c (0x0000006f) 
0 3 000000008000052c (0x0000006f) 
0 3 000000008000052c (0x0000006f) 
0 3 000000008000052c (0x0000006f) 
0 3 000000008000052c (0x0000006f) 
0 3 000000008000052c (0x0000006f) 
0 3 000000008000052c (0x0000006f) 
0 3 000000008000052c (0x0000006f) 
0 3 000000008000052c (0x0000006f) 
0 3 000000008000052c (0x0000006f) 
0 3 000000008000052c (0x0000006f) 
0 3 000000008000052c (0x0000006f) 
0 3 000000008000052c (0x0000006f) 
0 3 000000008000052c (0x0000006f) 
0 3 000000008000052c (0x0000006f) 
0 3 000000008000052c (0x0000006f) 
0 3 000000008000052c (0x0000006f) 
0 3 000000008000052c (0x0000006f) 
0 3 000000008000052c (0x0000006f) 
0 3 000000008000052c (0x0000006f) 
0 3 000000008000052c (0x0000006f) 
0 3 000000008000052c (0x0000006f) 
0 3 000000008000052c (0x0000006f) 
0 3 000000008000052c (0x0000006f) 
0 3 000000008000052c (0x0000006f) 
0 3 000000008000052c (0x0000006f) 
0 3 000000008000052c (0x0000006f) 
0 3 000000008000052c (0x0000006f) 
0 3 000000008000052c (0x0000006f) 
0 3 000000008000052c (0x0000006f) 
0 3 000000008000052c (0x0000006f) 
0 3 000000008000052c (0x0000006f) 
0 3 000000008000052c (0x0000006f) 
0 3 000000008000052c (0x0000006f) 
0 3 000000008000052c (0x0000006f) 
0 3 000000008000052c (0x0000006f) 
0 3 000000008000052c (0x0000006f) 
0 3 000000008000052c (0x0000006f) 
0 3 000000008000052c (0x0000006f) 
0 3 000000008000052c (0x0000006f) 
0 3 000000008000052c (0x0000006f) 
0 3 000000008000052c (0x0000006f) 
0 3 000000008000052c (0x0000006f) 
0 3 000000008000052c (0x0000006f) 
0 3 000000008000052c (0x0000006f) 
0 3 000000008000052c (0x0000006f) 
0 3 000000008000052c (0x0000006f) 
0 3 000000008000052c (0x0000006f) 
0 3 000000008000052c (0x0000006f) 
0 3 000000008000052c (0x0000006f) 
0 3 000000008000052c (0x0000006f) 
0 3 000000008000052c (0x0000006f) 
0 3 000000008000052c (0x0000006f) 
0 3 000000008000052c (0x0000006f) 
0 3 000000008000052c (0x0000006f) 
0 3 000000008000052c (0x0000006f) 
0 3 000000008000052c (0x0000006f) 
0 3 000000008000052c (0x0000006f) 
0 3 000000008000052c (0x0000006f) 
0 3 000000008000052c (0x0000006f) 
0 3 000000008000052c (0x0000006f) 
0 3 000000008000052c (0x0000006f) 
0 3 000000008000052c (0x0000006f) 
0 3 000000008000052c (0x0000006f) 
0 3 000000008000052c (0x0000006f) 
0 3 000000008000052c (0x0000006f) 
0 3 000000008000052c (0x0000006f) 
0 3 000000008000052c (0x0000006f) 
0 3 000000008000052c (0x0000006f) 
0 3 000000008000052c (0x0000006f) 
0 3 000000008000052c (0x0000006f) 
0 3 000000008000052c (0x0000006f) 
0 3 000000008000052c (0x0000006f) 
0 3 000000008000052c (0x0000006f) 
0 3 000000008000052c (0x0000006f) 
0 3 000000008000052c (0x0000006f) 
0 3 000000008000052c (0x0000006f) 
0 3 000000008000052c (0x0000006f) 
0 3 000000008000052c (0x0000006f) 
0 3 000000008000052c (0x0000006f) 
0 3 000000008000052c (0x0000006f) 
0 3 000000008000052c (0x0000006f) 
0 3 000000008000052c (0x0000006f) 
0 3 000000008000052c (0x0000006f) 
0 3 000000008000052c (0x0000006f) 
0 3 000000008000052c (0x0000006f) 
0 3 000000008000052c (0x0000006f) 
0 3 000000008000052c (0x0000006f) 
0 3 000000008000052c (0x0000006f) 
0 3 000000008000052c (0x0000006f) 
0 3 000000008000052c (0x0000006f) 
0 3 000000008000052c (0x0000006f) 
0 3 000000008000052c (0x0000006f) 
0 3 000000008000052c (0x0000006f) 
0 3 000000008000052c (0x0000006f) 
0 3 000000008000052c (0x0000006f) 
0 3 000000008000052c (0x0000006f) 
0 3 000000008000052c (0x0000006f) 
0 3 000000008000052c (0x0000006f) 
0 3 000000008000052c (0x0000006f) 
0 3 000000008000052c (0x0000006f) 
0 3 000000008000052c (0x0000006f) 
0 3 000000008000052c (0x0000006f) 
0 3 000000008000052c (0x0000006f) 
0 3 000000008000052c (0x0000006f) 
0 3 000000008000052c (0x0000006f) 
0 3 000000008000052c (0x0000006f) 
0 3 000000008000052c (0x0000006f) 
0 3 000000008000052c (0x0000006f) 
0 3 000000008000052c (0x0000006f) 
0 3 000000008000052c (0x0000006f) 
0 3 000000008000052c (0x0000006f) 
0 3 000000008000052c (0x0000006f) 
0 3 000000008000052c (0x0000006f) 
0 3 000000008000052c (0x0000006f) 
0 3 000000008000052c (0x0000006f) 
0 3 000000008000052c (0x0000006f) 
0 3 000000008000052c (0x0000006f) 
0 3 000000008000052c (0x0000006f) 
0 3 000000008000052c (0x0000006f) 
0 3 000000008000052c (0x0000006f) 
0 3 000000008000052c (0x0000006f) 
0 3 000000008000052c (0x0000006f) 
0 3 000000008000052c (0x0000006f) 
0 3 000000008000052c (0x0000006f) 
0 3 000000008000052c (0x0000006f) 
0 3 000000008000052c (0x0000006f) 
0 3 000000008000052c (0x0000006f) 
0 3 000000008000052c (0x0000006f) 
0 3 000000008000052c (0x0000006f) 
0 3 000000008000052c (0x0000006f) 
0 3 000000008000052c (0x0000006f) 
0 3 000000008000052c (0x0000006f) 
0 3 000000008000052c (0x0000006f) 
0 3 000000008000052c (0x0000006f) 
0 3 000000008000052c (0x0000006f) 
0 3 000000008000052c (0x0000006f) 
0 3 000000008000052c (0x0000006f) 
0 3 000000008000052c (0x0000006f) 
0 3 000000008000052c (0x0000006f) 
0 3 000000008000052c (0x0000006f) 
0 3 000000008000052c (0x0000006f) 
0 3 000000008000052c (0x0000006f) 
0 3 000000008000052c (0x0000006f) 
0 3 000000008000052c (0x0000006f) 
0 3 000000008000052c (0x0000006f) 
0 3 000000008000052c (0x0000006f) 
0 3 000000008000052c (0x0000006f) 
0 3 000000008000052c (0x0000006f) 
0 3 000000008000052c (0x0000006f) 
0 3 000000008000052c (0x0000006f) 
0 3 000000008000052c (0x0000006f) 
0 3 000000008000052c (0x0000006f) 
0 3 000000008000052c (0x0000006f) 
0 3 000000008000052c (0x0000006f) 
0 3 000000008000052c (0x0000006f) 
0 3 000000008000052c (0x0000006f) 
0 3 000000008000052c (0x0000006f) 
0 3 000000008000052c (0x0000006f) 
0 3 000000008000052c (0x0000006f) 
0 3 000000008000052c (0x0000006f) 
0 3 000000008000052c (0x0000006f) 
0 3 000000008000052c (0x0000006f) 
0 3 000000008000052c (0x0000006f) 
0 3 000000008000052c (0x0000006f) 
0 3 000000008000052c (0x0000006f) 
0 3 000000008000052c (0x0000006f) 
0 3 000000008000052c (0x0000006f) 
0 3 000000008000052c (0x0000006f) 
0 3 000000008000052c (0x0000006f) 
0 3 000000008000052c (0x0000006f) 
0 3 000000008000052c (0x0000006f) 
0 3 000000008000052c (0x0000006f) 
0 3 000000008000052c (0x0000006f) 
0 3 000000008000052c (0x0000006f) 
0 3 000000008000052c (0x0000006f) 
0 3 000000008000052c (0x0000006f) 
0 3 000000008000052c (0x0000006f) 
0 3 000000008000052c (0x0000006f) 
0 3 000000008000052c (0x0000006f) 
0 3 000000008000052c (0x0000006f) 
0 3 000000008000052c (0x0000006f) 
0 3 000000008000052c (0x0000006f) 
0 3 000000008000052c (0x0000006f) 
0 3 000000008000052c (0x0000006f) 
0 3 000000008000052c (0x0000006f) 
0 3 000000008000052c (0x0000006f) 
0 3 000000008000052c (0x0000006f) 
0 3 000000008000052c (0x0000006f) 
0 3 000000008000052c (0x0000006f) 
0 3 000000008000052c (0x0000006f) 
0 3 000000008000052c (0x0000006f) 
0 3 000000008000052c (0x0000006f) 
0 3 000000008000052c (0x0000006f) 
0 3 000000008000052c (0x0000006f) 
0 3 000000008000052c (0x0000006f) 
0 3 000000008000052c (0x0000006f) 
0 3 000000008000052c (0x0000006f) 
0 3 000000008000052c (0x0000006f) 
0 3 000000008000052c (0x0000006f) 
0 3 000000008000052c (0x0000006f) 
0 3 000000008000052c (0x0000006f) 
0 3 000000008000052c (0x0000006f) 
0 3 000000008000052c (0x0000006f) 
0 3 000000008000052c (0x0000006f) 
0 3 000000008000052c (0x0000006f) 
0 3 000000008000052c (0x0000006f) 
0 3 000000008000052c (0x0000006f) 
0 3 000000008000052c (0x0000006f) 
0 3 000000008000052c (0x0000006f) 
0 3 000000008000052c (0x0000006f) 
0 3 000000008000052c (0x0000006f) 
0 3 000000008000052c (0x0000006f) 
0 3 000000008000052c (0x0000006f) 
0 3 000000008000052c (0x0000006f) 
0 3 000000008000052c (0x0000006f) 
0 3 000000008000052c (0x0000006f) 
0 3 000000008000052c (0x0000006f) 
0 3 000000008000052c (0x0000006f) 
0 3 000000008000052c (0x0000006f) 
0 3 000000008000052c (0x0000006f) 
0 3 000000008000052c (0x0000006f) 
0 3 000000008000052c (0x0000006f) 
0 3 000000008000052c (0x0000006f) 
0 3 000000008000052c (0x0000006f) 
0 3 000000008000052c (0x0000006f) 
0 3 000000008000052c (0x0000006f) 
0 3 000000008000052c (0x0000006f) 
0 3 000000008000052c (0x0000006f) 
0 3 000000008000052c (0x0000006f) 
0 3 000000008000052c (0x0000006f) 
0 3 000000008000052c (0x0000006f) 
0 3 000000008000052c (0x0000006f) 
0 3 000000008000052c (0x0000006f) 
0 3 000000008000052c (0x0000006f) 
0 3 000000008000052c (0x0000006f) 
0 3 000000008000052c (0x0000006f) 
0 3 000000008000052c (0x0000006f) 
0 3 000000008000052c (0x0000006f) 
0 3 000000008000052c (0x0000006f) 
0 3 000000008000052c (0x0000006f) 
0 3 000000008000052c (0x0000006f) 
0 3 000000008000052c (0x0000006f) 
0 3 000000008000052c (0x0000006f) 
0 3 000000008000052c (0x0000006f) 
0 3 000000008000052c (0x0000006f) 
0 3 000000008000052c (0x0000006f) 
0 3 000000008000052c (0x0000006f) 
0 3 000000008000052c (0x0000006f) 
0 3 000000008000052c (0x0000006f) 
0 3 000000008000052c (0x0000006f) 
0 3 000000008000052c (0x0000006f) 
0 3 000000008000052c (0x0000006f) 
0 3 000000008000052c (0x0000006f) 
0 3 000000008000052c (0x0000006f) 
0 3 000000008000052c (0x0000006f) 
0 3 000000008000052c (0x0000006f) 
0 3 000000008000052c (0x0000006f) 
0 3 000000008000052c (0x0000006f) 
0 3 000000008000052c (0x0000006f) 
0 3 000000008000052c (0x0000006f) 
0 3 000000008000052c (0x0000006f) 
0 3 000000008000052c (0x0000006f) 
0 3 000000008000052c (0x0000006f) 
0 3 000000008000052c (0x0000006f) 
0 3 000000008000052c (0x0000006f) 
0 3 000000008000052c (0x0000006f) 
0 3 000000008000052c (0x0000006f) 
0 3 000000008000052c (0x0000006f) 
0 3 000000008000052c (0x0000006f) 
0 3 000000008000052c (0x0000006f) 
0 3 000000008000052c (0x0000006f) 
0 3 000000008000052c (0x0000006f) 
0 3 000000008000052c (0x0000006f) 
0 3 000000008000052c (0x0000006f) 
0 3 000000008000052c (0x0000006f) 
0 3 000000008000052c (0x0000006f) 
0 3 000000008000052c (0x0000006f) 
0 3 000000008000052c (0x0000006f) 
0 3 000000008000052c (0x0000006f) 
0 3 000000008000052c (0x0000006f) 
0 3 000000008000052c (0x0000006f) 
0 3 000000008000052c (0x0000006f) 
0 3 000000008000052c (0x0000006f) 
0 3 000000008000052c (0x0000006f) 
0 3 000000008000052c (0x0000006f) 
0 3 000000008000052c (0x0000006f) 
0 3 000000008000052c (0x0000006f) 
0 3 000000008000052c (0x0000006f) 
0 3 000000008000052c (0x0000006f) 
0 3 000000008000052c (0x0000006f) 
0 3 000000008000052c (0x0000006f) 
0 3 000000008000052c (0x0000006f) 
0 3 000000008000052c (0x0000006f) 
0 3 000000008000052c (0x0000006f) 
0 3 000000008000052c (0x0000006f) 
0 3 000000008000052c (0x0000006f) 
0 3 000000008000052c (0x0000006f) 
0 3 000000008000052c (0x0000006f) 
0 3 000000008000052c (0x0000006f) 
0 3 000000008000052c (0x0000006f) 
0 3 000000008000052c (0x0000006f) 
0 3 000000008000052c (0x0000006f) 
0 3 000000008000052c (0x0000006f) 
0 3 000000008000052c (0x0000006f) 
0 3 000000008000052c (0x0000006f) 
0 3 000000008000052c (0x0000006f) 
0 3 000000008000052c (0x0000006f) 
0 3 000000008000052c (0x0000006f) 
0 3 000000008000052c (0x0000006f) 
0 3 000000008000052c (0x0000006f) 
0 3 000000008000052c (0x0000006f) 
0 3 000000008000052c (0x0000006f) 
0 3 000000008000052c (0x0000006f) 
0 3 000000008000052c (0x0000006f) 
0 3 000000008000052c (0x0000006f) 
0 3 000000008000052c (0x0000006f) 
0 3 000000008000052c (0x0000006f) 
0 3 000000008000052c (0x0000006f) 
0 3 000000008000052c (0x0000006f) 
0 3 000000008000052c (0x0000006f) 
0 3 000000008000052c (0x0000006f) 
0 3 000000008000052c (0x0000006f) 
0 3 000000008000052c (0x0000006f) 
0 3 000000008000052c (0x0000006f) 
0 3 000000008000052c (0x0000006f) 
0 3 000000008000052c (0x0000006f) 
0 3 000000008000052c (0x0000006f) 
0 3 000000008000052c (0x0000006f) 
0 3 000000008000052c (0x0000006f) 
0 3 000000008000052c (0x0000006f) 
0 3 000000008000052c (0x0000006f) 
0 3 000000008000052c (0x0000006f) 
0 3 000000008000052c (0x0000006f) 
0 3 000000008000052c (0x0000006f) 
0 3 000000008000052c (0x0000006f) 
0 3 000000008000052c (0x0000006f) 
0 3 000000008000052c (0x0000006f) 
0 3 000000008000052c (0x0000006f) 
0 3 000000008000052c (0x0000006f) 
0 3 000000008000052c (0x0000006f) 
0 3 000000008000052c (0x0000006f) 
0 3 000000008000052c (0x0000006f) 
0 3 000000008000052c (0x0000006f) 
0 3 000000008000052c (0x0000006f) 
0 3 000000008000052c (0x0000006f) 
0 3 000000008000052c (0x0000006f) 
0 3 000000008000052c (0x0000006f) 
0 3 000000008000052c (0x0000006f) 
0 3 000000008000052c (0x0000006f) 
0 3 000000008000052c (0x0000006f) 
0 3 000000008000052c (0x0000006f) 
0 3 000000008000052c (0x0000006f) 
0 3 000000008000052c (0x0000006f) 
0 3 000000008000052c (0x0000006f) 
0 3 000000008000052c (0x0000006f) 
0 3 000000008000052c (0x0000006f) 
0 3 000000008000052c (0x0000006f) 
0 3 000000008000052c (0x0000006f) 
0 3 000000008000052c (0x0000006f) 
0 3 000000008000052c (0x0000006f) 
0 3 000000008000052c (0x0000006f) 
0 3 000000008000052c (0x0000006f) 
0 3 000000008000052c (0x0000006f) 
0 3 000000008000052c (0x0000006f) 
0 3 000000008000052c (0x0000006f) 
0 3 000000008000052c (0x0000006f) 
0 3 000000008000052c (0x0000006f) 
0 3 000000008000052c (0x0000006f) 
0 3 000000008000052c (0x0000006f) 
0 3 000000008000052c (0x0000006f) 
0 3 000000008000052c (0x0000006f) 
0 3 000000008000052c (0x0000006f) 
0 3 000000008000052c (0x0000006f) 
0 3 000000008000052c (0x0000006f) 
0 3 000000008000052c (0x0000006f) 
0 3 000000008000052c (0x0000006f) 
0 3 000000008000052c (0x0000006f) 
0 3 000000008000052c (0x0000006f) 
0 3 000000008000052c (0x0000006f) 
0 3 000000008000052c (0x0000006f) 
0 3 000000008000052c (0x0000006f) 
0 3 000000008000052c (0x0000006f) 
0 3 000000008000052c (0x0000006f) 
0 3 000000008000052c (0x0000006f) 
0 3 000000008000052c (0x0000006f) 
0 3 000000008000052c (0x0000006f) 
0 3 000000008000052c (0x0000006f) 
0 3 000000008000052c (0x0000006f) 
0 3 000000008000052c (0x0000006f) 
0 3 000000008000052c (0x0000006f) 
0 3 000000008000052c (0x0000006f) 
0 3 000000008000052c (0x0000006f) 
0 3 000000008000052c (0x0000006f) 
0 3 000000008000052c (0x0000006f) 
0 3 000000008000052c (0x0000006f) 
0 3 000000008000052c (0x0000006f) 
0 3 000000008000052c (0x0000006f) 
0 3 000000008000052c (0x0000006f) 
0 3 000000008000052c (0x0000006f) 
0 3 000000008000052c (0x0000006f) 
0 3 000000008000052c (0x0000006f) 
0 3 000000008000052c (0x0000006f) 
0 3 000000008000052c (0x0000006f) 
0 3 000000008000052c (0x0000006f) 
0 3 000000008000052c (0x0000006f) 
0 3 000000008000052c (0x0000006f) 
0 3 000000008000052c (0x0000006f) 
0 3 000000008000052c (0x0000006f) 
0 3 000000008000052c (0x0000006f) 
0 3 000000008000052c (0x0000006f) 
0 3 000000008000052c (0x0000006f) 
0 3 000000008000052c (0x0000006f) 
0 3 000000008000052c (0x0000006f) 
0 3 000000008000052c (0x0000006f) 
0 3 000000008000052c (0x0000006f) 
0 3 000000008000052c (0x0000006f) 
0 3 000000008000052c (0x0000006f) 
0 3 000000008000052c (0x0000006f) 
0 3 000000008000052c (0x0000006f) 
0 3 000000008000052c (0x0000006f) 
0 3 000000008000052c (0x0000006f) 
0 3 000000008000052c (0x0000006f) 
0 3 000000008000052c (0x0000006f) 
0 3 000000008000052c (0x0000006f) 
0 3 000000008000052c (0x0000006f) 
0 3 000000008000052c (0x0000006f) 
0 3 000000008000052c (0x0000006f) 
0 3 000000008000052c (0x0000006f) 
0 3 000000008000052c (0x0000006f) 
0 3 000000008000052c (0x00000000) exception (8000000000000007) -> 0x0080000340
0 3 0000000080000340 (0xeb010113) x02 0000000081026e80
0 3 0000000080000342 (0x14113423) 
0 3 0000000080000344 (0x14513023) 
0 3 0000000080000346 (0x003022f3) x05 0000000000000000
0 3 000000008000034a (0x12512c23) 
0 3 000000008000034e (0x12613823) 
0 3 0000000080000350 (0x12713423) 
0 3 0000000080000352 (0x12813023) 
0 3 0000000080000354 (0x10a13c23) 
0 3 0000000080000356 (0x10b13823) 
0 3 0000000080000358 (0x10c13423) 
0 3 000000008000035a (0x10d13023) 
0 3 000000008000035c (0x0ee13c23) 
0 3 000000008000035e (0x0ef13823) 
0 3 0000000080000360 (0x0f013423) 
0 3 0000000080000362 (0x0f113023) 
0 3 0000000080000364 (0x0dc13c23) 
0 3 0000000080000366 (0x0dd13823) 
0 3 0000000080000368 (0x0de13423) 
0 3 000000008000036a (0x0df13023) 
0 3 000000008000036c (0x0a013427) 
0 3 000000008000036e (0x0a113027) 
0 3 0000000080000370 (0x08213c27) 
0 3 0000000080000372 (0x08313827) 
0 3 0000000080000374 (0x08413427) 
0 3 0000000080000376 (0x08513027) 
0 3 0000000080000378 (0x06613c27) 
0 3 000000008000037a (0x06713827) 
0 3 000000008000037c (0x06a13427) 
0 3 000000008000037e (0x06b13027) 
0 3 0000000080000380 (0x04c13c27) 
0 3 0000000080000382 (0x04d13827) 
0 3 0000000080000384 (0x04e13427) 
0 3 0000000080000386 (0x04f13027) 
0 3 0000000080000388 (0x03013c27) 
0 3 000000008000038a (0x03113827) 
0 3 000000008000038c (0x03c13427) 
0 3 000000008000038e (0x03d13027) 
0 3 0000000080000390 (0x01e13c27) 
0 3 0000000080000392 (0x01f13827) 
0 3 0000000080000394 (0x15010413) x08 0000000081026fd0
0 3 0000000080000396 (0x342027f3) x0f 8000000000000007
0 3 000000008000039a (0xeaf43c23) 
0 3 000000008000039e (0x00005517) x0a 000000008000539e
0 3 00000000800003a2 (0x65a50513) x0a 00000000800059f8
0 3 00000000800003a6 (0x17e050ef) x01 00000000800003aa
0 3 0000000080005524 (0xfe010113) x02 0000000081026e60
0 3 0000000080005526 (0x00113c23) 
0 3 0000000080005528 (0x00813823) 
0 3 000000008000552a (0x02010413) x08 0000000081026e80
0 3 000000008000552c (0xfea43423) 
0 3 0000000080005530 (0x01c0006f) 
0 3 000000008000554c (0xfe843783) x0f 00000000800059f8
0 3 0000000080005550 (0x0007c783) x0f 0000000000000049
0 3 0000000080005554 (0xfc079fe3) 
0 3 0000000080005532 (0xfe843783) x0f 00000000800059f8
0 3 0000000080005536 (0x0007c783) x0f 0000000000000049
0 3 000000008000553a (0x0007879b) x0f 0000000000000049
0 3 000000008000553c (0x00f00533) x0a 0000000000000049
0 3 000000008000553e (0xf5fff0ef) x01 0000000080005542
0 3 000000008000549c (0xfe010113) x02 0000000081026e40
0 3 000000008000549e (0x00813c23) 
0 3 00000000800054a0 (0x02010413) x08 0000000081026e60
0 3 00000000800054a2 (0x00a007b3) x0f 0000000000000049
0 3 00000000800054a4 (0xfef42623) 
0 3 00000000800054a8 (0x001017b7) x0f 0000000000101000
0 3 00000000800054ac (0xfec42703) x0e 0000000000000049
0 3 00000000800054b0 (0x0ff77713) x0e 0000000000000049
0 3 00000000800054b4 (0x00e78023) 
0 3 00000000800054b8 (0x00000013) 
0 3 00000000800054ba (0x01813403) x08 0000000081026e80
0 3 00000000800054bc (0x02010113) x02 0000000081026e60
0 3 00000000800054be (0x00008067) 
0 3 0000000080005542 (0xfe843783) x0f 00000000800059f8
0 3 0000000080005546 (0x00178793) x0f 00000000800059f9
0 3 0000000080005548 (0xfef43423) 
0 3 000000008000554c (0xfe843783) x0f 00000000800059f9
0 3 0000000080005550 (0x0007c783) x0f 000000000000006e
0 3 0000000080005554 (0xfc079fe3) 
0 3 0000000080005532 (0xfe843783) x0f 00000000800059f9
0 3 0000000080005536 (0x0007c783) x0f 000000000000006e
0 3 000000008000553a (0x0007879b) x0f 000000000000006e
0 3 000000008000553c (0x00f00533) x0a 000000000000006e
0 3 000000008000553e (0xf5fff0ef) x01 0000000080005542
0 3 000000008000549c (0xfe010113) x02 0000000081026e40
0 3 000000008000549e (0x00813c23) 
0 3 00000000800054a0 (0x02010413) x08 0000000081026e60
0 3 00000000800054a2 (0x00a007b3) x0f 000000000000006e
0 3 00000000800054a4 (0xfef42623) 
0 3 00000000800054a8 (0x001017b7) x0f 0000000000101000
0 3 00000000800054ac (0xfec42703) x0e 000000000000006e
0 3 00000000800054b0 (0x0ff77713) x0e 000000000000006e
0 3 00000000800054b4 (0x00e78023) 
0 3 00000000800054b8 (0x00000013) 
0 3 00000000800054ba (0x01813403) x08 0000000081026e80
0 3 00000000800054bc (0x02010113) x02 0000000081026e60
0 3 00000000800054be (0x00008067) 
0 3 0000000080005542 (0xfe843783) x0f 00000000800059f9
0 3 0000000080005546 (0x00178793) x0f 00000000800059fa
0 3 0000000080005548 (0xfef43423) 
0 3 000000008000554c (0xfe843783) x0f 00000000800059fa
0 3 0000000080005550 (0x0007c783) x0f 0000000000000074
0 3 0000000080005554 (0xfc079fe3) 
0 3 0000000080005532 (0xfe843783) x0f 00000000800059fa
0 3 0000000080005536 (0x0007c783) x0f 0000000000000074
0 3 000000008000553a (0x0007879b) x0f 0000000000000074
0 3 000000008000553c (0x00f00533) x0a 0000000000000074
0 3 000000008000553e (0xf5fff0ef) x01 0000000080005542
0 3 000000008000549c (0xfe010113) x02 0000000081026e40
0 3 000000008000549e (0x00813c23) 
0 3 00000000800054a0 (0x02010413) x08 0000000081026e60
0 3 00000000800054a2 (0x00a007b3) x0f 0000000000000074
0 3 00000000800054a4 (0xfef42623) 
0 3 00000000800054a8 (0x001017b7) x0f 0000000000101000
0 3 00000000800054ac (0xfec42703) x0e 0000000000000074
0 3 00000000800054b0 (0x0ff77713) x0e 0000000000000074
0 3 00000000800054b4 (0x00e78023) 
0 3 00000000800054b8 (0x00000013) 
0 3 00000000800054ba (0x01813403) x08 0000000081026e80
0 3 00000000800054bc (0x02010113) x02 0000000081026e60
0 3 00000000800054be (0x00008067) 
0 3 0000000080005542 (0xfe843783) x0f 00000000800059fa
0 3 0000000080005546 (0x00178793) x0f 00000000800059fb
0 3 0000000080005548 (0xfef43423) 
0 3 000000008000554c (0xfe843783) x0f 00000000800059fb
0 3 0000000080005550 (0x0007c783) x0f 0000000000000065
0 3 0000000080005554 (0xfc079fe3) 
0 3 0000000080005532 (0xfe843783) x0f 00000000800059fb
0 3 0000000080005536 (0x0007c783) x0f 0000000000000065
0 3 000000008000553a (0x0007879b) x0f 0000000000000065
0 3 000000008000553c (0x00f00533) x0a 0000000000000065
0 3 000000008000553e (0xf5fff0ef) x01 0000000080005542
0 3 000000008000549c (0xfe010113) x02 0000000081026e40
0 3 000000008000549e (0x00813c23) 
0 3 00000000800054a0 (0x02010413) x08 0000000081026e60
0 3 00000000800054a2 (0x00a007b3) x0f 0000000000000065
0 3 00000000800054a4 (0xfef42623) 
0 3 00000000800054a8 (0x001017b7) x0f 0000000000101000
0 3 00000000800054ac (0xfec42703) x0e 0000000000000065
0 3 00000000800054b0 (0x0ff77713) x0e 0000000000000065
0 3 00000000800054b4 (0x00e78023) 
0 3 00000000800054b8 (0x00000013) 
0 3 00000000800054ba (0x01813403) x08 0000000081026e80
0 3 00000000800054bc (0x02010113) x02 0000000081026e60
0 3 00000000800054be (0x00008067) 
0 3 0000000080005542 (0xfe843783) x0f 00000000800059fb
0 3 0000000080005546 (0x00178793) x0f 00000000800059fc
0 3 0000000080005548 (0xfef43423) 
0 3 000000008000554c (0xfe843783) x0f 00000000800059fc
0 3 0000000080005550 (0x0007c783) x0f 0000000000000072
0 3 0000000080005554 (0xfc079fe3) 
0 3 0000000080005532 (0xfe843783) x0f 00000000800059fc
0 3 0000000080005536 (0x0007c783) x0f 0000000000000072
0 3 000000008000553a (0x0007879b) x0f 0000000000000072
0 3 000000008000553c (0x00f00533) x0a 0000000000000072
0 3 000000008000553e (0xf5fff0ef) x01 0000000080005542
0 3 000000008000549c (0xfe010113) x02 0000000081026e40
0 3 000000008000549e (0x00813c23) 
0 3 00000000800054a0 (0x02010413) x08 0000000081026e60
0 3 00000000800054a2 (0x00a007b3) x0f 0000000000000072
0 3 00000000800054a4 (0xfef42623) 
0 3 00000000800054a8 (0x001017b7) x0f 0000000000101000
0 3 00000000800054ac (0xfec42703) x0e 0000000000000072
0 3 00000000800054b0 (0x0ff77713) x0e 0000000000000072
0 3 00000000800054b4 (0x00e78023) 
0 3 00000000800054b8 (0x00000013) 
0 3 00000000800054ba (0x01813403) x08 0000000081026e80
0 3 00000000800054bc (0x02010113) x02 0000000081026e60
0 3 00000000800054be (0x00008067) 
0 3 0000000080005542 (0xfe843783) x0f 00000000800059fc
0 3 0000000080005546 (0x00178793) x0f 00000000800059fd
0 3 0000000080005548 (0xfef43423) 
0 3 000000008000554c (0xfe843783) x0f 00000000800059fd
0 3 0000000080005550 (0x0007c783) x0f 0000000000000072
0 3 0000000080005554 (0xfc079fe3) 
0 3 0000000080005532 (0xfe843783) x0f 00000000800059fd
0 3 0000000080005536 (0x0007c783) x0f 0000000000000072
0 3 000000008000553a (0x0007879b) x0f 0000000000000072
0 3 000000008000553c (0x00f00533) x0a 0000000000000072
0 3 000000008000553e (0xf5fff0ef) x01 0000000080005542
0 3 000000008000549c (0xfe010113) x02 0000000081026e40
0 3 000000008000549e (0x00813c23) 
0 3 00000000800054a0 (0x02010413) x08 0000000081026e60
0 3 00000000800054a2 (0x00a007b3) x0f 0000000000000072
0 3 00000000800054a4 (0xfef42623) 
0 3 00000000800054a8 (0x001017b7) x0f 0000000000101000
0 3 00000000800054ac (0xfec42703) x0e 0000000000000072
0 3 00000000800054b0 (0x0ff77713) x0e 0000000000000072
0 3 00000000800054b4 (0x00e78023) 
0 3 00000000800054b8 (0x00000013) 
0 3 00000000800054ba (0x01813403) x08 0000000081026e80
0 3 00000000800054bc (0x02010113) x02 0000000081026e60
0 3 00000000800054be (0x00008067) 
0 3 0000000080005542 (0xfe843783) x0f 00000000800059fd
0 3 0000000080005546 (0x00178793) x0f 00000000800059fe
0 3 0000000080005548 (0xfef43423) 
0 3 000000008000554c (0xfe843783) x0f 00000000800059fe
0 3 0000000080005550 (0x0007c783) x0f 0000000000000075
0 3 0000000080005554 (0xfc079fe3) 
0 3 0000000080005532 (0xfe843783) x0f 00000000800059fe
0 3 0000000080005536 (0x0007c783) x0f 0000000000000075
0 3 000000008000553a (0x0007879b) x0f 0000000000000075
0 3 000000008000553c (0x00f00533) x0a 0000000000000075
0 3 000000008000553e (0xf5fff0ef) x01 0000000080005542
0 3 000000008000549c (0xfe010113) x02 0000000081026e40
0 3 000000008000549e (0x00813c23) 
0 3 00000000800054a0 (0x02010413) x08 0000000081026e60
0 3 00000000800054a2 (0x00a007b3) x0f 0000000000000075
0 3 00000000800054a4 (0xfef42623) 
0 3 00000000800054a8 (0x001017b7) x0f 0000000000101000
0 3 00000000800054ac (0xfec42703) x0e 0000000000000075
0 3 00000000800054b0 (0x0ff77713) x0e 0000000000000075
0 3 00000000800054b4 (0x00e78023) 
0 3 00000000800054b8 (0x00000013) 
0 3 00000000800054ba (0x01813403) x08 0000000081026e80
0 3 00000000800054bc (0x02010113) x02 0000000081026e60
0 3 00000000800054be (0x00008067) 
0 3 0000000080005542 (0xfe843783) x0f 00000000800059fe
0 3 0000000080005546 (0x00178793) x0f 00000000800059ff
0 3 0000000080005548 (0xfef43423) 
0 3 000000008000554c (0xfe843783) x0f 00000000800059ff
0 3 0000000080005550 (0x0007c783) x0f 0000000000000070
0 3 0000000080005554 (0xfc079fe3) 
0 3 0000000080005532 (0xfe843783) x0f 00000000800059ff
0 3 0000000080005536 (0x0007c783) x0f 0000000000000070
0 3 000000008000553a (0x0007879b) x0f 0000000000000070
0 3 000000008000553c (0x00f00533) x0a 0000000000000070
0 3 000000008000553e (0xf5fff0ef) x01 0000000080005542
0 3 000000008000549c (0xfe010113) x02 0000000081026e40
0 3 000000008000549e (0x00813c23) 
0 3 00000000800054a0 (0x02010413) x08 0000000081026e60
0 3 00000000800054a2 (0x00a007b3) x0f 0000000000000070
0 3 00000000800054a4 (0xfef42623) 
0 3 00000000800054a8 (0x001017b7) x0f 0000000000101000
0 3 00000000800054ac (0xfec42703) x0e 0000000000000070
0 3 00000000800054b0 (0x0ff77713) x0e 0000000000000070
0 3 00000000800054b4 (0x00e78023) 
0 3 00000000800054b8 (0x00000013) 
0 3 00000000800054ba (0x01813403) x08 0000000081026e80
0 3 00000000800054bc (0x02010113) x02 0000000081026e60
0 3 00000000800054be (0x00008067) 
0 3 0000000080005542 (0xfe843783) x0f 00000000800059ff
0 3 0000000080005546 (0x00178793) x0f 0000000080005a00
0 3 0000000080005548 (0xfef43423) 
0 3 000000008000554c (0xfe843783) x0f 0000000080005a00
0 3 0000000080005550 (0x0007c783) x0f 0000000000000074
0 3 0000000080005554 (0xfc079fe3) 
0 3 0000000080005532 (0xfe843783) x0f 0000000080005a00
0 3 0000000080005536 (0x0007c783) x0f 0000000000000074
0 3 000000008000553a (0x0007879b) x0f 0000000000000074
0 3 000000008000553c (0x00f00533) x0a 0000000000000074
0 3 000000008000553e (0xf5fff0ef) x01 0000000080005542
0 3 000000008000549c (0xfe010113) x02 0000000081026e40
0 3 000000008000549e (0x00813c23) 
0 3 00000000800054a0 (0x02010413) x08 0000000081026e60
0 3 00000000800054a2 (0x00a007b3) x0f 0000000000000074
0 3 00000000800054a4 (0xfef42623) 
0 3 00000000800054a8 (0x001017b7) x0f 0000000000101000
0 3 00000000800054ac (0xfec42703) x0e 0000000000000074
0 3 00000000800054b0 (0x0ff77713) x0e 0000000000000074
0 3 00000000800054b4 (0x00e78023) 
0 3 00000000800054b8 (0x00000013) 
0 3 00000000800054ba (0x01813403) x08 0000000081026e80
0 3 00000000800054bc (0x02010113) x02 0000000081026e60
0 3 00000000800054be (0x00008067) 
0 3 0000000080005542 (0xfe843783) x0f 0000000080005a00
0 3 0000000080005546 (0x00178793) x0f 0000000080005a01
0 3 0000000080005548 (0xfef43423) 
0 3 000000008000554c (0xfe843783) x0f 0000000080005a01
0 3 0000000080005550 (0x0007c783) x0f 000000000000000a
0 3 0000000080005554 (0xfc079fe3) 
0 3 0000000080005532 (0xfe843783) x0f 0000000080005a01
0 3 0000000080005536 (0x0007c783) x0f 000000000000000a
0 3 000000008000553a (0x0007879b) x0f 000000000000000a
0 3 000000008000553c (0x00f00533) x0a 000000000000000a
0 3 000000008000553e (0xf5fff0ef) x01 0000000080005542
0 3 000000008000549c (0xfe010113) x02 0000000081026e40
0 3 000000008000549e (0x00813c23) 
0 3 00000000800054a0 (0x02010413) x08 0000000081026e60
0 3 00000000800054a2 (0x00a007b3) x0f 000000000000000a
0 3 00000000800054a4 (0xfef42623) 
0 3 00000000800054a8 (0x001017b7) x0f 0000000000101000
0 3 00000000800054ac (0xfec42703) x0e 000000000000000a
0 3 00000000800054b0 (0x0ff77713) x0e 000000000000000a
0 3 00000000800054b4 (0x00e78023) 
0 3 00000000800054b8 (0x00000013) 
0 3 00000000800054ba (0x01813403) x08 0000000081026e80
0 3 00000000800054bc (0x02010113) x02 0000000081026e60
0 3 00000000800054be (0x00008067) 
0 3 0000000080005542 (0xfe843783) x0f 0000000080005a01
0 3 0000000080005546 (0x00178793) x0f 0000000080005a02
0 3 0000000080005548 (0xfef43423) 
0 3 000000008000554c (0xfe843783) x0f 0000000080005a02
0 3 0000000080005550 (0x0007c783) x0f 0000000000000000
0 3 0000000080005554 (0xfc079fe3) 
0 3 0000000080005556 (0x00000013) 
0 3 0000000080005558 (0x00000013) 
0 3 000000008000555a (0x01813083) x01 00000000800003aa
0 3 000000008000555c (0x01013403) x08 0000000081026fd0
0 3 000000008000555e (0x02010113) x02 0000000081026e80
0 3 0000000080005560 (0x00008067) 
0 3 00000000800003aa (0xeb843783) x0f 8000000000000007
0 3 00000000800003ae (0x03f7d713) x0e 0000000000000001
0 3 00000000800003b2 (0x00100793) x0f 0000000000000001
0 3 00000000800003b4 (0x08f71b63) 
0 3 00000000800003b8 (0xeb843783) x0f 8000000000000007
0 3 00000000800003bc (0x0077f713) x0e 0000000000000007
0 3 00000000800003c0 (0x00400793) x0f 0000000000000004
0 3 00000000800003c2 (0x02f70063) 
0 3 00000000800003c6 (0xeb843783) x0f 8000000000000007
0 3 00000000800003ca (0x0077f713) x0e 0000000000000007
0 3 00000000800003ce (0x00500793) x0f 0000000000000005
0 3 00000000800003d0 (0x00f70963) 
0 3 00000000800003d4 (0xeb843783) x0f 8000000000000007
0 3 00000000800003d8 (0x0077f713) x0e 0000000000000007
0 3 00000000800003dc (0x00700793) x0f 0000000000000007
0 3 00000000800003de (0x02f71163) 
0 3 00000000800003e2 (0x00006797) x0f 00000000800063e2
0 3 00000000800003e6 (0x46678793) x0f 0000000080006848
0 3 00000000800003ea (0x0007c783) x0f 0000000000000030
0 3 00000000800003ee (0x0017879b) x0f 0000000000000031
0 3 00000000800003f0 (0x0ff7f713) x0e 0000000000000031
0 3 00000000800003f4 (0x00006797) x0f 00000000800063f4
0 3 00000000800003f8 (0x45478793) x0f 0000000080006848
0 3 00000000800003fc (0x00e78023) 
0 3 0000000080000400 (0x81818793) x0f 0000000080006858
0 3 0000000080000404 (0x0007b783) x0f 000000000030bff8
0 3 0000000080000406 (0x0007b703) x0e 0000000000004305
0 3 0000000080000408 (0x81018793) x0f 0000000080006850
0 3 000000008000040c (0x0007b783) x0f 0000000000304000
0 3 000000008000040e (0x40070713) x0e 0000000000004705
0 3 0000000080000412 (0x00e7b023) 
0 3 0000000080000414 (0x00006797) x0f 0000000080006414
0 3 0000000080000418 (0x43478793) x0f 0000000080006848
0 3 000000008000041c (0x0007c783) x0f 0000000000000031
0 3 0000000080000420 (0x0007879b) x0f 0000000000000031
0 3 0000000080000422 (0x00f00533) x0a 0000000000000031
0 3 0000000080000424 (0x078050ef) x01 0000000080000428
0 3 000000008000549c (0xfe010113) x02 0000000081026e60
0 3 000000008000549e (0x00813c23) 
0 3 00000000800054a0 (0x02010413) x08 0000000081026e80
0 3 00000000800054a2 (0x00a007b3) x0f 0000000000000031
0 3 00000000800054a4 (0xfef42623) 
0 3 00000000800054a8 (0x001017b7) x0f 0000000000101000
0 3 00000000800054ac (0xfec42703) x0e 0000000000000031
0 3 00000000800054b0 (0x0ff77713) x0e 0000000000000031
0 3 00000000800054b4 (0x00e78023) 
0 3 00000000800054b8 (0x00000013) 
0 3 00000000800054ba (0x01813403) x08 0000000081026fd0
0 3 00000000800054bc (0x02010113) x02 0000000081026e80
0 3 00000000800054be (0x00008067) 
0 3 0000000080000428 (0x00a00513) x0a 000000000000000a
0 3 000000008000042a (0x072050ef) x01 000000008000042e
0 3 000000008000549c (0xfe010113) x02 0000000081026e60
0 3 000000008000549e (0x00813c23) 
0 3 00000000800054a0 (0x02010413) x08 0000000081026e80
0 3 00000000800054a2 (0x00a007b3) x0f 000000000000000a
0 3 00000000800054a4 (0xfef42623) 
0 3 00000000800054a8 (0x001017b7) x0f 0000000000101000
0 3 00000000800054ac (0xfec42703) x0e 000000000000000a
0 3 00000000800054b0 (0x0ff77713) x0e 000000000000000a
0 3 00000000800054b4 (0x00e78023) 
0 3 00000000800054b8 (0x00000013) 
0 3 00000000800054ba (0x01813403) x08 0000000081026fd0
0 3 00000000800054bc (0x02010113) x02 0000000081026e80
0 3 00000000800054be (0x00008067) 
0 3 000000008000042e (0x00006797) x0f 000000008000642e
0 3 0000000080000432 (0x41a78793) x0f 0000000080006848
0 3 0000000080000436 (0x0007c783) x0f 0000000000000031
0 3 000000008000043a (0x00f00733) x0e 0000000000000031
0 3 000000008000043c (0x03800793) x0f 0000000000000038
0 3 0000000080000440 (0x02f71463) 
0 3 0000000080000468 (0x00000013) 
0 3 000000008000046a (0x14813083) x01 000000008000051c
0 3 000000008000046c (0x13812283) x05 0000000000000000
0 3 0000000080000470 (0x00329073) 
0 3 0000000080000474 (0x14013283) x05 ffffffffffffffff
0 3 0000000080000476 (0x13013303) x06 0000000080006f40
0 3 0000000080000478 (0x12813383) x07 0000000000000000
0 3 000000008000047a (0x12013403) x08 0000000081027000
0 3 000000008000047c (0x11813503) x0a 000000000000000a
0 3 000000008000047e (0x11013583) x0b 00000000800059d8
0 3 0000000080000480 (0x10813603) x0c 0000000000000000
0 3 0000000080000482 (0x10013683) x0d 0000000080000c02
0 3 0000000080000484 (0x0f813703) x0e 000000000000000a
0 3 0000000080000486 (0x0f013783) x0f 000000000000600b
0 3 0000000080000488 (0x0e813803) x10 0000000000000000
0 3 000000008000048a (0x0e013883) x11 0000000080027000
0 3 000000008000048c (0x0d813e03) x1c 0000000000000000
0 3 000000008000048e (0x0d013e83) x1d 0000000000000000
0 3 0000000080000490 (0x0c813f03) x1e 0000000000000000
0 3 0000000080000492 (0x0c013f83) x1f 0000000000000000
0 3 0000000080000494 (0x0a813007) f00 ffffffff00000000
0 3 0000000080000496 (0x0a013087) f01 ffffffff00000000
0 3 0000000080000498 (0x09813107) f02 ffffffff00000000
0 3 000000008000049a (0x09013187) f03 ffffffff00000000
0 3 000000008000049c (0x08813207) f04 ffffffff00000000
0 3 000000008000049e (0x08013287) f05 ffffffff00000000
0 3 00000000800004a0 (0x07813307) f06 ffffffff00000000
0 3 00000000800004a2 (0x07013387) f07 ffffffff00000000
0 3 00000000800004a4 (0x06813507) f0a ffffffff00000000
0 3 00000000800004a6 (0x06013587) f0b ffffffff00000000
0 3 00000000800004a8 (0x05813607) f0c ffffffff00000000
0 3 00000000800004aa (0x05013687) f0d ffffffff00000000
0 3 00000000800004ac (0x04813707) f0e ffffffff00000000
0 3 00000000800004ae (0x04013787) f0f ffffffff00000000
0 3 00000000800004b0 (0x03813807) f10 ffffffff00000000
0 3 00000000800004b2 (0x03013887) f11 ffffffff00000000
0 3 00000000800004b4 (0x02813e07) f1c ffffffff00000000
0 3 00000000800004b6 (0x02013e87) f1d ffffffff00000000
0 3 00000000800004b8 (0x01813f07) f1e ffffffff00000000
0 3 00000000800004ba (0x01013f87) f1f ffffffff00000000
0 3 00000000800004bc (0x15010113) x02 0000000081026fd0
0 3 00000000800004be (0x30200073) 
0 3 000000008000052c (0x0000006f) 
0 3 000000008000052c (0x0000006f) 
0 3 000000008000052c (0x0000006f) 
0 3 000000008000052c (0x0000006f) 
0 3 000000008000052c (0x0000006f) 
0 3 000000008000052c (0x0000006f) 
0 3 000000008000052c (0x0000006f) 
0 3 000000008000052c (0x0000006f) 
0 3 000000008000052c (0x0000006f) 
0 3 000000008000052c (0x0000006f) 
0 3 000000008000052c (0x0000006f) 
0 3 000000008000052c (0x0000006f) 
0 3 000000008000052c (0x0000006f) 
0 3 000000008000052c (0x0000006f) 
0 3 000000008000052c (0x0000006f) 
0 3 000000008000052c (0x0000006f) 
0 3 000000008000052c (0x0000006f) 
0 3 000000008000052c (0x0000006f) 
0 3 000000008000052c (0x0000006f) 
0 3 000000008000052c (0x0000006f) 
0 3 000000008000052c (0x0000006f) 
0 3 000000008000052c (0x0000006f) 
0 3 000000008000052c (0x0000006f) 
0 3 000000008000052c (0x0000006f) 
0 3 000000008000052c (0x0000006f) 
0 3 000000008000052c (0x0000006f) 
0 3 000000008000052c (0x0000006f) 
0 3 000000008000052c (0x0000006f) 
0 3 000000008000052c (0x0000006f) 
0 3 000000008000052c (0x0000006f) 
0 3 000000008000052c (0x0000006f) 
0 3 000000008000052c (0x0000006f) 
0 3 000000008000052c (0x0000006f) 
0 3 000000008000052c (0x0000006f) 
0 3 000000008000052c (0x0000006f) 
0 3 000000008000052c (0x0000006f) 
0 3 000000008000052c (0x0000006f) 
0 3 000000008000052c (0x0000006f) 
0 3 000000008000052c (0x0000006f) 
0 3 000000008000052c (0x0000006f) 
0 3 000000008000052c (0x0000006f) 
0 3 000000008000052c (0x0000006f) 
0 3 000000008000052c (0x0000006f) 
0 3 000000008000052c (0x0000006f) 
0 3 000000008000052c (0x0000006f) 
0 3 000000008000052c (0x0000006f) 
0 3 000000008000052c (0x0000006f) 
0 3 000000008000052c (0x0000006f) 
0 3 000000008000052c (0x0000006f) 
0 3 000000008000052c (0x0000006f) 
0 3 000000008000052c (0x0000006f) 
0 3 000000008000052c (0x0000006f) 
0 3 000000008000052c (0x0000006f) 
0 3 000000008000052c (0x0000006f) 
0 3 000000008000052c (0x0000006f) 
0 3 000000008000052c (0x0000006f) 
0 3 000000008000052c (0x0000006f) 
0 3 000000008000052c (0x0000006f) 
0 3 000000008000052c (0x0000006f) 
0 3 000000008000052c (0x0000006f) 
0 3 000000008000052c (0x0000006f) 
0 3 000000008000052c (0x0000006f) 
0 3 000000008000052c (0x0000006f) 
0 3 000000008000052c (0x0000006f) 
0 3 000000008000052c (0x0000006f) 
0 3 000000008000052c (0x0000006f) 
0 3 000000008000052c (0x0000006f) 
0 3 000000008000052c (0x0000006f) 
0 3 000000008000052c (0x0000006f) 
0 3 000000008000052c (0x0000006f) 
0 3 000000008000052c (0x0000006f) 
0 3 000000008000052c (0x0000006f) 
0 3 000000008000052c (0x0000006f) 
0 3 000000008000052c (0x0000006f) 
0 3 000000008000052c (0x0000006f) 
0 3 000000008000052c (0x0000006f) 
0 3 000000008000052c (0x0000006f) 
0 3 000000008000052c (0x0000006f) 
0 3 000000008000052c (0x0000006f) 
0 3 000000008000052c (0x0000006f) 
0 3 000000008000052c (0x0000006f) 
0 3 000000008000052c (0x0000006f) 
0 3 000000008000052c (0x0000006f) 
0 3 000000008000052c (0x0000006f) 
0 3 000000008000052c (0x0000006f) 
0 3 000000008000052c (0x0000006f) 
0 3 000000008000052c (0x0000006f) 
0 3 000000008000052c (0x0000006f) 
0 3 000000008000052c (0x0000006f) 
0 3 000000008000052c (0x0000006f) 
0 3 000000008000052c (0x0000006f) 
0 3 000000008000052c (0x0000006f) 
0 3 000000008000052c (0x0000006f) 
0 3 000000008000052c (0x0000006f) 
0 3 000000008000052c (0x0000006f) 
0 3 000000008000052c (0x0000006f) 
0 3 000000008000052c (0x0000006f) 
0 3 000000008000052c (0x0000006f) 
0 3 000000008000052c (0x0000006f) 
0 3 000000008000052c (0x0000006f) 
0 3 000000008000052c (0x0000006f) 
0 3 000000008000052c (0x0000006f) 
0 3 000000008000052c (0x0000006f) 
0 3 000000008000052c (0x0000006f) 
0 3 000000008000052c (0x0000006f) 
0 3 000000008000052c (0x0000006f) 
0 3 000000008000052c (0x0000006f) 
0 3 000000008000052c (0x0000006f) 
0 3 000000008000052c (0x0000006f) 
0 3 000000008000052c (0x0000006f) 
0 3 000000008000052c (0x0000006f) 
0 3 000000008000052c (0x0000006f) 
0 3 000000008000052c (0x0000006f) 
0 3 000000008000052c (0x0000006f) 
0 3 000000008000052c (0x0000006f) 
0 3 000000008000052c (0x0000006f) 
0 3 000000008000052c (0x0000006f) 
0 3 000000008000052c (0x0000006f) 
0 3 000000008000052c (0x0000006f) 
0 3 000000008000052c (0x0000006f) 
0 3 000000008000052c (0x0000006f) 
0 3 000000008000052c (0x0000006f) 
0 3 000000008000052c (0x0000006f) 
0 3 000000008000052c (0x0000006f) 
0 3 000000008000052c (0x0000006f) 
0 3 000000008000052c (0x0000006f) 
0 3 000000008000052c (0x0000006f) 
0 3 000000008000052c (0x0000006f) 
0 3 000000008000052c (0x0000006f) 
0 3 000000008000052c (0x0000006f) 
0 3 000000008000052c (0x0000006f) 
0 3 000000008000052c (0x0000006f) 
0 3 000000008000052c (0x0000006f) 
0 3 000000008000052c (0x0000006f) 
0 3 000000008000052c (0x0000006f) 
0 3 000000008000052c (0x0000006f) 
0 3 000000008000052c (0x0000006f) 
0 3 000000008000052c (0x0000006f) 
0 3 000000008000052c (0x0000006f) 
0 3 000000008000052c (0x0000006f) 
0 3 000000008000052c (0x0000006f) 
0 3 000000008000052c (0x0000006f) 
0 3 000000008000052c (0x0000006f) 
0 3 000000008000052c (0x0000006f) 
0 3 000000008000052c (0x0000006f) 
0 3 000000008000052c (0x0000006f) 
0 3 000000008000052c (0x0000006f) 
0 3 000000008000052c (0x0000006f) 
0 3 000000008000052c (0x0000006f) 
0 3 000000008000052c (0x0000006f) 
0 3 000000008000052c (0x0000006f) 
0 3 000000008000052c (0x0000006f) 
0 3 000000008000052c (0x0000006f) 
0 3 000000008000052c (0x0000006f) 
0 3 000000008000052c (0x0000006f) 
0 3 000000008000052c (0x0000006f) 
0 3 000000008000052c (0x0000006f) 
0 3 000000008000052c (0x0000006f) 
0 3 000000008000052c (0x0000006f) 
0 3 000000008000052c (0x0000006f) 
0 3 000000008000052c (0x0000006f) 
0 3 000000008000052c (0x0000006f) 
0 3 000000008000052c (0x0000006f) 
0 3 000000008000052c (0x0000006f) 
0 3 000000008000052c (0x0000006f) 
0 3 000000008000052c (0x0000006f) 
0 3 000000008000052c (0x0000006f) 
0 3 000000008000052c (0x0000006f) 
0 3 000000008000052c (0x0000006f) 
0 3 000000008000052c (0x0000006f) 
0 3 000000008000052c (0x0000006f) 
0 3 000000008000052c (0x0000006f) 
0 3 000000008000052c (0x0000006f) 
0 3 000000008000052c (0x0000006f) 
0 3 000000008000052c (0x0000006f) 
0 3 000000008000052c (0x0000006f) 
0 3 000000008000052c (0x0000006f) 
0 3 000000008000052c (0x0000006f) 
0 3 000000008000052c (0x0000006f) 
0 3 000000008000052c (0x0000006f) 
0 3 000000008000052c (0x0000006f) 
0 3 000000008000052c (0x0000006f) 
0 3 000000008000052c (0x0000006f) 
0 3 000000008000052c (0x0000006f) 
0 3 000000008000052c (0x0000006f) 
0 3 000000008000052c (0x0000006f) 
0 3 000000008000052c (0x0000006f) 
0 3 000000008000052c (0x0000006f) 
0 3 000000008000052c (0x0000006f) 
0 3 000000008000052c (0x0000006f) 
0 3 000000008000052c (0x0000006f) 
0 3 000000008000052c (0x0000006f) 
0 3 000000008000052c (0x0000006f) 
0 3 000000008000052c (0x0000006f) 
0 3 000000008000052c (0x0000006f) 
0 3 000000008000052c (0x0000006f) 
0 3 000000008000052c (0x0000006f) 
0 3 000000008000052c (0x0000006f) 
0 3 000000008000052c (0x0000006f) 
0 3 000000008000052c (0x0000006f) 
0 3 000000008000052c (0x0000006f) 
0 3 000000008000052c (0x0000006f) 
0 3 000000008000052c (0x0000006f) 
0 3 000000008000052c (0x0000006f) 
0 3 000000008000052c (0x0000006f) 
0 3 000000008000052c (0x0000006f) 
0 3 000000008000052c (0x0000006f) 
0 3 000000008000052c (0x0000006f) 
0 3 000000008000052c (0x0000006f) 
0 3 000000008000052c (0x0000006f) 
0 3 000000008000052c (0x0000006f) 
0 3 000000008000052c (0x0000006f) 
0 3 000000008000052c (0x0000006f) 
0 3 000000008000052c (0x0000006f) 
0 3 000000008000052c (0x0000006f) 
0 3 000000008000052c (0x0000006f) 
0 3 000000008000052c (0x0000006f) 
0 3 000000008000052c (0x0000006f) 
0 3 000000008000052c (0x0000006f) 
0 3 000000008000052c (0x0000006f) 
0 3 000000008000052c (0x0000006f) 
0 3 000000008000052c (0x0000006f) 
0 3 000000008000052c (0x0000006f) 
0 3 000000008000052c (0x0000006f) 
0 3 000000008000052c (0x0000006f) 
0 3 000000008000052c (0x0000006f) 
0 3 000000008000052c (0x0000006f) 
0 3 000000008000052c (0x0000006f) 
0 3 000000008000052c (0x0000006f) 
0 3 000000008000052c (0x0000006f) 
0 3 000000008000052c (0x0000006f) 
0 3 000000008000052c (0x0000006f) 
0 3 000000008000052c (0x0000006f) 
0 3 000000008000052c (0x0000006f) 
0 3 000000008000052c (0x0000006f) 
0 3 000000008000052c (0x0000006f) 
0 3 000000008000052c (0x0000006f) 
0 3 000000008000052c (0x0000006f) 
0 3 000000008000052c (0x0000006f) 
0 3 000000008000052c (0x0000006f) 
0 3 000000008000052c (0x0000006f) 
0 3 000000008000052c (0x0000006f) 
0 3 000000008000052c (0x0000006f) 
0 3 000000008000052c (0x0000006f) 
0 3 000000008000052c (0x0000006f) 
0 3 000000008000052c (0x0000006f) 
0 3 000000008000052c (0x0000006f) 
0 3 000000008000052c (0x0000006f) 
0 3 000000008000052c (0x0000006f) 
0 3 000000008000052c (0x0000006f) 
0 3 000000008000052c (0x0000006f) 
0 3 000000008000052c (0x0000006f) 
0 3 000000008000052c (0x0000006f) 
0 3 000000008000052c (0x0000006f) 
0 3 000000008000052c (0x0000006f) 
0 3 000000008000052c (0x0000006f) 
0 3 000000008000052c (0x0000006f) 
0 3 000000008000052c (0x0000006f) 
0 3 000000008000052c (0x0000006f) 
0 3 000000008000052c (0x0000006f) 
0 3 000000008000052c (0x0000006f) 
0 3 000000008000052c (0x0000006f) 
0 3 000000008000052c (0x0000006f) 
0 3 000000008000052c (0x0000006f) 
0 3 000000008000052c (0x0000006f) 
0 3 000000008000052c (0x0000006f) 
0 3 000000008000052c (0x0000006f) 
0 3 000000008000052c (0x0000006f) 
0 3 000000008000052c (0x0000006f) 
0 3 000000008000052c (0x0000006f) 
0 3 000000008000052c (0x0000006f) 
0 3 000000008000052c (0x0000006f) 
0 3 000000008000052c (0x0000006f) 
0 3 000000008000052c (0x0000006f) 
0 3 000000008000052c (0x0000006f) 
0 3 000000008000052c (0x0000006f) 
0 3 000000008000052c (0x0000006f) 
0 3 000000008000052c (0x0000006f) 
0 3 000000008000052c (0x0000006f) 
0 3 000000008000052c (0x0000006f) 
0 3 000000008000052c (0x0000006f) 
0 3 000000008000052c (0x0000006f) 
0 3 000000008000052c (0x0000006f) 
0 3 000000008000052c (0x0000006f) 
0 3 000000008000052c (0x0000006f) 
0 3 000000008000052c (0x0000006f) 
0 3 000000008000052c (0x0000006f) 
0 3 000000008000052c (0x0000006f) 
0 3 000000008000052c (0x0000006f) 
0 3 000000008000052c (0x0000006f) 
0 3 000000008000052c (0x0000006f) 
0 3 000000008000052c (0x0000006f) 
0 3 000000008000052c (0x0000006f) 
0 3 000000008000052c (0x0000006f) 
0 3 000000008000052c (0x0000006f) 
0 3 000000008000052c (0x0000006f) 
0 3 000000008000052c (0x0000006f) 
0 3 000000008000052c (0x0000006f) 
0 3 000000008000052c (0x0000006f) 
0 3 000000008000052c (0x0000006f) 
0 3 000000008000052c (0x0000006f) 
0 3 000000008000052c (0x0000006f) 
0 3 000000008000052c (0x0000006f) 
0 3 000000008000052c (0x0000006f) 
0 3 000000008000052c (0x0000006f) 
0 3 000000008000052c (0x0000006f) 
0 3 000000008000052c (0x0000006f) 
0 3 000000008000052c (0x0000006f) 
0 3 000000008000052c (0x0000006f) 
0 3 000000008000052c (0x0000006f) 
0 3 000000008000052c (0x0000006f) 
0 3 000000008000052c (0x0000006f) 
0 3 000000008000052c (0x0000006f) 
0 3 000000008000052c (0x0000006f) 
0 3 000000008000052c (0x0000006f) 
0 3 000000008000052c (0x0000006f) 
0 3 000000008000052c (0x0000006f) 
0 3 000000008000052c (0x0000006f) 
0 3 000000008000052c (0x0000006f) 
0 3 000000008000052c (0x0000006f) 
0 3 000000008000052c (0x0000006f) 
0 3 000000008000052c (0x0000006f) 
0 3 000000008000052c (0x0000006f) 
0 3 000000008000052c (0x0000006f) 
0 3 000000008000052c (0x0000006f) 
0 3 000000008000052c (0x0000006f) 
0 3 000000008000052c (0x0000006f) 
0 3 000000008000052c (0x0000006f) 
0 3 000000008000052c (0x0000006f) 
0 3 000000008000052c (0x0000006f) 
0 3 000000008000052c (0x0000006f) 
0 3 000000008000052c (0x0000006f) 
0 3 000000008000052c (0x0000006f) 
0 3 000000008000052c (0x0000006f) 
0 3 000000008000052c (0x0000006f) 
0 3 000000008000052c (0x0000006f) 
0 3 000000008000052c (0x0000006f) 
0 3 000000008000052c (0x0000006f) 
0 3 000000008000052c (0x0000006f) 
0 3 000000008000052c (0x0000006f) 
0 3 000000008000052c (0x0000006f) 
0 3 000000008000052c (0x0000006f) 
0 3 000000008000052c (0x0000006f) 
0 3 000000008000052c (0x0000006f) 
0 3 000000008000052c (0x0000006f) 
0 3 000000008000052c (0x0000006f) 
0 3 000000008000052c (0x0000006f) 
0 3 000000008000052c (0x0000006f) 
0 3 000000008000052c (0x0000006f) 
0 3 000000008000052c (0x0000006f) 
0 3 000000008000052c (0x0000006f) 
0 3 000000008000052c (0x0000006f) 
0 3 000000008000052c (0x0000006f) 
0 3 000000008000052c (0x0000006f) 
0 3 000000008000052c (0x0000006f) 
0 3 000000008000052c (0x0000006f) 
0 3 000000008000052c (0x0000006f) 
0 3 000000008000052c (0x0000006f) 
0 3 000000008000052c (0x0000006f) 
0 3 000000008000052c (0x0000006f) 
0 3 000000008000052c (0x0000006f) 
0 3 000000008000052c (0x0000006f) 
0 3 000000008000052c (0x0000006f) 
0 3 000000008000052c (0x0000006f) 
0 3 000000008000052c (0x0000006f) 
0 3 000000008000052c (0x0000006f) 
0 3 000000008000052c (0x0000006f) 
0 3 000000008000052c (0x0000006f) 
0 3 000000008000052c (0x0000006f) 
0 3 000000008000052c (0x0000006f) 
0 3 000000008000052c (0x0000006f) 
0 3 000000008000052c (0x0000006f) 
0 3 000000008000052c (0x0000006f) 
0 3 000000008000052c (0x0000006f) 
0 3 000000008000052c (0x0000006f) 
0 3 000000008000052c (0x0000006f) 
0 3 000000008000052c (0x0000006f) 
0 3 000000008000052c (0x0000006f) 
0 3 000000008000052c (0x0000006f) 
0 3 000000008000052c (0x0000006f) 
0 3 000000008000052c (0x0000006f) 
0 3 000000008000052c (0x0000006f) 
0 3 000000008000052c (0x0000006f) 
0 3 000000008000052c (0x0000006f) 
0 3 000000008000052c (0x0000006f) 
0 3 000000008000052c (0x0000006f) 
0 3 000000008000052c (0x0000006f) 
0 3 000000008000052c (0x0000006f) 
0 3 000000008000052c (0x0000006f) 
0 3 000000008000052c (0x0000006f) 
0 3 000000008000052c (0x0000006f) 
0 3 000000008000052c (0x0000006f) 
0 3 000000008000052c (0x0000006f) 
0 3 000000008000052c (0x0000006f) 
0 3 000000008000052c (0x0000006f) 
0 3 000000008000052c (0x0000006f) 
0 3 000000008000052c (0x0000006f) 
0 3 000000008000052c (0x0000006f) 
0 3 000000008000052c (0x0000006f) 
0 3 000000008000052c (0x0000006f) 
0 3 000000008000052c (0x0000006f) 
0 3 000000008000052c (0x0000006f) 
0 3 000000008000052c (0x0000006f) 
0 3 000000008000052c (0x0000006f) 
0 3 000000008000052c (0x0000006f) 
0 3 000000008000052c (0x0000006f) 
0 3 000000008000052c (0x0000006f) 
0 3 000000008000052c (0x0000006f) 
0 3 000000008000052c (0x0000006f) 
0 3 000000008000052c (0x0000006f) 
0 3 000000008000052c (0x0000006f) 
0 3 000000008000052c (0x0000006f) 
0 3 000000008000052c (0x0000006f) 
0 3 000000008000052c (0x0000006f) 
0 3 000000008000052c (0x0000006f) 
0 3 000000008000052c (0x0000006f) 
0 3 000000008000052c (0x0000006f) 
0 3 000000008000052c (0x0000006f) 
0 3 000000008000052c (0x0000006f) 
0 3 000000008000052c (0x0000006f) 
0 3 000000008000052c (0x0000006f) 
0 3 000000008000052c (0x0000006f) 
0 3 000000008000052c (0x0000006f) 
0 3 000000008000052c (0x0000006f) 
0 3 000000008000052c (0x0000006f) 
0 3 000000008000052c (0x0000006f) 
0 3 000000008000052c (0x0000006f) 
0 3 000000008000052c (0x0000006f) 
0 3 000000008000052c (0x0000006f) 
0 3 000000008000052c (0x0000006f) 
0 3 000000008000052c (0x0000006f) 
0 3 000000008000052c (0x0000006f) 
0 3 000000008000052c (0x0000006f) 
0 3 000000008000052c (0x0000006f) 
0 3 000000008000052c (0x0000006f) 
0 3 000000008000052c (0x0000006f) 
0 3 000000008000052c (0x0000006f) 
0 3 000000008000052c (0x0000006f) 
0 3 000000008000052c (0x0000006f) 
0 3 000000008000052c (0x0000006f) 
0 3 000000008000052c (0x0000006f) 
0 3 000000008000052c (0x0000006f) 
0 3 000000008000052c (0x0000006f) 
0 3 000000008000052c (0x0000006f) 
0 3 000000008000052c (0x0000006f) 
0 3 000000008000052c (0x0000006f) 
0 3 000000008000052c (0x0000006f) 
0 3 000000008000052c (0x0000006f) 
0 3 000000008000052c (0x0000006f) 
0 3 000000008000052c (0x0000006f) 
0 3 000000008000052c (0x0000006f) 
0 3 000000008000052c (0x0000006f) 
0 3 000000008000052c (0x0000006f) 
0 3 000000008000052c (0x0000006f) 
0 3 000000008000052c (0x0000006f) 
0 3 000000008000052c (0x0000006f) 
0 3 000000008000052c (0x0000006f) 
0 3 000000008000052c (0x0000006f) 
0 3 000000008000052c (0x0000006f) 
0 3 000000008000052c (0x0000006f) 
0 3 000000008000052c (0x0000006f) 
0 3 000000008000052c (0x0000006f) 
0 3 000000008000052c (0x0000006f) 
0 3 000000008000052c (0x0000006f) 
0 3 000000008000052c (0x0000006f) 
0 3 000000008000052c (0x0000006f) 
0 3 000000008000052c (0x0000006f) 
0 3 000000008000052c (0x0000006f) 
0 3 000000008000052c (0x0000006f) 
0 3 000000008000052c (0x0000006f) 
0 3 000000008000052c (0x0000006f) 
0 3 000000008000052c (0x0000006f) 
0 3 000000008000052c (0x0000006f) 
0 3 000000008000052c (0x0000006f) 
0 3 000000008000052c (0x0000006f) 
0 3 000000008000052c (0x0000006f) 
0 3 000000008000052c (0x0000006f) 
0 3 000000008000052c (0x0000006f) 
0 3 000000008000052c (0x0000006f) 
0 3 000000008000052c (0x0000006f) 
0 3 000000008000052c (0x0000006f) 
0 3 000000008000052c (0x0000006f) 
0 3 000000008000052c (0x0000006f) 
0 3 000000008000052c (0x0000006f) 
0 3 000000008000052c (0x0000006f) 
0 3 000000008000052c (0x0000006f) 
0 3 000000008000052c (0x0000006f) 
0 3 000000008000052c (0x0000006f) 
0 3 000000008000052c (0x0000006f) 
0 3 000000008000052c (0x0000006f) 
0 3 000000008000052c (0x0000006f) 
0 3 000000008000052c (0x0000006f) 
0 3 000000008000052c (0x0000006f) 
0 3 000000008000052c (0x0000006f) 
0 3 000000008000052c (0x0000006f) 
0 3 000000008000052c (0x0000006f) 
0 3 000000008000052c (0x0000006f) 
0 3 000000008000052c (0x0000006f) 
0 3 000000008000052c (0x0000006f) 
0 3 000000008000052c (0x0000006f) 
0 3 000000008000052c (0x0000006f) 
0 3 000000008000052c (0x0000006f) 
0 3 000000008000052c (0x0000006f) 
0 3 000000008000052c (0x0000006f) 
0 3 000000008000052c (0x0000006f) 
0 3 000000008000052c (0x0000006f) 
0 3 000000008000052c (0x0000006f) 
0 3 000000008000052c (0x0000006f) 
0 3 000000008000052c (0x0000006f) 
0 3 000000008000052c (0x0000006f) 
0 3 000000008000052c (0x0000006f) 
0 3 000000008000052c (0x0000006f) 
0 3 000000008000052c (0x0000006f) 
0 3 000000008000052c (0x0000006f) 
0 3 000000008000052c (0x0000006f) 
0 3 000000008000052c (0x0000006f) 
0 3 000000008000052c (0x0000006f) 
0 3 000000008000052c (0x0000006f) 
0 3 000000008000052c (0x0000006f) 
0 3 000000008000052c (0x0000006f) 
0 3 000000008000052c (0x0000006f) 
0 3 000000008000052c (0x0000006f) 
0 3 000000008000052c (0x0000006f) 
0 3 000000008000052c (0x0000006f) 
0 3 000000008000052c (0x0000006f) 
0 3 000000008000052c (0x0000006f) 
0 3 000000008000052c (0x0000006f) 
0 3 000000008000052c (0x0000006f) 
0 3 000000008000052c (0x0000006f) 
0 3 000000008000052c (0x0000006f) 
0 3 000000008000052c (0x0000006f) 
0 3 000000008000052c (0x0000006f) 
0 3 000000008000052c (0x0000006f) 
0 3 000000008000052c (0x0000006f) 
0 3 000000008000052c (0x0000006f) 
0 3 000000008000052c (0x0000006f) 
0 3 000000008000052c (0x0000006f) 
0 3 000000008000052c (0x0000006f) 
0 3 000000008000052c (0x0000006f) 
0 3 000000008000052c (0x0000006f) 
0 3 000000008000052c (0x0000006f) 
0 3 000000008000052c (0x0000006f) 
0 3 000000008000052c (0x0000006f) 
0 3 000000008000052c (0x0000006f) 
0 3 000000008000052c (0x0000006f) 
0 3 000000008000052c (0x0000006f) 
0 3 000000008000052c (0x0000006f) 
0 3 000000008000052c (0x0000006f) 
0 3 000000008000052c (0x0000006f) 
0 3 000000008000052c (0x0000006f) 
0 3 000000008000052c (0x0000006f) 
0 3 000000008000052c (0x0000006f) 
0 3 000000008000052c (0x0000006f) 
0 3 000000008000052c (0x0000006f) 
0 3 000000008000052c (0x0000006f) 
0 3 000000008000052c (0x0000006f) 
0 3 000000008000052c (0x0000006f) 
0 3 000000008000052c (0x0000006f) 
0 3 000000008000052c (0x0000006f) 
0 3 000000008000052c (0x0000006f) 
0 3 000000008000052c (0x0000006f) 
0 3 000000008000052c (0x0000006f) 
0 3 000000008000052c (0x0000006f) 
0 3 000000008000052c (0x0000006f) 
0 3 000000008000052c (0x0000006f) 
0 3 000000008000052c (0x0000006f) 
0 3 000000008000052c (0x0000006f) 
0 3 000000008000052c (0x0000006f) 
0 3 000000008000052c (0x0000006f) 
0 3 000000008000052c (0x0000006f) 
0 3 000000008000052c (0x0000006f) 
0 3 000000008000052c (0x0000006f) 
0 3 000000008000052c (0x0000006f) 
0 3 000000008000052c (0x0000006f) 
0 3 000000008000052c (0x0000006f) 
0 3 000000008000052c (0x0000006f) 
0 3 000000008000052c (0x0000006f) 
0 3 000000008000052c (0x0000006f) 
0 3 000000008000052c (0x0000006f) 
0 3 000000008000052c (0x0000006f) 
0 3 000000008000052c (0x0000006f) 
0 3 000000008000052c (0x0000006f) 
0 3 000000008000052c (0x0000006f) 
0 3 000000008000052c (0x0000006f) 
0 3 000000008000052c (0x0000006f) 
0 3 000000008000052c (0x0000006f) 
0 3 000000008000052c (0x0000006f) 
0 3 000000008000052c (0x0000006f) 
0 3 000000008000052c (0x0000006f) 
0 3 000000008000052c (0x0000006f) 
0 3 000000008000052c (0x0000006f) 
0 3 000000008000052c (0x0000006f) 
0 3 000000008000052c (0x0000006f) 
0 3 000000008000052c (0x0000006f) 
0 3 000000008000052c (0x0000006f) 
0 3 000000008000052c (0x0000006f) 
0 3 000000008000052c (0x0000006f) 
0 3 000000008000052c (0x0000006f) 
0 3 000000008000052c (0x0000006f) 
0 3 000000008000052c (0x0000006f) 
0 3 000000008000052c (0x0000006f) 
0 3 000000008000052c (0x0000006f) 
0 3 000000008000052c (0x0000006f) 
0 3 000000008000052c (0x0000006f) 
0 3 000000008000052c (0x0000006f) 
0 3 000000008000052c (0x0000006f) 
0 3 000000008000052c (0x0000006f) 
0 3 000000008000052c (0x0000006f) 
0 3 000000008000052c (0x0000006f) 
0 3 000000008000052c (0x0000006f) 
0 3 000000008000052c (0x0000006f) 
0 3 000000008000052c (0x0000006f) 
0 3 000000008000052c (0x0000006f) 
0 3 000000008000052c (0x0000006f) 
0 3 000000008000052c (0x0000006f) 
0 3 000000008000052c (0x0000006f) 
0 3 000000008000052c (0x0000006f) 
0 3 000000008000052c (0x0000006f) 
0 3 000000008000052c (0x0000006f) 
0 3 000000008000052c (0x0000006f) 
0 3 000000008000052c (0x0000006f) 
0 3 000000008000052c (0x0000006f) 
0 3 000000008000052c (0x0000006f) 
0 3 000000008000052c (0x0000006f) 
0 3 000000008000052c (0x0000006f) 
0 3 000000008000052c (0x0000006f) 
0 3 000000008000052c (0x0000006f) 
0 3 000000008000052c (0x0000006f) 
0 3 000000008000052c (0x0000006f) 
0 3 000000008000052c (0x0000006f) 
0 3 000000008000052c (0x0000006f) 
0 3 000000008000052c (0x0000006f) 
0 3 000000008000052c (0x0000006f) 
0 3 000000008000052c (0x0000006f) 
0 3 000000008000052c (0x0000006f) 
0 3 000000008000052c (0x0000006f) 
0 3 000000008000052c (0x0000006f) 
0 3 000000008000052c (0x0000006f) 
0 3 000000008000052c (0x0000006f) 
0 3 000000008000052c (0x0000006f) 
0 3 000000008000052c (0x0000006f) 
0 3 000000008000052c (0x0000006f) 
0 3 000000008000052c (0x0000006f) 
0 3 000000008000052c (0x0000006f) 
0 3 000000008000052c (0x0000006f) 
0 3 000000008000052c (0x0000006f) 
0 3 000000008000052c (0x0000006f) 
0 3 000000008000052c (0x0000006f) 
0 3 000000008000052c (0x0000006f) 
0 3 000000008000052c (0x0000006f) 
0 3 000000008000052c (0x0000006f) 
0 3 000000008000052c (0x0000006f) 
0 3 000000008000052c (0x0000006f) 
0 3 000000008000052c (0x0000006f) 
0 3 000000008000052c (0x0000006f) 
0 3 000000008000052c (0x0000006f) 
0 3 000000008000052c (0x0000006f) 
0 3 000000008000052c (0x0000006f) 
0 3 000000008000052c (0x0000006f) 
0 3 000000008000052c (0x0000006f) 
0 3 000000008000052c (0x0000006f) 
0 3 000000008000052c (0x0000006f) 
0 3 000000008000052c (0x0000006f) 
0 3 000000008000052c (0x0000006f) 
0 3 000000008000052c (0x0000006f) 
0 3 000000008000052c (0x0000006f) 
0 3 000000008000052c (0x0000006f) 
0 3 000000008000052c (0x0000006f) 
0 3 000000008000052c (0x0000006f) 
0 3 000000008000052c (0x0000006f) 
0 3 000000008000052c (0x0000006f) 
0 3 000000008000052c (0x0000006f) 
0 3 000000008000052c (0x0000006f) 
0 3 000000008000052c (0x0000006f) 
0 3 000000008000052c (0x0000006f) 
0 3 000000008000052c (0x0000006f) 
0 3 000000008000052c (0x0000006f) 
0 3 000000008000052c (0x0000006f) 
0 3 000000008000052c (0x0000006f) 
0 3 000000008000052c (0x0000006f) 
0 3 000000008000052c (0x0000006f) 
0 3 000000008000052c (0x0000006f) 
0 3 000000008000052c (0x0000006f) 
0 3 000000008000052c (0x0000006f) 
0 3 000000008000052c (0x0000006f) 
0 3 000000008000052c (0x0000006f) 
0 3 000000008000052c (0x0000006f) 
0 3 000000008000052c (0x0000006f) 
0 3 000000008000052c (0x0000006f) 
0 3 000000008000052c (0x0000006f) 
0 3 000000008000052c (0x0000006f) 
0 3 000000008000052c (0x0000006f) 
0 3 000000008000052c (0x0000006f) 
0 3 000000008000052c (0x0000006f) 
0 3 000000008000052c (0x0000006f) 
0 3 000000008000052c (0x0000006f) 
0 3 000000008000052c (0x0000006f) 
0 3 000000008000052c (0x0000006f) 
0 3 000000008000052c (0x0000006f) 
0 3 000000008000052c (0x0000006f) 
0 3 000000008000052c (0x0000006f) 
0 3 000000008000052c (0x0000006f) 
0 3 000000008000052c (0x0000006f) 
0 3 000000008000052c (0x0000006f) 
0 3 000000008000052c (0x0000006f) 
0 3 000000008000052c (0x0000006f) 
0 3 000000008000052c (0x0000006f) 
0 3 000000008000052c (0x0000006f) 
0 3 000000008000052c (0x0000006f) 
0 3 000000008000052c (0x0000006f) 
0 3 000000008000052c (0x0000006f) 
0 3 000000008000052c (0x0000006f) 
0 3 000000008000052c (0x0000006f) 
0 3 000000008000052c (0x0000006f) 
0 3 000000008000052c (0x0000006f) 
0 3 000000008000052c (0x0000006f) 
0 3 000000008000052c (0x0000006f) 
0 3 000000008000052c (0x0000006f) 
0 3 000000008000052c (0x0000006f) 
0 3 000000008000052c (0x0000006f) 
0 3 000000008000052c (0x0000006f) 
0 3 000000008000052c (0x0000006f) 
0 3 000000008000052c (0x0000006f) 
0 3 000000008000052c (0x0000006f) 
0 3 000000008000052c (0x0000006f) 
0 3 000000008000052c (0x0000006f) 
0 3 000000008000052c (0x0000006f) 
0 3 000000008000052c (0x0000006f) 
0 3 000000008000052c (0x0000006f) 
0 3 000000008000052c (0x0000006f) 
0 3 000000008000052c (0x0000006f) 
0 3 000000008000052c (0x0000006f) 
0 3 000000008000052c (0x0000006f) 
0 3 000000008000052c (0x0000006f) 
0 3 000000008000052c (0x0000006f) 
0 3 000000008000052c (0x0000006f) 
0 3 000000008000052c (0x0000006f) 
0 3 000000008000052c (0x0000006f) 
0 3 000000008000052c (0x0000006f) 
0 3 000000008000052c (0x0000006f) 
0 3 000000008000052c (0x0000006f) 
0 3 000000008000052c (0x0000006f) 
0 3 000000008000052c (0x0000006f) 
0 3 000000008000052c (0x0000006f) 
0 3 000000008000052c (0x0000006f) 
0 3 000000008000052c (0x0000006f) 
0 3 000000008000052c (0x0000006f) 
0 3 000000008000052c (0x0000006f) 
0 3 000000008000052c (0x0000006f) 
0 3 000000008000052c (0x0000006f) 
0 3 000000008000052c (0x0000006f) 
0 3 000000008000052c (0x0000006f) 
0 3 000000008000052c (0x0000006f) 
0 3 000000008000052c (0x0000006f) 
0 3 000000008000052c (0x0000006f) 
0 3 000000008000052c (0x0000006f) 
0 3 000000008000052c (0x0000006f) 
0 3 000000008000052c (0x0000006f) 
0 3 000000008000052c (0x0000006f) 
0 3 000000008000052c (0x0000006f) 
0 3 000000008000052c (0x0000006f) 
0 3 000000008000052c (0x0000006f) 
0 3 000000008000052c (0x0000006f) 
0 3 000000008000052c (0x0000006f) 
0 3 000000008000052c (0x0000006f) 
0 3 000000008000052c (0x0000006f) 
0 3 000000008000052c (0x0000006f) 
0 3 000000008000052c (0x0000006f) 
0 3 000000008000052c (0x0000006f) 
0 3 000000008000052c (0x0000006f) 
0 3 000000008000052c (0x0000006f) 
0 3 000000008000052c (0x0000006f) 
0 3 000000008000052c (0x0000006f) 
0 3 000000008000052c (0x0000006f) 
0 3 000000008000052c (0x0000006f) 
0 3 000000008000052c (0x0000006f) 
0 3 000000008000052c (0x0000006f) 
0 3 000000008000052c (0x0000006f) 
0 3 000000008000052c (0x0000006f) 
0 3 000000008000052c (0x0000006f) 
0 3 000000008000052c (0x0000006f) 
0 3 000000008000052c (0x0000006f) 
0 3 000000008000052c (0x0000006f) 
0 3 000000008000052c (0x0000006f) 
0 3 000000008000052c (0x0000006f) 
0 3 000000008000052c (0x0000006f) 
0 3 000000008000052c (0x0000006f) 
0 3 000000008000052c (0x0000006f) 
0 3 000000008000052c (0x0000006f) 
0 3 000000008000052c (0x0000006f) 
0 3 000000008000052c (0x0000006f) 
0 3 000000008000052c (0x0000006f) 
0 3 000000008000052c (0x0000006f) 
0 3 000000008000052c (0x0000006f) 
0 3 000000008000052c (0x0000006f) 
0 3 000000008000052c (0x0000006f) 
0 3 000000008000052c (0x0000006f) 
0 3 000000008000052c (0x0000006f) 
0 3 000000008000052c (0x0000006f) 
0 3 000000008000052c (0x0000006f) 
0 3 000000008000052c (0x0000006f) 
0 3 000000008000052c (0x0000006f) 
0 3 000000008000052c (0x0000006f) 
0 3 000000008000052c (0x0000006f) 
0 3 000000008000052c (0x0000006f) 
0 3 000000008000052c (0x0000006f) 
0 3 000000008000052c (0x0000006f) 
0 3 000000008000052c (0x0000006f) 
0 3 000000008000052c (0x0000006f) 
0 3 000000008000052c (0x0000006f) 
0 3 000000008000052c (0x0000006f) 
0 3 000000008000052c (0x0000006f) 
0 3 000000008000052c (0x0000006f) 
0 3 000000008000052c (0x0000006f) 
0 3 000000008000052c (0x0000006f) 
0 3 000000008000052c (0x0000006f) 
0 3 000000008000052c (0x0000006f) 
0 3 000000008000052c (0x0000006f) 
0 3 000000008000052c (0x0000006f) 
0 3 000000008000052c (0x0000006f) 
0 3 000000008000052c (0x0000006f) 
0 3 000000008000052c (0x0000006f) 
0 3 000000008000052c (0x0000006f) 
0 3 000000008000052c (0x0000006f) 
0 3 000000008000052c (0x0000006f) 
0 3 000000008000052c (0x0000006f) 
0 3 000000008000052c (0x0000006f) 
0 3 000000008000052c (0x0000006f) 
0 3 000000008000052c (0x0000006f) 
0 3 000000008000052c (0x0000006f) 
0 3 000000008000052c (0x0000006f) 
0 3 000000008000052c (0x0000006f) 
0 3 000000008000052c (0x0000006f) 
0 3 000000008000052c (0x0000006f) 
0 3 000000008000052c (0x0000006f) 
0 3 000000008000052c (0x0000006f) 
0 3 000000008000052c (0x00000000) exception (8000000000000007) -> 0x0080000340
0 3 0000000080000340 (0xeb010113) x02 0000000081026e80
0 3 0000000080000342 (0x14113423) 
0 3 0000000080000344 (0x14513023) 
0 3 0000000080000346 (0x003022f3) x05 0000000000000000
0 3 000000008000034a (0x12512c23) 
0 3 000000008000034e (0x12613823) 
0 3 0000000080000350 (0x12713423) 
0 3 0000000080000352 (0x12813023) 
0 3 0000000080000354 (0x10a13c23) 
0 3 0000000080000356 (0x10b13823) 
0 3 0000000080000358 (0x10c13423) 
0 3 000000008000035a (0x10d13023) 
0 3 000000008000035c (0x0ee13c23) 
0 3 000000008000035e (0x0ef13823) 
0 3 0000000080000360 (0x0f013423) 
0 3 0000000080000362 (0x0f113023) 
0 3 0000000080000364 (0x0dc13c23) 
0 3 0000000080000366 (0x0dd13823) 
0 3 0000000080000368 (0x0de13423) 
0 3 000000008000036a (0x0df13023) 
0 3 000000008000036c (0x0a013427) 
0 3 000000008000036e (0x0a113027) 
0 3 0000000080000370 (0x08213c27) 
0 3 0000000080000372 (0x08313827) 
0 3 0000000080000374 (0x08413427) 
0 3 0000000080000376 (0x08513027) 
0 3 0000000080000378 (0x06613c27) 
0 3 000000008000037a (0x06713827) 
0 3 000000008000037c (0x06a13427) 
0 3 000000008000037e (0x06b13027) 
0 3 0000000080000380 (0x04c13c27) 
0 3 0000000080000382 (0x04d13827) 
0 3 0000000080000384 (0x04e13427) 
0 3 0000000080000386 (0x04f13027) 
0 3 0000000080000388 (0x03013c27) 
0 3 000000008000038a (0x03113827) 
0 3 000000008000038c (0x03c13427) 
0 3 000000008000038e (0x03d13027) 
0 3 0000000080000390 (0x01e13c27) 
0 3 0000000080000392 (0x01f13827) 
0 3 0000000080000394 (0x15010413) x08 0000000081026fd0
0 3 0000000080000396 (0x342027f3) x0f 8000000000000007
0 3 000000008000039a (0xeaf43c23) 
0 3 000000008000039e (0x00005517) x0a 000000008000539e
0 3 00000000800003a2 (0x65a50513) x0a 00000000800059f8
0 3 00000000800003a6 (0x17e050ef) x01 00000000800003aa
0 3 0000000080005524 (0xfe010113) x02 0000000081026e60
0 3 0000000080005526 (0x00113c23) 
0 3 0000000080005528 (0x00813823) 
0 3 000000008000552a (0x02010413) x08 0000000081026e80
0 3 000000008000552c (0xfea43423) 
0 3 0000000080005530 (0x01c0006f) 
0 3 000000008000554c (0xfe843783) x0f 00000000800059f8
0 3 0000000080005550 (0x0007c783) x0f 0000000000000049
0 3 0000000080005554 (0xfc079fe3) 
0 3 0000000080005532 (0xfe843783) x0f 00000000800059f8
0 3 0000000080005536 (0x0007c783) x0f 0000000000000049
0 3 000000008000553a (0x0007879b) x0f 0000000000000049
0 3 000000008000553c (0x00f00533) x0a 0000000000000049
0 3 000000008000553e (0xf5fff0ef) x01 0000000080005542
0 3 000000008000549c (0xfe010113) x02 0000000081026e40
0 3 000000008000549e (0x00813c23) 
0 3 00000000800054a0 (0x02010413) x08 0000000081026e60
0 3 00000000800054a2 (0x00a007b3) x0f 0000000000000049
0 3 00000000800054a4 (0xfef42623) 
0 3 00000000800054a8 (0x001017b7) x0f 0000000000101000
0 3 00000000800054ac (0xfec42703) x0e 0000000000000049
0 3 00000000800054b0 (0x0ff77713) x0e 0000000000000049
0 3 00000000800054b4 (0x00e78023) 
0 3 00000000800054b8 (0x00000013) 
0 3 00000000800054ba (0x01813403) x08 0000000081026e80
0 3 00000000800054bc (0x02010113) x02 0000000081026e60
0 3 00000000800054be (0x00008067) 
0 3 0000000080005542 (0xfe843783) x0f 00000000800059f8
0 3 0000000080005546 (0x00178793) x0f 00000000800059f9
0 3 0000000080005548 (0xfef43423) 
0 3 000000008000554c (0xfe843783) x0f 00000000800059f9
0 3 0000000080005550 (0x0007c783) x0f 000000000000006e
0 3 0000000080005554 (0xfc079fe3) 
0 3 0000000080005532 (0xfe843783) x0f 00000000800059f9
0 3 0000000080005536 (0x0007c783) x0f 000000000000006e
0 3 000000008000553a (0x0007879b) x0f 000000000000006e
0 3 000000008000553c (0x00f00533) x0a 000000000000006e
0 3 000000008000553e (0xf5fff0ef) x01 0000000080005542
0 3 000000008000549c (0xfe010113) x02 0000000081026e40
0 3 000000008000549e (0x00813c23) 
0 3 00000000800054a0 (0x02010413) x08 0000000081026e60
0 3 00000000800054a2 (0x00a007b3) x0f 000000000000006e
0 3 00000000800054a4 (0xfef42623) 
0 3 00000000800054a8 (0x001017b7) x0f 0000000000101000
0 3 00000000800054ac (0xfec42703) x0e 000000000000006e
0 3 00000000800054b0 (0x0ff77713) x0e 000000000000006e
0 3 00000000800054b4 (0x00e78023) 
0 3 00000000800054b8 (0x00000013) 
0 3 00000000800054ba (0x01813403) x08 0000000081026e80
0 3 00000000800054bc (0x02010113) x02 0000000081026e60
0 3 00000000800054be (0x00008067) 
0 3 0000000080005542 (0xfe843783) x0f 00000000800059f9
0 3 0000000080005546 (0x00178793) x0f 00000000800059fa
0 3 0000000080005548 (0xfef43423) 
0 3 000000008000554c (0xfe843783) x0f 00000000800059fa
0 3 0000000080005550 (0x0007c783) x0f 0000000000000074
0 3 0000000080005554 (0xfc079fe3) 
0 3 0000000080005532 (0xfe843783) x0f 00000000800059fa
0 3 0000000080005536 (0x0007c783) x0f 0000000000000074
0 3 000000008000553a (0x0007879b) x0f 0000000000000074
0 3 000000008000553c (0x00f00533) x0a 0000000000000074
0 3 000000008000553e (0xf5fff0ef) x01 0000000080005542
0 3 000000008000549c (0xfe010113) x02 0000000081026e40
0 3 000000008000549e (0x00813c23) 
0 3 00000000800054a0 (0x02010413) x08 0000000081026e60
0 3 00000000800054a2 (0x00a007b3) x0f 0000000000000074
0 3 00000000800054a4 (0xfef42623) 
0 3 00000000800054a8 (0x001017b7) x0f 0000000000101000
0 3 00000000800054ac (0xfec42703) x0e 0000000000000074
0 3 00000000800054b0 (0x0ff77713) x0e 0000000000000074
0 3 00000000800054b4 (0x00e78023) 
0 3 00000000800054b8 (0x00000013) 
0 3 00000000800054ba (0x01813403) x08 0000000081026e80
0 3 00000000800054bc (0x02010113) x02 0000000081026e60
0 3 00000000800054be (0x00008067) 
0 3 0000000080005542 (0xfe843783) x0f 00000000800059fa
0 3 0000000080005546 (0x00178793) x0f 00000000800059fb
0 3 0000000080005548 (0xfef43423) 
0 3 000000008000554c (0xfe843783) x0f 00000000800059fb
0 3 0000000080005550 (0x0007c783) x0f 0000000000000065
0 3 0000000080005554 (0xfc079fe3) 
0 3 0000000080005532 (0xfe843783) x0f 00000000800059fb
0 3 0000000080005536 (0x0007c783) x0f 0000000000000065
0 3 000000008000553a (0x0007879b) x0f 0000000000000065
0 3 000000008000553c (0x00f00533) x0a 0000000000000065
0 3 000000008000553e (0xf5fff0ef) x01 0000000080005542
0 3 000000008000549c (0xfe010113) x02 0000000081026e40
0 3 000000008000549e (0x00813c23) 
0 3 00000000800054a0 (0x02010413) x08 0000000081026e60
0 3 00000000800054a2 (0x00a007b3) x0f 0000000000000065
0 3 00000000800054a4 (0xfef42623) 
0 3 00000000800054a8 (0x001017b7) x0f 0000000000101000
0 3 00000000800054ac (0xfec42703) x0e 0000000000000065
0 3 00000000800054b0 (0x0ff77713) x0e 0000000000000065
0 3 00000000800054b4 (0x00e78023) 
0 3 00000000800054b8 (0x00000013) 
0 3 00000000800054ba (0x01813403) x08 0000000081026e80
0 3 00000000800054bc (0x02010113) x02 0000000081026e60
0 3 00000000800054be (0x00008067) 
0 3 0000000080005542 (0xfe843783) x0f 00000000800059fb
0 3 0000000080005546 (0x00178793) x0f 00000000800059fc
0 3 0000000080005548 (0xfef43423) 
0 3 000000008000554c (0xfe843783) x0f 00000000800059fc
0 3 0000000080005550 (0x0007c783) x0f 0000000000000072
0 3 0000000080005554 (0xfc079fe3) 
0 3 0000000080005532 (0xfe843783) x0f 00000000800059fc
0 3 0000000080005536 (0x0007c783) x0f 0000000000000072
0 3 000000008000553a (0x0007879b) x0f 0000000000000072
0 3 000000008000553c (0x00f00533) x0a 0000000000000072
0 3 000000008000553e (0xf5fff0ef) x01 0000000080005542
0 3 000000008000549c (0xfe010113) x02 0000000081026e40
0 3 000000008000549e (0x00813c23) 
0 3 00000000800054a0 (0x02010413) x08 0000000081026e60
0 3 00000000800054a2 (0x00a007b3) x0f 0000000000000072
0 3 00000000800054a4 (0xfef42623) 
0 3 00000000800054a8 (0x001017b7) x0f 0000000000101000
0 3 00000000800054ac (0xfec42703) x0e 0000000000000072
0 3 00000000800054b0 (0x0ff77713) x0e 0000000000000072
0 3 00000000800054b4 (0x00e78023) 
0 3 00000000800054b8 (0x00000013) 
0 3 00000000800054ba (0x01813403) x08 0000000081026e80
0 3 00000000800054bc (0x02010113) x02 0000000081026e60
0 3 00000000800054be (0x00008067) 
0 3 0000000080005542 (0xfe843783) x0f 00000000800059fc
0 3 0000000080005546 (0x00178793) x0f 00000000800059fd
0 3 0000000080005548 (0xfef43423) 
0 3 000000008000554c (0xfe843783) x0f 00000000800059fd
0 3 0000000080005550 (0x0007c783) x0f 0000000000000072
0 3 0000000080005554 (0xfc079fe3) 
0 3 0000000080005532 (0xfe843783) x0f 00000000800059fd
0 3 0000000080005536 (0x0007c783) x0f 0000000000000072
0 3 000000008000553a (0x0007879b) x0f 0000000000000072
0 3 000000008000553c (0x00f00533) x0a 0000000000000072
0 3 000000008000553e (0xf5fff0ef) x01 0000000080005542
0 3 000000008000549c (0xfe010113) x02 0000000081026e40
0 3 000000008000549e (0x00813c23) 
0 3 00000000800054a0 (0x02010413) x08 0000000081026e60
0 3 00000000800054a2 (0x00a007b3) x0f 0000000000000072
0 3 00000000800054a4 (0xfef42623) 
0 3 00000000800054a8 (0x001017b7) x0f 0000000000101000
0 3 00000000800054ac (0xfec42703) x0e 0000000000000072
0 3 00000000800054b0 (0x0ff77713) x0e 0000000000000072
0 3 00000000800054b4 (0x00e78023) 
0 3 00000000800054b8 (0x00000013) 
0 3 00000000800054ba (0x01813403) x08 0000000081026e80
0 3 00000000800054bc (0x02010113) x02 0000000081026e60
0 3 00000000800054be (0x00008067) 
0 3 0000000080005542 (0xfe843783) x0f 00000000800059fd
0 3 0000000080005546 (0x00178793) x0f 00000000800059fe
0 3 0000000080005548 (0xfef43423) 
0 3 000000008000554c (0xfe843783) x0f 00000000800059fe
0 3 0000000080005550 (0x0007c783) x0f 0000000000000075
0 3 0000000080005554 (0xfc079fe3) 
0 3 0000000080005532 (0xfe843783) x0f 00000000800059fe
0 3 0000000080005536 (0x0007c783) x0f 0000000000000075
0 3 000000008000553a (0x0007879b) x0f 0000000000000075
0 3 000000008000553c (0x00f00533) x0a 0000000000000075
0 3 000000008000553e (0xf5fff0ef) x01 0000000080005542
0 3 000000008000549c (0xfe010113) x02 0000000081026e40
0 3 000000008000549e (0x00813c23) 
0 3 00000000800054a0 (0x02010413) x08 0000000081026e60
0 3 00000000800054a2 (0x00a007b3) x0f 0000000000000075
0 3 00000000800054a4 (0xfef42623) 
0 3 00000000800054a8 (0x001017b7) x0f 0000000000101000
0 3 00000000800054ac (0xfec42703) x0e 0000000000000075
0 3 00000000800054b0 (0x0ff77713) x0e 0000000000000075
0 3 00000000800054b4 (0x00e78023) 
0 3 00000000800054b8 (0x00000013) 
0 3 00000000800054ba (0x01813403) x08 0000000081026e80
0 3 00000000800054bc (0x02010113) x02 0000000081026e60
0 3 00000000800054be (0x00008067) 
0 3 0000000080005542 (0xfe843783) x0f 00000000800059fe
0 3 0000000080005546 (0x00178793) x0f 00000000800059ff
0 3 0000000080005548 (0xfef43423) 
0 3 000000008000554c (0xfe843783) x0f 00000000800059ff
0 3 0000000080005550 (0x0007c783) x0f 0000000000000070
0 3 0000000080005554 (0xfc079fe3) 
0 3 0000000080005532 (0xfe843783) x0f 00000000800059ff
0 3 0000000080005536 (0x0007c783) x0f 0000000000000070
0 3 000000008000553a (0x0007879b) x0f 0000000000000070
0 3 000000008000553c (0x00f00533) x0a 0000000000000070
0 3 000000008000553e (0xf5fff0ef) x01 0000000080005542
0 3 000000008000549c (0xfe010113) x02 0000000081026e40
0 3 000000008000549e (0x00813c23) 
0 3 00000000800054a0 (0x02010413) x08 0000000081026e60
0 3 00000000800054a2 (0x00a007b3) x0f 0000000000000070
0 3 00000000800054a4 (0xfef42623) 
0 3 00000000800054a8 (0x001017b7) x0f 0000000000101000
0 3 00000000800054ac (0xfec42703) x0e 0000000000000070
0 3 00000000800054b0 (0x0ff77713) x0e 0000000000000070
0 3 00000000800054b4 (0x00e78023) 
0 3 00000000800054b8 (0x00000013) 
0 3 00000000800054ba (0x01813403) x08 0000000081026e80
0 3 00000000800054bc (0x02010113) x02 0000000081026e60
0 3 00000000800054be (0x00008067) 
0 3 0000000080005542 (0xfe843783) x0f 00000000800059ff
0 3 0000000080005546 (0x00178793) x0f 0000000080005a00
0 3 0000000080005548 (0xfef43423) 
0 3 000000008000554c (0xfe843783) x0f 0000000080005a00
0 3 0000000080005550 (0x0007c783) x0f 0000000000000074
0 3 0000000080005554 (0xfc079fe3) 
0 3 0000000080005532 (0xfe843783) x0f 0000000080005a00
0 3 0000000080005536 (0x0007c783) x0f 0000000000000074
0 3 000000008000553a (0x0007879b) x0f 0000000000000074
0 3 000000008000553c (0x00f00533) x0a 0000000000000074
0 3 000000008000553e (0xf5fff0ef) x01 0000000080005542
0 3 000000008000549c (0xfe010113) x02 0000000081026e40
0 3 000000008000549e (0x00813c23) 
0 3 00000000800054a0 (0x02010413) x08 0000000081026e60
0 3 00000000800054a2 (0x00a007b3) x0f 0000000000000074
0 3 00000000800054a4 (0xfef42623) 
0 3 00000000800054a8 (0x001017b7) x0f 0000000000101000
0 3 00000000800054ac (0xfec42703) x0e 0000000000000074
0 3 00000000800054b0 (0x0ff77713) x0e 0000000000000074
0 3 00000000800054b4 (0x00e78023) 
0 3 00000000800054b8 (0x00000013) 
0 3 00000000800054ba (0x01813403) x08 0000000081026e80
0 3 00000000800054bc (0x02010113) x02 0000000081026e60
0 3 00000000800054be (0x00008067) 
0 3 0000000080005542 (0xfe843783) x0f 0000000080005a00
0 3 0000000080005546 (0x00178793) x0f 0000000080005a01
0 3 0000000080005548 (0xfef43423) 
0 3 000000008000554c (0xfe843783) x0f 0000000080005a01
0 3 0000000080005550 (0x0007c783) x0f 000000000000000a
0 3 0000000080005554 (0xfc079fe3) 
0 3 0000000080005532 (0xfe843783) x0f 0000000080005a01
0 3 0000000080005536 (0x0007c783) x0f 000000000000000a
0 3 000000008000553a (0x0007879b) x0f 000000000000000a
0 3 000000008000553c (0x00f00533) x0a 000000000000000a
0 3 000000008000553e (0xf5fff0ef) x01 0000000080005542
0 3 000000008000549c (0xfe010113) x02 0000000081026e40
0 3 000000008000549e (0x00813c23) 
0 3 00000000800054a0 (0x02010413) x08 0000000081026e60
0 3 00000000800054a2 (0x00a007b3) x0f 000000000000000a
0 3 00000000800054a4 (0xfef42623) 
0 3 00000000800054a8 (0x001017b7) x0f 0000000000101000
0 3 00000000800054ac (0xfec42703) x0e 000000000000000a
0 3 00000000800054b0 (0x0ff77713) x0e 000000000000000a
0 3 00000000800054b4 (0x00e78023) 
0 3 00000000800054b8 (0x00000013) 
0 3 00000000800054ba (0x01813403) x08 0000000081026e80
0 3 00000000800054bc (0x02010113) x02 0000000081026e60
0 3 00000000800054be (0x00008067) 
0 3 0000000080005542 (0xfe843783) x0f 0000000080005a01
0 3 0000000080005546 (0x00178793) x0f 0000000080005a02
0 3 0000000080005548 (0xfef43423) 
0 3 000000008000554c (0xfe843783) x0f 0000000080005a02
0 3 0000000080005550 (0x0007c783) x0f 0000000000000000
0 3 0000000080005554 (0xfc079fe3) 
0 3 0000000080005556 (0x00000013) 
0 3 0000000080005558 (0x00000013) 
0 3 000000008000555a (0x01813083) x01 00000000800003aa
0 3 000000008000555c (0x01013403) x08 0000000081026fd0
0 3 000000008000555e (0x02010113) x02 0000000081026e80
0 3 0000000080005560 (0x00008067) 
0 3 00000000800003aa (0xeb843783) x0f 8000000000000007
0 3 00000000800003ae (0x03f7d713) x0e 0000000000000001
0 3 00000000800003b2 (0x00100793) x0f 0000000000000001
0 3 00000000800003b4 (0x08f71b63) 
0 3 00000000800003b8 (0xeb843783) x0f 8000000000000007
0 3 00000000800003bc (0x0077f713) x0e 0000000000000007
0 3 00000000800003c0 (0x00400793) x0f 0000000000000004
0 3 00000000800003c2 (0x02f70063) 
0 3 00000000800003c6 (0xeb843783) x0f 8000000000000007
0 3 00000000800003ca (0x0077f713) x0e 0000000000000007
0 3 00000000800003ce (0x00500793) x0f 0000000000000005
0 3 00000000800003d0 (0x00f70963) 
0 3 00000000800003d4 (0xeb843783) x0f 8000000000000007
0 3 00000000800003d8 (0x0077f713) x0e 0000000000000007
0 3 00000000800003dc (0x00700793) x0f 0000000000000007
0 3 00000000800003de (0x02f71163) 
0 3 00000000800003e2 (0x00006797) x0f 00000000800063e2
0 3 00000000800003e6 (0x46678793) x0f 0000000080006848
0 3 00000000800003ea (0x0007c783) x0f 0000000000000031
0 3 00000000800003ee (0x0017879b) x0f 0000000000000032
0 3 00000000800003f0 (0x0ff7f713) x0e 0000000000000032
0 3 00000000800003f4 (0x00006797) x0f 00000000800063f4
0 3 00000000800003f8 (0x45478793) x0f 0000000080006848
0 3 00000000800003fc (0x00e78023) 
0 3 0000000080000400 (0x81818793) x0f 0000000080006858
0 3 0000000080000404 (0x0007b783) x0f 000000000030bff8
0 3 0000000080000406 (0x0007b703) x0e 000000000000487f
0 3 0000000080000408 (0x81018793) x0f 0000000080006850
0 3 000000008000040c (0x0007b783) x0f 0000000000304000
0 3 000000008000040e (0x40070713) x0e 0000000000004c7f
0 3 0000000080000412 (0x00e7b023) 
0 3 0000000080000414 (0x00006797) x0f 0000000080006414
0 3 0000000080000418 (0x43478793) x0f 0000000080006848
0 3 000000008000041c (0x0007c783) x0f 0000000000000032
0 3 0000000080000420 (0x0007879b) x0f 0000000000000032
0 3 0000000080000422 (0x00f00533) x0a 0000000000000032
0 3 0000000080000424 (0x078050ef) x01 0000000080000428
0 3 000000008000549c (0xfe010113) x02 0000000081026e60
0 3 000000008000549e (0x00813c23) 
0 3 00000000800054a0 (0x02010413) x08 0000000081026e80
0 3 00000000800054a2 (0x00a007b3) x0f 0000000000000032
0 3 00000000800054a4 (0xfef42623) 
0 3 00000000800054a8 (0x001017b7) x0f 0000000000101000
0 3 00000000800054ac (0xfec42703) x0e 0000000000000032
0 3 00000000800054b0 (0x0ff77713) x0e 0000000000000032
0 3 00000000800054b4 (0x00e78023) 
0 3 00000000800054b8 (0x00000013) 
0 3 00000000800054ba (0x01813403) x08 0000000081026fd0
0 3 00000000800054bc (0x02010113) x02 0000000081026e80
0 3 00000000800054be (0x00008067) 
0 3 0000000080000428 (0x00a00513) x0a 000000000000000a
0 3 000000008000042a (0x072050ef) x01 000000008000042e
0 3 000000008000549c (0xfe010113) x02 0000000081026e60
0 3 000000008000549e (0x00813c23) 
0 3 00000000800054a0 (0x02010413) x08 0000000081026e80
0 3 00000000800054a2 (0x00a007b3) x0f 000000000000000a
0 3 00000000800054a4 (0xfef42623) 
0 3 00000000800054a8 (0x001017b7) x0f 0000000000101000
0 3 00000000800054ac (0xfec42703) x0e 000000000000000a
0 3 00000000800054b0 (0x0ff77713) x0e 000000000000000a
0 3 00000000800054b4 (0x00e78023) 
0 3 00000000800054b8 (0x00000013) 
0 3 00000000800054ba (0x01813403) x08 0000000081026fd0
0 3 00000000800054bc (0x02010113) x02 0000000081026e80
0 3 00000000800054be (0x00008067) 
0 3 000000008000042e (0x00006797) x0f 000000008000642e
0 3 0000000080000432 (0x41a78793) x0f 0000000080006848
0 3 0000000080000436 (0x0007c783) x0f 0000000000000032
0 3 000000008000043a (0x00f00733) x0e 0000000000000032
0 3 000000008000043c (0x03800793) x0f 0000000000000038
0 3 0000000080000440 (0x02f71463) 
0 3 0000000080000468 (0x00000013) 
0 3 000000008000046a (0x14813083) x01 000000008000051c
0 3 000000008000046c (0x13812283) x05 0000000000000000
0 3 0000000080000470 (0x00329073) 
0 3 0000000080000474 (0x14013283) x05 ffffffffffffffff
0 3 0000000080000476 (0x13013303) x06 0000000080006f40
0 3 0000000080000478 (0x12813383) x07 0000000000000000
0 3 000000008000047a (0x12013403) x08 0000000081027000
0 3 000000008000047c (0x11813503) x0a 000000000000000a
0 3 000000008000047e (0x11013583) x0b 00000000800059d8
0 3 0000000080000480 (0x10813603) x0c 0000000000000000
0 3 0000000080000482 (0x10013683) x0d 0000000080000c02
0 3 0000000080000484 (0x0f813703) x0e 000000000000000a
0 3 0000000080000486 (0x0f013783) x0f 000000000000600b
0 3 0000000080000488 (0x0e813803) x10 0000000000000000
0 3 000000008000048a (0x0e013883) x11 0000000080027000
0 3 000000008000048c (0x0d813e03) x1c 0000000000000000
0 3 000000008000048e (0x0d013e83) x1d 0000000000000000
0 3 0000000080000490 (0x0c813f03) x1e 0000000000000000
0 3 0000000080000492 (0x0c013f83) x1f 0000000000000000
0 3 0000000080000494 (0x0a813007) f00 ffffffff00000000
0 3 0000000080000496 (0x0a013087) f01 ffffffff00000000
0 3 0000000080000498 (0x09813107) f02 ffffffff00000000
0 3 000000008000049a (0x09013187) f03 ffffffff00000000
0 3 000000008000049c (0x08813207) f04 ffffffff00000000
0 3 000000008000049e (0x08013287) f05 ffffffff00000000
0 3 00000000800004a0 (0x07813307) f06 ffffffff00000000
0 3 00000000800004a2 (0x07013387) f07 ffffffff00000000
0 3 00000000800004a4 (0x06813507) f0a ffffffff00000000
0 3 00000000800004a6 (0x06013587) f0b ffffffff00000000
0 3 00000000800004a8 (0x05813607) f0c ffffffff00000000
0 3 00000000800004aa (0x05013687) f0d ffffffff00000000
0 3 00000000800004ac (0x04813707) f0e ffffffff00000000
0 3 00000000800004ae (0x04013787) f0f ffffffff00000000
0 3 00000000800004b0 (0x03813807) f10 ffffffff00000000
0 3 00000000800004b2 (0x03013887) f11 ffffffff00000000
0 3 00000000800004b4 (0x02813e07) f1c ffffffff00000000
0 3 00000000800004b6 (0x02013e87) f1d ffffffff00000000
0 3 00000000800004b8 (0x01813f07) f1e ffffffff00000000
0 3 00000000800004ba (0x01013f87) f1f ffffffff00000000
0 3 00000000800004bc (0x15010113) x02 0000000081026fd0
0 3 00000000800004be (0x30200073) 
0 3 000000008000052c (0x0000006f) 
0 3 000000008000052c (0x0000006f) 
0 3 000000008000052c (0x0000006f) 
0 3 000000008000052c (0x0000006f) 
0 3 000000008000052c (0x0000006f) 
0 3 000000008000052c (0x0000006f) 
0 3 000000008000052c (0x0000006f) 
0 3 000000008000052c (0x0000006f) 
0 3 000000008000052c (0x0000006f) 
0 3 000000008000052c (0x0000006f) 
0 3 000000008000052c (0x0000006f) 
0 3 000000008000052c (0x0000006f) 
0 3 000000008000052c (0x0000006f) 
0 3 000000008000052c (0x0000006f) 
0 3 000000008000052c (0x0000006f) 
0 3 000000008000052c (0x0000006f) 
0 3 000000008000052c (0x0000006f) 
0 3 000000008000052c (0x0000006f) 
0 3 000000008000052c (0x0000006f) 
0 3 000000008000052c (0x0000006f) 
0 3 000000008000052c (0x0000006f) 
0 3 000000008000052c (0x0000006f) 
0 3 000000008000052c (0x0000006f) 
0 3 000000008000052c (0x0000006f) 
0 3 000000008000052c (0x0000006f) 
0 3 000000008000052c (0x0000006f) 
0 3 000000008000052c (0x0000006f) 
0 3 000000008000052c (0x0000006f) 
0 3 000000008000052c (0x0000006f) 
0 3 000000008000052c (0x0000006f) 
0 3 000000008000052c (0x0000006f) 
0 3 000000008000052c (0x0000006f) 
0 3 000000008000052c (0x0000006f) 
0 3 000000008000052c (0x0000006f) 
0 3 000000008000052c (0x0000006f) 
0 3 000000008000052c (0x0000006f) 
0 3 000000008000052c (0x0000006f) 
0 3 000000008000052c (0x0000006f) 
0 3 000000008000052c (0x0000006f) 
0 3 000000008000052c (0x0000006f) 
0 3 000000008000052c (0x0000006f) 
0 3 000000008000052c (0x0000006f) 
0 3 000000008000052c (0x0000006f) 
0 3 000000008000052c (0x0000006f) 
0 3 000000008000052c (0x0000006f) 
0 3 000000008000052c (0x0000006f) 
0 3 000000008000052c (0x0000006f) 
0 3 000000008000052c (0x0000006f) 
0 3 000000008000052c (0x0000006f) 
0 3 000000008000052c (0x0000006f) 
0 3 000000008000052c (0x0000006f) 
0 3 000000008000052c (0x0000006f) 
0 3 000000008000052c (0x0000006f) 
0 3 000000008000052c (0x0000006f) 
0 3 000000008000052c (0x0000006f) 
0 3 000000008000052c (0x0000006f) 
0 3 000000008000052c (0x0000006f) 
0 3 000000008000052c (0x0000006f) 
0 3 000000008000052c (0x0000006f) 
0 3 000000008000052c (0x0000006f) 
0 3 000000008000052c (0x0000006f) 
0 3 000000008000052c (0x0000006f) 
0 3 000000008000052c (0x0000006f) 
0 3 000000008000052c (0x0000006f) 
0 3 000000008000052c (0x0000006f) 
0 3 000000008000052c (0x0000006f) 
0 3 000000008000052c (0x0000006f) 
0 3 000000008000052c (0x0000006f) 
0 3 000000008000052c (0x0000006f) 
0 3 000000008000052c (0x0000006f) 
0 3 000000008000052c (0x0000006f) 
0 3 000000008000052c (0x0000006f) 
0 3 000000008000052c (0x0000006f) 
0 3 000000008000052c (0x0000006f) 
0 3 000000008000052c (0x0000006f) 
0 3 000000008000052c (0x0000006f) 
0 3 000000008000052c (0x0000006f) 
0 3 000000008000052c (0x0000006f) 
0 3 000000008000052c (0x0000006f) 
0 3 000000008000052c (0x0000006f) 
0 3 000000008000052c (0x0000006f) 
0 3 000000008000052c (0x0000006f) 
0 3 000000008000052c (0x0000006f) 
0 3 000000008000052c (0x0000006f) 
0 3 000000008000052c (0x0000006f) 
0 3 000000008000052c (0x0000006f) 
0 3 000000008000052c (0x0000006f) 
0 3 000000008000052c (0x0000006f) 
0 3 000000008000052c (0x0000006f) 
0 3 000000008000052c (0x0000006f) 
0 3 000000008000052c (0x0000006f) 
0 3 000000008000052c (0x0000006f) 
0 3 000000008000052c (0x0000006f) 
0 3 000000008000052c (0x0000006f) 
0 3 000000008000052c (0x0000006f) 
0 3 000000008000052c (0x0000006f) 
0 3 000000008000052c (0x0000006f) 
0 3 000000008000052c (0x0000006f) 
0 3 000000008000052c (0x0000006f) 
0 3 000000008000052c (0x0000006f) 
0 3 000000008000052c (0x0000006f) 
0 3 000000008000052c (0x0000006f) 
0 3 000000008000052c (0x0000006f) 
0 3 000000008000052c (0x0000006f) 
0 3 000000008000052c (0x0000006f) 
0 3 000000008000052c (0x0000006f) 
0 3 000000008000052c (0x0000006f) 
0 3 000000008000052c (0x0000006f) 
0 3 000000008000052c (0x0000006f) 
0 3 000000008000052c (0x0000006f) 
0 3 000000008000052c (0x0000006f) 
0 3 000000008000052c (0x0000006f) 
0 3 000000008000052c (0x0000006f) 
0 3 000000008000052c (0x0000006f) 
0 3 000000008000052c (0x0000006f) 
0 3 000000008000052c (0x0000006f) 
0 3 000000008000052c (0x0000006f) 
0 3 000000008000052c (0x0000006f) 
0 3 000000008000052c (0x0000006f) 
0 3 000000008000052c (0x0000006f) 
0 3 000000008000052c (0x0000006f) 
0 3 000000008000052c (0x0000006f) 
0 3 000000008000052c (0x0000006f) 
0 3 000000008000052c (0x0000006f) 
0 3 000000008000052c (0x0000006f) 
0 3 000000008000052c (0x0000006f) 
0 3 000000008000052c (0x0000006f) 
0 3 000000008000052c (0x0000006f) 
0 3 000000008000052c (0x0000006f) 
0 3 000000008000052c (0x0000006f) 
0 3 000000008000052c (0x0000006f) 
0 3 000000008000052c (0x0000006f) 
0 3 000000008000052c (0x0000006f) 
0 3 000000008000052c (0x0000006f) 
0 3 000000008000052c (0x0000006f) 
0 3 000000008000052c (0x0000006f) 
0 3 000000008000052c (0x0000006f) 
0 3 000000008000052c (0x0000006f) 
0 3 000000008000052c (0x0000006f) 
0 3 000000008000052c (0x0000006f) 
0 3 000000008000052c (0x0000006f) 
0 3 000000008000052c (0x0000006f) 
0 3 000000008000052c (0x0000006f) 
0 3 000000008000052c (0x0000006f) 
0 3 000000008000052c (0x0000006f) 
0 3 000000008000052c (0x0000006f) 
0 3 000000008000052c (0x0000006f) 
0 3 000000008000052c (0x0000006f) 
0 3 000000008000052c (0x0000006f) 
0 3 000000008000052c (0x0000006f) 
0 3 000000008000052c (0x0000006f) 
0 3 000000008000052c (0x0000006f) 
0 3 000000008000052c (0x0000006f) 
0 3 000000008000052c (0x0000006f) 
0 3 000000008000052c (0x0000006f) 
0 3 000000008000052c (0x0000006f) 
0 3 000000008000052c (0x0000006f) 
0 3 000000008000052c (0x0000006f) 
0 3 000000008000052c (0x0000006f) 
0 3 000000008000052c (0x0000006f) 
0 3 000000008000052c (0x0000006f) 
0 3 000000008000052c (0x0000006f) 
0 3 000000008000052c (0x0000006f) 
0 3 000000008000052c (0x0000006f) 
0 3 000000008000052c (0x0000006f) 
0 3 000000008000052c (0x0000006f) 
0 3 000000008000052c (0x0000006f) 
0 3 000000008000052c (0x0000006f) 
0 3 000000008000052c (0x0000006f) 
0 3 000000008000052c (0x0000006f) 
0 3 000000008000052c (0x0000006f) 
0 3 000000008000052c (0x0000006f) 
0 3 000000008000052c (0x0000006f) 
0 3 000000008000052c (0x0000006f) 
0 3 000000008000052c (0x0000006f) 
0 3 000000008000052c (0x0000006f) 
0 3 000000008000052c (0x0000006f) 
0 3 000000008000052c (0x0000006f) 
0 3 000000008000052c (0x0000006f) 
0 3 000000008000052c (0x0000006f) 
0 3 000000008000052c (0x0000006f) 
0 3 000000008000052c (0x0000006f) 
0 3 000000008000052c (0x0000006f) 
0 3 000000008000052c (0x0000006f) 
0 3 000000008000052c (0x0000006f) 
0 3 000000008000052c (0x0000006f) 
0 3 000000008000052c (0x0000006f) 
0 3 000000008000052c (0x0000006f) 
0 3 000000008000052c (0x0000006f) 
0 3 000000008000052c (0x0000006f) 
0 3 000000008000052c (0x0000006f) 
0 3 000000008000052c (0x0000006f) 
0 3 000000008000052c (0x0000006f) 
0 3 000000008000052c (0x0000006f) 
0 3 000000008000052c (0x0000006f) 
0 3 000000008000052c (0x0000006f) 
0 3 000000008000052c (0x0000006f) 
0 3 000000008000052c (0x0000006f) 
0 3 000000008000052c (0x0000006f) 
0 3 000000008000052c (0x0000006f) 
0 3 000000008000052c (0x0000006f) 
0 3 000000008000052c (0x0000006f) 
0 3 000000008000052c (0x0000006f) 
0 3 000000008000052c (0x0000006f) 
0 3 000000008000052c (0x0000006f) 
0 3 000000008000052c (0x0000006f) 
0 3 000000008000052c (0x0000006f) 
0 3 000000008000052c (0x0000006f) 
0 3 000000008000052c (0x0000006f) 
0 3 000000008000052c (0x0000006f) 
0 3 000000008000052c (0x0000006f) 
0 3 000000008000052c (0x0000006f) 
0 3 000000008000052c (0x0000006f) 
0 3 000000008000052c (0x0000006f) 
0 3 000000008000052c (0x0000006f) 
0 3 000000008000052c (0x0000006f) 
0 3 000000008000052c (0x0000006f) 
0 3 000000008000052c (0x0000006f) 
0 3 000000008000052c (0x0000006f) 
0 3 000000008000052c (0x0000006f) 
0 3 000000008000052c (0x0000006f) 
0 3 000000008000052c (0x0000006f) 
0 3 000000008000052c (0x0000006f) 
0 3 000000008000052c (0x0000006f) 
0 3 000000008000052c (0x0000006f) 
0 3 000000008000052c (0x0000006f) 
0 3 000000008000052c (0x0000006f) 
0 3 000000008000052c (0x0000006f) 
0 3 000000008000052c (0x0000006f) 
0 3 000000008000052c (0x0000006f) 
0 3 000000008000052c (0x0000006f) 
0 3 000000008000052c (0x0000006f) 
0 3 000000008000052c (0x0000006f) 
0 3 000000008000052c (0x0000006f) 
0 3 000000008000052c (0x0000006f) 
0 3 000000008000052c (0x0000006f) 
0 3 000000008000052c (0x0000006f) 
0 3 000000008000052c (0x0000006f) 
0 3 000000008000052c (0x0000006f) 
0 3 000000008000052c (0x0000006f) 
0 3 000000008000052c (0x0000006f) 
0 3 000000008000052c (0x0000006f) 
0 3 000000008000052c (0x0000006f) 
0 3 000000008000052c (0x0000006f) 
0 3 000000008000052c (0x0000006f) 
0 3 000000008000052c (0x0000006f) 
0 3 000000008000052c (0x0000006f) 
0 3 000000008000052c (0x0000006f) 
0 3 000000008000052c (0x0000006f) 
0 3 000000008000052c (0x0000006f) 
0 3 000000008000052c (0x0000006f) 
0 3 000000008000052c (0x0000006f) 
0 3 000000008000052c (0x0000006f) 
0 3 000000008000052c (0x0000006f) 
0 3 000000008000052c (0x0000006f) 
0 3 000000008000052c (0x0000006f) 
0 3 000000008000052c (0x0000006f) 
0 3 000000008000052c (0x0000006f) 
0 3 000000008000052c (0x0000006f) 
0 3 000000008000052c (0x0000006f) 
0 3 000000008000052c (0x0000006f) 
0 3 000000008000052c (0x0000006f) 
0 3 000000008000052c (0x0000006f) 
0 3 000000008000052c (0x0000006f) 
0 3 000000008000052c (0x0000006f) 
0 3 000000008000052c (0x0000006f) 
0 3 000000008000052c (0x0000006f) 
0 3 000000008000052c (0x0000006f) 
0 3 000000008000052c (0x0000006f) 
0 3 000000008000052c (0x0000006f) 
0 3 000000008000052c (0x0000006f) 
0 3 000000008000052c (0x0000006f) 
0 3 000000008000052c (0x0000006f) 
0 3 000000008000052c (0x0000006f) 
0 3 000000008000052c (0x0000006f) 
0 3 000000008000052c (0x0000006f) 
0 3 000000008000052c (0x0000006f) 
0 3 000000008000052c (0x0000006f) 
0 3 000000008000052c (0x0000006f) 
0 3 000000008000052c (0x0000006f) 
0 3 000000008000052c (0x0000006f) 
0 3 000000008000052c (0x0000006f) 
0 3 000000008000052c (0x0000006f) 
0 3 000000008000052c (0x0000006f) 
0 3 000000008000052c (0x0000006f) 
0 3 000000008000052c (0x0000006f) 
0 3 000000008000052c (0x0000006f) 
0 3 000000008000052c (0x0000006f) 
0 3 000000008000052c (0x0000006f) 
0 3 000000008000052c (0x0000006f) 
0 3 000000008000052c (0x0000006f) 
0 3 000000008000052c (0x0000006f) 
0 3 000000008000052c (0x0000006f) 
0 3 000000008000052c (0x0000006f) 
0 3 000000008000052c (0x0000006f) 
0 3 000000008000052c (0x0000006f) 
0 3 000000008000052c (0x0000006f) 
0 3 000000008000052c (0x0000006f) 
0 3 000000008000052c (0x0000006f) 
0 3 000000008000052c (0x0000006f) 
0 3 000000008000052c (0x0000006f) 
0 3 000000008000052c (0x0000006f) 
0 3 000000008000052c (0x0000006f) 
0 3 000000008000052c (0x0000006f) 
0 3 000000008000052c (0x0000006f) 
0 3 000000008000052c (0x0000006f) 
0 3 000000008000052c (0x0000006f) 
0 3 000000008000052c (0x0000006f) 
0 3 000000008000052c (0x0000006f) 
0 3 000000008000052c (0x0000006f) 
0 3 000000008000052c (0x0000006f) 
0 3 000000008000052c (0x0000006f) 
0 3 000000008000052c (0x0000006f) 
0 3 000000008000052c (0x0000006f) 
0 3 000000008000052c (0x0000006f) 
0 3 000000008000052c (0x0000006f) 
0 3 000000008000052c (0x0000006f) 
0 3 000000008000052c (0x0000006f) 
0 3 000000008000052c (0x0000006f) 
0 3 000000008000052c (0x0000006f) 
0 3 000000008000052c (0x0000006f) 
0 3 000000008000052c (0x0000006f) 
0 3 000000008000052c (0x0000006f) 
0 3 000000008000052c (0x0000006f) 
0 3 000000008000052c (0x0000006f) 
0 3 000000008000052c (0x0000006f) 
0 3 000000008000052c (0x0000006f) 
0 3 000000008000052c (0x0000006f) 
0 3 000000008000052c (0x0000006f) 
0 3 000000008000052c (0x0000006f) 
0 3 000000008000052c (0x0000006f) 
0 3 000000008000052c (0x0000006f) 
0 3 000000008000052c (0x0000006f) 
0 3 000000008000052c (0x0000006f) 
0 3 000000008000052c (0x0000006f) 
0 3 000000008000052c (0x0000006f) 
0 3 000000008000052c (0x0000006f) 
0 3 000000008000052c (0x0000006f) 
0 3 000000008000052c (0x0000006f) 
0 3 000000008000052c (0x0000006f) 
0 3 000000008000052c (0x0000006f) 
0 3 000000008000052c (0x0000006f) 
0 3 000000008000052c (0x0000006f) 
0 3 000000008000052c (0x0000006f) 
0 3 000000008000052c (0x0000006f) 
0 3 000000008000052c (0x0000006f) 
0 3 000000008000052c (0x0000006f) 
0 3 000000008000052c (0x0000006f) 
0 3 000000008000052c (0x0000006f) 
0 3 000000008000052c (0x0000006f) 
0 3 000000008000052c (0x0000006f) 
0 3 000000008000052c (0x0000006f) 
0 3 000000008000052c (0x0000006f) 
0 3 000000008000052c (0x0000006f) 
0 3 000000008000052c (0x0000006f) 
0 3 000000008000052c (0x0000006f) 
0 3 000000008000052c (0x0000006f) 
0 3 000000008000052c (0x0000006f) 
0 3 000000008000052c (0x0000006f) 
0 3 000000008000052c (0x0000006f) 
0 3 000000008000052c (0x0000006f) 
0 3 000000008000052c (0x0000006f) 
0 3 000000008000052c (0x0000006f) 
0 3 000000008000052c (0x0000006f) 
0 3 000000008000052c (0x0000006f) 
0 3 000000008000052c (0x0000006f) 
0 3 000000008000052c (0x0000006f) 
0 3 000000008000052c (0x0000006f) 
0 3 000000008000052c (0x0000006f) 
0 3 000000008000052c (0x0000006f) 
0 3 000000008000052c (0x0000006f) 
0 3 000000008000052c (0x0000006f) 
0 3 000000008000052c (0x0000006f) 
0 3 000000008000052c (0x0000006f) 
0 3 000000008000052c (0x0000006f) 
0 3 000000008000052c (0x0000006f) 
0 3 000000008000052c (0x0000006f) 
0 3 000000008000052c (0x0000006f) 
0 3 000000008000052c (0x0000006f) 
0 3 000000008000052c (0x0000006f) 
0 3 000000008000052c (0x0000006f) 
0 3 000000008000052c (0x0000006f) 
0 3 000000008000052c (0x0000006f) 
0 3 000000008000052c (0x0000006f) 
0 3 000000008000052c (0x0000006f) 
0 3 000000008000052c (0x0000006f) 
0 3 000000008000052c (0x0000006f) 
0 3 000000008000052c (0x0000006f) 
0 3 000000008000052c (0x0000006f) 
0 3 000000008000052c (0x0000006f) 
0 3 000000008000052c (0x0000006f) 
0 3 000000008000052c (0x0000006f) 
0 3 000000008000052c (0x0000006f) 
0 3 000000008000052c (0x0000006f) 
0 3 000000008000052c (0x0000006f) 
0 3 000000008000052c (0x0000006f) 
0 3 000000008000052c (0x0000006f) 
0 3 000000008000052c (0x0000006f) 
0 3 000000008000052c (0x0000006f) 
0 3 000000008000052c (0x0000006f) 
0 3 000000008000052c (0x0000006f) 
0 3 000000008000052c (0x0000006f) 
0 3 000000008000052c (0x0000006f) 
0 3 000000008000052c (0x0000006f) 
0 3 000000008000052c (0x0000006f) 
0 3 000000008000052c (0x0000006f) 
0 3 000000008000052c (0x0000006f) 
0 3 000000008000052c (0x0000006f) 
0 3 000000008000052c (0x0000006f) 
0 3 000000008000052c (0x0000006f) 
0 3 000000008000052c (0x0000006f) 
0 3 000000008000052c (0x0000006f) 
0 3 000000008000052c (0x0000006f) 
0 3 000000008000052c (0x0000006f) 
0 3 000000008000052c (0x0000006f) 
0 3 000000008000052c (0x0000006f) 
0 3 000000008000052c (0x0000006f) 
0 3 000000008000052c (0x0000006f) 
0 3 000000008000052c (0x0000006f) 
0 3 000000008000052c (0x0000006f) 
0 3 000000008000052c (0x0000006f) 
0 3 000000008000052c (0x0000006f) 
0 3 000000008000052c (0x0000006f) 
0 3 000000008000052c (0x0000006f) 
0 3 000000008000052c (0x0000006f) 
0 3 000000008000052c (0x0000006f) 
0 3 000000008000052c (0x0000006f) 
0 3 000000008000052c (0x0000006f) 
0 3 000000008000052c (0x0000006f) 
0 3 000000008000052c (0x0000006f) 
0 3 000000008000052c (0x0000006f) 
0 3 000000008000052c (0x0000006f) 
0 3 000000008000052c (0x0000006f) 
0 3 000000008000052c (0x0000006f) 
0 3 000000008000052c (0x0000006f) 
0 3 000000008000052c (0x0000006f) 
0 3 000000008000052c (0x0000006f) 
0 3 000000008000052c (0x0000006f) 
0 3 000000008000052c (0x0000006f) 
0 3 000000008000052c (0x0000006f) 
0 3 000000008000052c (0x0000006f) 
0 3 000000008000052c (0x0000006f) 
0 3 000000008000052c (0x0000006f) 
0 3 000000008000052c (0x0000006f) 
0 3 000000008000052c (0x0000006f) 
0 3 000000008000052c (0x0000006f) 
0 3 000000008000052c (0x0000006f) 
0 3 000000008000052c (0x0000006f) 
0 3 000000008000052c (0x0000006f) 
0 3 000000008000052c (0x0000006f) 
0 3 000000008000052c (0x0000006f) 
0 3 000000008000052c (0x0000006f) 
0 3 000000008000052c (0x0000006f) 
0 3 000000008000052c (0x0000006f) 
0 3 000000008000052c (0x0000006f) 
0 3 000000008000052c (0x0000006f) 
0 3 000000008000052c (0x0000006f) 
0 3 000000008000052c (0x0000006f) 
0 3 000000008000052c (0x0000006f) 
0 3 000000008000052c (0x0000006f) 
0 3 000000008000052c (0x0000006f) 
0 3 000000008000052c (0x0000006f) 
0 3 000000008000052c (0x0000006f) 
0 3 000000008000052c (0x0000006f) 
0 3 000000008000052c (0x0000006f) 
0 3 000000008000052c (0x0000006f) 
0 3 000000008000052c (0x0000006f) 
0 3 000000008000052c (0x0000006f) 
0 3 000000008000052c (0x0000006f) 
0 3 000000008000052c (0x0000006f) 
0 3 000000008000052c (0x0000006f) 
0 3 000000008000052c (0x0000006f) 
0 3 000000008000052c (0x0000006f) 
0 3 000000008000052c (0x0000006f) 
0 3 000000008000052c (0x0000006f) 
0 3 000000008000052c (0x0000006f) 
0 3 000000008000052c (0x0000006f) 
0 3 000000008000052c (0x0000006f) 
0 3 000000008000052c (0x0000006f) 
0 3 000000008000052c (0x0000006f) 
0 3 000000008000052c (0x0000006f) 
0 3 000000008000052c (0x0000006f) 
0 3 000000008000052c (0x0000006f) 
0 3 000000008000052c (0x0000006f) 
0 3 000000008000052c (0x0000006f) 
0 3 000000008000052c (0x0000006f) 
0 3 000000008000052c (0x0000006f) 
0 3 000000008000052c (0x0000006f) 
0 3 000000008000052c (0x0000006f) 
0 3 000000008000052c (0x0000006f) 
0 3 000000008000052c (0x0000006f) 
0 3 000000008000052c (0x0000006f) 
0 3 000000008000052c (0x0000006f) 
0 3 000000008000052c (0x0000006f) 
0 3 000000008000052c (0x0000006f) 
0 3 000000008000052c (0x0000006f) 
0 3 000000008000052c (0x0000006f) 
0 3 000000008000052c (0x0000006f) 
0 3 000000008000052c (0x0000006f) 
0 3 000000008000052c (0x0000006f) 
0 3 000000008000052c (0x0000006f) 
0 3 000000008000052c (0x0000006f) 
0 3 000000008000052c (0x0000006f) 
0 3 000000008000052c (0x0000006f) 
0 3 000000008000052c (0x0000006f) 
0 3 000000008000052c (0x0000006f) 
0 3 000000008000052c (0x0000006f) 
0 3 000000008000052c (0x0000006f) 
0 3 000000008000052c (0x0000006f) 
0 3 000000008000052c (0x0000006f) 
0 3 000000008000052c (0x0000006f) 
0 3 000000008000052c (0x0000006f) 
0 3 000000008000052c (0x0000006f) 
0 3 000000008000052c (0x0000006f) 
0 3 000000008000052c (0x0000006f) 
0 3 000000008000052c (0x0000006f) 
0 3 000000008000052c (0x0000006f) 
0 3 000000008000052c (0x0000006f) 
0 3 000000008000052c (0x0000006f) 
0 3 000000008000052c (0x0000006f) 
0 3 000000008000052c (0x0000006f) 
0 3 000000008000052c (0x0000006f) 
0 3 000000008000052c (0x0000006f) 
0 3 000000008000052c (0x0000006f) 
0 3 000000008000052c (0x0000006f) 
0 3 000000008000052c (0x0000006f) 
0 3 000000008000052c (0x0000006f) 
0 3 000000008000052c (0x0000006f) 
0 3 000000008000052c (0x0000006f) 
0 3 000000008000052c (0x0000006f) 
0 3 000000008000052c (0x0000006f) 
0 3 000000008000052c (0x0000006f) 
0 3 000000008000052c (0x0000006f) 
0 3 000000008000052c (0x0000006f) 
0 3 000000008000052c (0x0000006f) 
0 3 000000008000052c (0x0000006f) 
0 3 000000008000052c (0x0000006f) 
0 3 000000008000052c (0x0000006f) 
0 3 000000008000052c (0x0000006f) 
0 3 000000008000052c (0x0000006f) 
0 3 000000008000052c (0x0000006f) 
0 3 000000008000052c (0x0000006f) 
0 3 000000008000052c (0x0000006f) 
0 3 000000008000052c (0x0000006f) 
0 3 000000008000052c (0x0000006f) 
0 3 000000008000052c (0x0000006f) 
0 3 000000008000052c (0x0000006f) 
0 3 000000008000052c (0x0000006f) 
0 3 000000008000052c (0x0000006f) 
0 3 000000008000052c (0x0000006f) 
0 3 000000008000052c (0x0000006f) 
0 3 000000008000052c (0x0000006f) 
0 3 000000008000052c (0x0000006f) 
0 3 000000008000052c (0x0000006f) 
0 3 000000008000052c (0x0000006f) 
0 3 000000008000052c (0x0000006f) 
0 3 000000008000052c (0x0000006f) 
0 3 000000008000052c (0x0000006f) 
0 3 000000008000052c (0x0000006f) 
0 3 000000008000052c (0x0000006f) 
0 3 000000008000052c (0x0000006f) 
0 3 000000008000052c (0x0000006f) 
0 3 000000008000052c (0x0000006f) 
0 3 000000008000052c (0x0000006f) 
0 3 000000008000052c (0x0000006f) 
0 3 000000008000052c (0x0000006f) 
0 3 000000008000052c (0x0000006f) 
0 3 000000008000052c (0x0000006f) 
0 3 000000008000052c (0x0000006f) 
0 3 000000008000052c (0x0000006f) 
0 3 000000008000052c (0x0000006f) 
0 3 000000008000052c (0x0000006f) 
0 3 000000008000052c (0x0000006f) 
0 3 000000008000052c (0x0000006f) 
0 3 000000008000052c (0x0000006f) 
0 3 000000008000052c (0x0000006f) 
0 3 000000008000052c (0x0000006f) 
0 3 000000008000052c (0x0000006f) 
0 3 000000008000052c (0x0000006f) 
0 3 000000008000052c (0x0000006f) 
0 3 000000008000052c (0x0000006f) 
0 3 000000008000052c (0x0000006f) 
0 3 000000008000052c (0x0000006f) 
0 3 000000008000052c (0x0000006f) 
0 3 000000008000052c (0x0000006f) 
0 3 000000008000052c (0x0000006f) 
0 3 000000008000052c (0x0000006f) 
0 3 000000008000052c (0x0000006f) 
0 3 000000008000052c (0x0000006f) 
0 3 000000008000052c (0x0000006f) 
0 3 000000008000052c (0x0000006f) 
0 3 000000008000052c (0x0000006f) 
0 3 000000008000052c (0x0000006f) 
0 3 000000008000052c (0x0000006f) 
0 3 000000008000052c (0x0000006f) 
0 3 000000008000052c (0x0000006f) 
0 3 000000008000052c (0x0000006f) 
0 3 000000008000052c (0x0000006f) 
0 3 000000008000052c (0x0000006f) 
0 3 000000008000052c (0x0000006f) 
0 3 000000008000052c (0x0000006f) 
0 3 000000008000052c (0x0000006f) 
0 3 000000008000052c (0x0000006f) 
0 3 000000008000052c (0x0000006f) 
0 3 000000008000052c (0x0000006f) 
0 3 000000008000052c (0x0000006f) 
0 3 000000008000052c (0x0000006f) 
0 3 000000008000052c (0x0000006f) 
0 3 000000008000052c (0x0000006f) 
0 3 000000008000052c (0x0000006f) 
0 3 000000008000052c (0x0000006f) 
0 3 000000008000052c (0x0000006f) 
0 3 000000008000052c (0x0000006f) 
0 3 000000008000052c (0x0000006f) 
0 3 000000008000052c (0x0000006f) 
0 3 000000008000052c (0x0000006f) 
0 3 000000008000052c (0x0000006f) 
0 3 000000008000052c (0x0000006f) 
0 3 000000008000052c (0x0000006f) 
0 3 000000008000052c (0x0000006f) 
0 3 000000008000052c (0x0000006f) 
0 3 000000008000052c (0x0000006f) 
0 3 000000008000052c (0x0000006f) 
0 3 000000008000052c (0x0000006f) 
0 3 000000008000052c (0x0000006f) 
0 3 000000008000052c (0x0000006f) 
0 3 000000008000052c (0x0000006f) 
0 3 000000008000052c (0x0000006f) 
0 3 000000008000052c (0x0000006f) 
0 3 000000008000052c (0x0000006f) 
0 3 000000008000052c (0x0000006f) 
0 3 000000008000052c (0x0000006f) 
0 3 000000008000052c (0x0000006f) 
0 3 000000008000052c (0x0000006f) 
0 3 000000008000052c (0x0000006f) 
0 3 000000008000052c (0x0000006f) 
0 3 000000008000052c (0x0000006f) 
0 3 000000008000052c (0x0000006f) 
0 3 000000008000052c (0x0000006f) 
0 3 000000008000052c (0x0000006f) 
0 3 000000008000052c (0x0000006f) 
0 3 000000008000052c (0x0000006f) 
0 3 000000008000052c (0x0000006f) 
0 3 000000008000052c (0x0000006f) 
0 3 000000008000052c (0x0000006f) 
0 3 000000008000052c (0x0000006f) 
0 3 000000008000052c (0x0000006f) 
0 3 000000008000052c (0x0000006f) 
0 3 000000008000052c (0x0000006f) 
0 3 000000008000052c (0x0000006f) 
0 3 000000008000052c (0x0000006f) 
0 3 000000008000052c (0x0000006f) 
0 3 000000008000052c (0x0000006f) 
0 3 000000008000052c (0x0000006f) 
0 3 000000008000052c (0x0000006f) 
0 3 000000008000052c (0x0000006f) 
0 3 000000008000052c (0x0000006f) 
0 3 000000008000052c (0x0000006f) 
0 3 000000008000052c (0x0000006f) 
0 3 000000008000052c (0x0000006f) 
0 3 000000008000052c (0x0000006f) 
0 3 000000008000052c (0x0000006f) 
0 3 000000008000052c (0x0000006f) 
0 3 000000008000052c (0x0000006f) 
0 3 000000008000052c (0x0000006f) 
0 3 000000008000052c (0x0000006f) 
0 3 000000008000052c (0x0000006f) 
0 3 000000008000052c (0x0000006f) 
0 3 000000008000052c (0x0000006f) 
0 3 000000008000052c (0x0000006f) 
0 3 000000008000052c (0x0000006f) 
0 3 000000008000052c (0x0000006f) 
0 3 000000008000052c (0x0000006f) 
0 3 000000008000052c (0x0000006f) 
0 3 000000008000052c (0x0000006f) 
0 3 000000008000052c (0x0000006f) 
0 3 000000008000052c (0x0000006f) 
0 3 000000008000052c (0x0000006f) 
0 3 000000008000052c (0x0000006f) 
0 3 000000008000052c (0x0000006f) 
0 3 000000008000052c (0x0000006f) 
0 3 000000008000052c (0x0000006f) 
0 3 000000008000052c (0x0000006f) 
0 3 000000008000052c (0x0000006f) 
0 3 000000008000052c (0x0000006f) 
0 3 000000008000052c (0x0000006f) 
0 3 000000008000052c (0x0000006f) 
0 3 000000008000052c (0x0000006f) 
0 3 000000008000052c (0x0000006f) 
0 3 000000008000052c (0x0000006f) 
0 3 000000008000052c (0x0000006f) 
0 3 000000008000052c (0x0000006f) 
0 3 000000008000052c (0x0000006f) 
0 3 000000008000052c (0x0000006f) 
0 3 000000008000052c (0x0000006f) 
0 3 000000008000052c (0x0000006f) 
0 3 000000008000052c (0x0000006f) 
0 3 000000008000052c (0x0000006f) 
0 3 000000008000052c (0x0000006f) 
0 3 000000008000052c (0x0000006f) 
0 3 000000008000052c (0x0000006f) 
0 3 000000008000052c (0x0000006f) 
0 3 000000008000052c (0x0000006f) 
0 3 000000008000052c (0x0000006f) 
0 3 000000008000052c (0x0000006f) 
0 3 000000008000052c (0x0000006f) 
0 3 000000008000052c (0x0000006f) 
0 3 000000008000052c (0x0000006f) 
0 3 000000008000052c (0x0000006f) 
0 3 000000008000052c (0x0000006f) 
0 3 000000008000052c (0x0000006f) 
0 3 000000008000052c (0x0000006f) 
0 3 000000008000052c (0x0000006f) 
0 3 000000008000052c (0x0000006f) 
0 3 000000008000052c (0x0000006f) 
0 3 000000008000052c (0x0000006f) 
0 3 000000008000052c (0x0000006f) 
0 3 000000008000052c (0x0000006f) 
0 3 000000008000052c (0x0000006f) 
0 3 000000008000052c (0x0000006f) 
0 3 000000008000052c (0x0000006f) 
0 3 000000008000052c (0x0000006f) 
0 3 000000008000052c (0x0000006f) 
0 3 000000008000052c (0x0000006f) 
0 3 000000008000052c (0x0000006f) 
0 3 000000008000052c (0x0000006f) 
0 3 000000008000052c (0x0000006f) 
0 3 000000008000052c (0x0000006f) 
0 3 000000008000052c (0x0000006f) 
0 3 000000008000052c (0x0000006f) 
0 3 000000008000052c (0x0000006f) 
0 3 000000008000052c (0x0000006f) 
0 3 000000008000052c (0x0000006f) 
0 3 000000008000052c (0x0000006f) 
0 3 000000008000052c (0x0000006f) 
0 3 000000008000052c (0x0000006f) 
0 3 000000008000052c (0x0000006f) 
0 3 000000008000052c (0x0000006f) 
0 3 000000008000052c (0x0000006f) 
0 3 000000008000052c (0x0000006f) 
0 3 000000008000052c (0x0000006f) 
0 3 000000008000052c (0x0000006f) 
0 3 000000008000052c (0x0000006f) 
0 3 000000008000052c (0x0000006f) 
0 3 000000008000052c (0x0000006f) 
0 3 000000008000052c (0x0000006f) 
0 3 000000008000052c (0x0000006f) 
0 3 000000008000052c (0x0000006f) 
0 3 000000008000052c (0x0000006f) 
0 3 000000008000052c (0x0000006f) 
0 3 000000008000052c (0x0000006f) 
0 3 000000008000052c (0x0000006f) 
0 3 000000008000052c (0x0000006f) 
0 3 000000008000052c (0x0000006f) 
0 3 000000008000052c (0x0000006f) 
0 3 000000008000052c (0x0000006f) 
0 3 000000008000052c (0x0000006f) 
0 3 000000008000052c (0x0000006f) 
0 3 000000008000052c (0x0000006f) 
0 3 000000008000052c (0x0000006f) 
0 3 000000008000052c (0x0000006f) 
0 3 000000008000052c (0x0000006f) 
0 3 000000008000052c (0x0000006f) 
0 3 000000008000052c (0x0000006f) 
0 3 000000008000052c (0x0000006f) 
0 3 000000008000052c (0x0000006f) 
0 3 000000008000052c (0x0000006f) 
0 3 000000008000052c (0x0000006f) 
0 3 000000008000052c (0x0000006f) 
0 3 000000008000052c (0x0000006f) 
0 3 000000008000052c (0x0000006f) 
0 3 000000008000052c (0x0000006f) 
0 3 000000008000052c (0x0000006f) 
0 3 000000008000052c (0x0000006f) 
0 3 000000008000052c (0x0000006f) 
0 3 000000008000052c (0x0000006f) 
0 3 000000008000052c (0x0000006f) 
0 3 000000008000052c (0x0000006f) 
0 3 000000008000052c (0x0000006f) 
0 3 000000008000052c (0x0000006f) 
0 3 000000008000052c (0x0000006f) 
0 3 000000008000052c (0x0000006f) 
0 3 000000008000052c (0x0000006f) 
0 3 000000008000052c (0x0000006f) 
0 3 000000008000052c (0x0000006f) 
0 3 000000008000052c (0x0000006f) 
0 3 000000008000052c (0x0000006f) 
0 3 000000008000052c (0x0000006f) 
0 3 000000008000052c (0x0000006f) 
0 3 000000008000052c (0x0000006f) 
0 3 000000008000052c (0x0000006f) 
0 3 000000008000052c (0x0000006f) 
0 3 000000008000052c (0x0000006f) 
0 3 000000008000052c (0x0000006f) 
0 3 000000008000052c (0x0000006f) 
0 3 000000008000052c (0x0000006f) 
0 3 000000008000052c (0x0000006f) 
0 3 000000008000052c (0x0000006f) 
0 3 000000008000052c (0x0000006f) 
0 3 000000008000052c (0x0000006f) 
0 3 000000008000052c (0x0000006f) 
0 3 000000008000052c (0x0000006f) 
0 3 000000008000052c (0x0000006f) 
0 3 000000008000052c (0x0000006f) 
0 3 000000008000052c (0x0000006f) 
0 3 000000008000052c (0x0000006f) 
0 3 000000008000052c (0x0000006f) 
0 3 000000008000052c (0x0000006f) 
0 3 000000008000052c (0x0000006f) 
0 3 000000008000052c (0x0000006f) 
0 3 000000008000052c (0x0000006f) 
0 3 000000008000052c (0x0000006f) 
0 3 000000008000052c (0x0000006f) 
0 3 000000008000052c (0x0000006f) 
0 3 000000008000052c (0x0000006f) 
0 3 000000008000052c (0x0000006f) 
0 3 000000008000052c (0x0000006f) 
0 3 000000008000052c (0x0000006f) 
0 3 000000008000052c (0x0000006f) 
0 3 000000008000052c (0x0000006f) 
0 3 000000008000052c (0x0000006f) 
0 3 000000008000052c (0x0000006f) 
0 3 000000008000052c (0x0000006f) 
0 3 000000008000052c (0x0000006f) 
0 3 000000008000052c (0x0000006f) 
0 3 000000008000052c (0x0000006f) 
0 3 000000008000052c (0x0000006f) 
0 3 000000008000052c (0x0000006f) 
0 3 000000008000052c (0x0000006f) 
0 3 000000008000052c (0x0000006f) 
0 3 000000008000052c (0x0000006f) 
0 3 000000008000052c (0x0000006f) 
0 3 000000008000052c (0x0000006f) 
0 3 000000008000052c (0x0000006f) 
0 3 000000008000052c (0x0000006f) 
0 3 000000008000052c (0x0000006f) 
0 3 000000008000052c (0x0000006f) 
0 3 000000008000052c (0x0000006f) 
0 3 000000008000052c (0x0000006f) 
0 3 000000008000052c (0x0000006f) 
0 3 000000008000052c (0x0000006f) 
0 3 000000008000052c (0x0000006f) 
0 3 000000008000052c (0x0000006f) 
0 3 000000008000052c (0x0000006f) 
0 3 000000008000052c (0x0000006f) 
0 3 000000008000052c (0x0000006f) 
0 3 000000008000052c (0x0000006f) 
0 3 000000008000052c (0x0000006f) 
0 3 000000008000052c (0x0000006f) 
0 3 000000008000052c (0x0000006f) 
0 3 000000008000052c (0x0000006f) 
0 3 000000008000052c (0x0000006f) 
0 3 000000008000052c (0x0000006f) 
0 3 000000008000052c (0x0000006f) 
0 3 000000008000052c (0x0000006f) 
0 3 000000008000052c (0x0000006f) 
0 3 000000008000052c (0x0000006f) 
0 3 000000008000052c (0x0000006f) 
0 3 000000008000052c (0x0000006f) 
0 3 000000008000052c (0x0000006f) 
0 3 000000008000052c (0x0000006f) 
0 3 000000008000052c (0x0000006f) 
0 3 000000008000052c (0x0000006f) 
0 3 000000008000052c (0x0000006f) 
0 3 000000008000052c (0x0000006f) 
0 3 000000008000052c (0x0000006f) 
0 3 000000008000052c (0x0000006f) 
0 3 000000008000052c (0x0000006f) 
0 3 000000008000052c (0x0000006f) 
0 3 000000008000052c (0x0000006f) 
0 3 000000008000052c (0x0000006f) 
0 3 000000008000052c (0x0000006f) 
0 3 000000008000052c (0x0000006f) 
0 3 000000008000052c (0x0000006f) 
0 3 000000008000052c (0x0000006f) 
0 3 000000008000052c (0x0000006f) 
0 3 000000008000052c (0x0000006f) 
0 3 000000008000052c (0x0000006f) 
0 3 000000008000052c (0x0000006f) 
0 3 000000008000052c (0x0000006f) 
0 3 000000008000052c (0x0000006f) 
0 3 000000008000052c (0x0000006f) 
0 3 000000008000052c (0x0000006f) 
0 3 000000008000052c (0x0000006f) 
0 3 000000008000052c (0x0000006f) 
0 3 000000008000052c (0x0000006f) 
0 3 000000008000052c (0x0000006f) 
0 3 000000008000052c (0x0000006f) 
0 3 000000008000052c (0x0000006f) 
0 3 000000008000052c (0x0000006f) 
0 3 000000008000052c (0x0000006f) 
0 3 000000008000052c (0x0000006f) 
0 3 000000008000052c (0x0000006f) 
0 3 000000008000052c (0x0000006f) 
0 3 000000008000052c (0x0000006f) 
0 3 000000008000052c (0x0000006f) 
0 3 000000008000052c (0x0000006f) 
0 3 000000008000052c (0x0000006f) 
0 3 000000008000052c (0x0000006f) 
0 3 000000008000052c (0x0000006f) 
0 3 000000008000052c (0x0000006f) 
0 3 000000008000052c (0x0000006f) 
0 3 000000008000052c (0x0000006f) 
0 3 000000008000052c (0x0000006f) 
0 3 000000008000052c (0x0000006f) 
0 3 000000008000052c (0x0000006f) 
0 3 000000008000052c (0x0000006f) 
0 3 000000008000052c (0x0000006f) 
0 3 000000008000052c (0x0000006f) 
0 3 000000008000052c (0x0000006f) 
0 3 000000008000052c (0x0000006f) 
0 3 000000008000052c (0x0000006f) 
0 3 000000008000052c (0x0000006f) 
0 3 000000008000052c (0x0000006f) 
0 3 000000008000052c (0x0000006f) 
0 3 000000008000052c (0x0000006f) 
0 3 000000008000052c (0x0000006f) 
0 3 000000008000052c (0x00000000) exception (8000000000000007) -> 0x0080000340
0 3 0000000080000340 (0xeb010113) x02 0000000081026e80
0 3 0000000080000342 (0x14113423) 
0 3 0000000080000344 (0x14513023) 
0 3 0000000080000346 (0x003022f3) x05 0000000000000000
0 3 000000008000034a (0x12512c23) 
0 3 000000008000034e (0x12613823) 
0 3 0000000080000350 (0x12713423) 
0 3 0000000080000352 (0x12813023) 
0 3 0000000080000354 (0x10a13c23) 
0 3 0000000080000356 (0x10b13823) 
0 3 0000000080000358 (0x10c13423) 
0 3 000000008000035a (0x10d13023) 
0 3 000000008000035c (0x0ee13c23) 
0 3 000000008000035e (0x0ef13823) 
0 3 0000000080000360 (0x0f013423) 
0 3 0000000080000362 (0x0f113023) 
0 3 0000000080000364 (0x0dc13c23) 
0 3 0000000080000366 (0x0dd13823) 
0 3 0000000080000368 (0x0de13423) 
0 3 000000008000036a (0x0df13023) 
0 3 000000008000036c (0x0a013427) 
0 3 000000008000036e (0x0a113027) 
0 3 0000000080000370 (0x08213c27) 
0 3 0000000080000372 (0x08313827) 
0 3 0000000080000374 (0x08413427) 
0 3 0000000080000376 (0x08513027) 
0 3 0000000080000378 (0x06613c27) 
0 3 000000008000037a (0x06713827) 
0 3 000000008000037c (0x06a13427) 
0 3 000000008000037e (0x06b13027) 
0 3 0000000080000380 (0x04c13c27) 
0 3 0000000080000382 (0x04d13827) 
0 3 0000000080000384 (0x04e13427) 
0 3 0000000080000386 (0x04f13027) 
0 3 0000000080000388 (0x03013c27) 
0 3 000000008000038a (0x03113827) 
0 3 000000008000038c (0x03c13427) 
0 3 000000008000038e (0x03d13027) 
0 3 0000000080000390 (0x01e13c27) 
0 3 0000000080000392 (0x01f13827) 
0 3 0000000080000394 (0x15010413) x08 0000000081026fd0
0 3 0000000080000396 (0x342027f3) x0f 8000000000000007
0 3 000000008000039a (0xeaf43c23) 
0 3 000000008000039e (0x00005517) x0a 000000008000539e
0 3 00000000800003a2 (0x65a50513) x0a 00000000800059f8
0 3 00000000800003a6 (0x17e050ef) x01 00000000800003aa
0 3 0000000080005524 (0xfe010113) x02 0000000081026e60
0 3 0000000080005526 (0x00113c23) 
0 3 0000000080005528 (0x00813823) 
0 3 000000008000552a (0x02010413) x08 0000000081026e80
0 3 000000008000552c (0xfea43423) 
0 3 0000000080005530 (0x01c0006f) 
0 3 000000008000554c (0xfe843783) x0f 00000000800059f8
0 3 0000000080005550 (0x0007c783) x0f 0000000000000049
0 3 0000000080005554 (0xfc079fe3) 
0 3 0000000080005532 (0xfe843783) x0f 00000000800059f8
0 3 0000000080005536 (0x0007c783) x0f 0000000000000049
0 3 000000008000553a (0x0007879b) x0f 0000000000000049
0 3 000000008000553c (0x00f00533) x0a 0000000000000049
0 3 000000008000553e (0xf5fff0ef) x01 0000000080005542
0 3 000000008000549c (0xfe010113) x02 0000000081026e40
0 3 000000008000549e (0x00813c23) 
0 3 00000000800054a0 (0x02010413) x08 0000000081026e60
0 3 00000000800054a2 (0x00a007b3) x0f 0000000000000049
0 3 00000000800054a4 (0xfef42623) 
0 3 00000000800054a8 (0x001017b7) x0f 0000000000101000
0 3 00000000800054ac (0xfec42703) x0e 0000000000000049
0 3 00000000800054b0 (0x0ff77713) x0e 0000000000000049
0 3 00000000800054b4 (0x00e78023) 
0 3 00000000800054b8 (0x00000013) 
0 3 00000000800054ba (0x01813403) x08 0000000081026e80
0 3 00000000800054bc (0x02010113) x02 0000000081026e60
0 3 00000000800054be (0x00008067) 
0 3 0000000080005542 (0xfe843783) x0f 00000000800059f8
0 3 0000000080005546 (0x00178793) x0f 00000000800059f9
0 3 0000000080005548 (0xfef43423) 
0 3 000000008000554c (0xfe843783) x0f 00000000800059f9
0 3 0000000080005550 (0x0007c783) x0f 000000000000006e
0 3 0000000080005554 (0xfc079fe3) 
0 3 0000000080005532 (0xfe843783) x0f 00000000800059f9
0 3 0000000080005536 (0x0007c783) x0f 000000000000006e
0 3 000000008000553a (0x0007879b) x0f 000000000000006e
0 3 000000008000553c (0x00f00533) x0a 000000000000006e
0 3 000000008000553e (0xf5fff0ef) x01 0000000080005542
0 3 000000008000549c (0xfe010113) x02 0000000081026e40
0 3 000000008000549e (0x00813c23) 
0 3 00000000800054a0 (0x02010413) x08 0000000081026e60
0 3 00000000800054a2 (0x00a007b3) x0f 000000000000006e
0 3 00000000800054a4 (0xfef42623) 
0 3 00000000800054a8 (0x001017b7) x0f 0000000000101000
0 3 00000000800054ac (0xfec42703) x0e 000000000000006e
0 3 00000000800054b0 (0x0ff77713) x0e 000000000000006e
0 3 00000000800054b4 (0x00e78023) 
0 3 00000000800054b8 (0x00000013) 
0 3 00000000800054ba (0x01813403) x08 0000000081026e80
0 3 00000000800054bc (0x02010113) x02 0000000081026e60
0 3 00000000800054be (0x00008067) 
0 3 0000000080005542 (0xfe843783) x0f 00000000800059f9
0 3 0000000080005546 (0x00178793) x0f 00000000800059fa
0 3 0000000080005548 (0xfef43423) 
0 3 000000008000554c (0xfe843783) x0f 00000000800059fa
0 3 0000000080005550 (0x0007c783) x0f 0000000000000074
0 3 0000000080005554 (0xfc079fe3) 
0 3 0000000080005532 (0xfe843783) x0f 00000000800059fa
0 3 0000000080005536 (0x0007c783) x0f 0000000000000074
0 3 000000008000553a (0x0007879b) x0f 0000000000000074
0 3 000000008000553c (0x00f00533) x0a 0000000000000074
0 3 000000008000553e (0xf5fff0ef) x01 0000000080005542
0 3 000000008000549c (0xfe010113) x02 0000000081026e40
0 3 000000008000549e (0x00813c23) 
0 3 00000000800054a0 (0x02010413) x08 0000000081026e60
0 3 00000000800054a2 (0x00a007b3) x0f 0000000000000074
0 3 00000000800054a4 (0xfef42623) 
0 3 00000000800054a8 (0x001017b7) x0f 0000000000101000
0 3 00000000800054ac (0xfec42703) x0e 0000000000000074
0 3 00000000800054b0 (0x0ff77713) x0e 0000000000000074
0 3 00000000800054b4 (0x00e78023) 
0 3 00000000800054b8 (0x00000013) 
0 3 00000000800054ba (0x01813403) x08 0000000081026e80
0 3 00000000800054bc (0x02010113) x02 0000000081026e60
0 3 00000000800054be (0x00008067) 
0 3 0000000080005542 (0xfe843783) x0f 00000000800059fa
0 3 0000000080005546 (0x00178793) x0f 00000000800059fb
0 3 0000000080005548 (0xfef43423) 
0 3 000000008000554c (0xfe843783) x0f 00000000800059fb
0 3 0000000080005550 (0x0007c783) x0f 0000000000000065
0 3 0000000080005554 (0xfc079fe3) 
0 3 0000000080005532 (0xfe843783) x0f 00000000800059fb
0 3 0000000080005536 (0x0007c783) x0f 0000000000000065
0 3 000000008000553a (0x0007879b) x0f 0000000000000065
0 3 000000008000553c (0x00f00533) x0a 0000000000000065
0 3 000000008000553e (0xf5fff0ef) x01 0000000080005542
0 3 000000008000549c (0xfe010113) x02 0000000081026e40
0 3 000000008000549e (0x00813c23) 
0 3 00000000800054a0 (0x02010413) x08 0000000081026e60
0 3 00000000800054a2 (0x00a007b3) x0f 0000000000000065
0 3 00000000800054a4 (0xfef42623) 
0 3 00000000800054a8 (0x001017b7) x0f 0000000000101000
0 3 00000000800054ac (0xfec42703) x0e 0000000000000065
0 3 00000000800054b0 (0x0ff77713) x0e 0000000000000065
0 3 00000000800054b4 (0x00e78023) 
0 3 00000000800054b8 (0x00000013) 
0 3 00000000800054ba (0x01813403) x08 0000000081026e80
0 3 00000000800054bc (0x02010113) x02 0000000081026e60
0 3 00000000800054be (0x00008067) 
0 3 0000000080005542 (0xfe843783) x0f 00000000800059fb
0 3 0000000080005546 (0x00178793) x0f 00000000800059fc
0 3 0000000080005548 (0xfef43423) 
0 3 000000008000554c (0xfe843783) x0f 00000000800059fc
0 3 0000000080005550 (0x0007c783) x0f 0000000000000072
0 3 0000000080005554 (0xfc079fe3) 
0 3 0000000080005532 (0xfe843783) x0f 00000000800059fc
0 3 0000000080005536 (0x0007c783) x0f 0000000000000072
0 3 000000008000553a (0x0007879b) x0f 0000000000000072
0 3 000000008000553c (0x00f00533) x0a 0000000000000072
0 3 000000008000553e (0xf5fff0ef) x01 0000000080005542
0 3 000000008000549c (0xfe010113) x02 0000000081026e40
0 3 000000008000549e (0x00813c23) 
0 3 00000000800054a0 (0x02010413) x08 0000000081026e60
0 3 00000000800054a2 (0x00a007b3) x0f 0000000000000072
0 3 00000000800054a4 (0xfef42623) 
0 3 00000000800054a8 (0x001017b7) x0f 0000000000101000
0 3 00000000800054ac (0xfec42703) x0e 0000000000000072
0 3 00000000800054b0 (0x0ff77713) x0e 0000000000000072
0 3 00000000800054b4 (0x00e78023) 
0 3 00000000800054b8 (0x00000013) 
0 3 00000000800054ba (0x01813403) x08 0000000081026e80
0 3 00000000800054bc (0x02010113) x02 0000000081026e60
0 3 00000000800054be (0x00008067) 
0 3 0000000080005542 (0xfe843783) x0f 00000000800059fc
0 3 0000000080005546 (0x00178793) x0f 00000000800059fd
0 3 0000000080005548 (0xfef43423) 
0 3 000000008000554c (0xfe843783) x0f 00000000800059fd
0 3 0000000080005550 (0x0007c783) x0f 0000000000000072
0 3 0000000080005554 (0xfc079fe3) 
0 3 0000000080005532 (0xfe843783) x0f 00000000800059fd
0 3 0000000080005536 (0x0007c783) x0f 0000000000000072
0 3 000000008000553a (0x0007879b) x0f 0000000000000072
0 3 000000008000553c (0x00f00533) x0a 0000000000000072
0 3 000000008000553e (0xf5fff0ef) x01 0000000080005542
0 3 000000008000549c (0xfe010113) x02 0000000081026e40
0 3 000000008000549e (0x00813c23) 
0 3 00000000800054a0 (0x02010413) x08 0000000081026e60
0 3 00000000800054a2 (0x00a007b3) x0f 0000000000000072
0 3 00000000800054a4 (0xfef42623) 
0 3 00000000800054a8 (0x001017b7) x0f 0000000000101000
0 3 00000000800054ac (0xfec42703) x0e 0000000000000072
0 3 00000000800054b0 (0x0ff77713) x0e 0000000000000072
0 3 00000000800054b4 (0x00e78023) 
0 3 00000000800054b8 (0x00000013) 
0 3 00000000800054ba (0x01813403) x08 0000000081026e80
0 3 00000000800054bc (0x02010113) x02 0000000081026e60
0 3 00000000800054be (0x00008067) 
0 3 0000000080005542 (0xfe843783) x0f 00000000800059fd
0 3 0000000080005546 (0x00178793) x0f 00000000800059fe
0 3 0000000080005548 (0xfef43423) 
0 3 000000008000554c (0xfe843783) x0f 00000000800059fe
0 3 0000000080005550 (0x0007c783) x0f 0000000000000075
0 3 0000000080005554 (0xfc079fe3) 
0 3 0000000080005532 (0xfe843783) x0f 00000000800059fe
0 3 0000000080005536 (0x0007c783) x0f 0000000000000075
0 3 000000008000553a (0x0007879b) x0f 0000000000000075
0 3 000000008000553c (0x00f00533) x0a 0000000000000075
0 3 000000008000553e (0xf5fff0ef) x01 0000000080005542
0 3 000000008000549c (0xfe010113) x02 0000000081026e40
0 3 000000008000549e (0x00813c23) 
0 3 00000000800054a0 (0x02010413) x08 0000000081026e60
0 3 00000000800054a2 (0x00a007b3) x0f 0000000000000075
0 3 00000000800054a4 (0xfef42623) 
0 3 00000000800054a8 (0x001017b7) x0f 0000000000101000
0 3 00000000800054ac (0xfec42703) x0e 0000000000000075
0 3 00000000800054b0 (0x0ff77713) x0e 0000000000000075
0 3 00000000800054b4 (0x00e78023) 
0 3 00000000800054b8 (0x00000013) 
0 3 00000000800054ba (0x01813403) x08 0000000081026e80
0 3 00000000800054bc (0x02010113) x02 0000000081026e60
0 3 00000000800054be (0x00008067) 
0 3 0000000080005542 (0xfe843783) x0f 00000000800059fe
0 3 0000000080005546 (0x00178793) x0f 00000000800059ff
0 3 0000000080005548 (0xfef43423) 
0 3 000000008000554c (0xfe843783) x0f 00000000800059ff
0 3 0000000080005550 (0x0007c783) x0f 0000000000000070
0 3 0000000080005554 (0xfc079fe3) 
0 3 0000000080005532 (0xfe843783) x0f 00000000800059ff
0 3 0000000080005536 (0x0007c783) x0f 0000000000000070
0 3 000000008000553a (0x0007879b) x0f 0000000000000070
0 3 000000008000553c (0x00f00533) x0a 0000000000000070
0 3 000000008000553e (0xf5fff0ef) x01 0000000080005542
0 3 000000008000549c (0xfe010113) x02 0000000081026e40
0 3 000000008000549e (0x00813c23) 
0 3 00000000800054a0 (0x02010413) x08 0000000081026e60
0 3 00000000800054a2 (0x00a007b3) x0f 0000000000000070
0 3 00000000800054a4 (0xfef42623) 
0 3 00000000800054a8 (0x001017b7) x0f 0000000000101000
0 3 00000000800054ac (0xfec42703) x0e 0000000000000070
0 3 00000000800054b0 (0x0ff77713) x0e 0000000000000070
0 3 00000000800054b4 (0x00e78023) 
0 3 00000000800054b8 (0x00000013) 
0 3 00000000800054ba (0x01813403) x08 0000000081026e80
0 3 00000000800054bc (0x02010113) x02 0000000081026e60
0 3 00000000800054be (0x00008067) 
0 3 0000000080005542 (0xfe843783) x0f 00000000800059ff
0 3 0000000080005546 (0x00178793) x0f 0000000080005a00
0 3 0000000080005548 (0xfef43423) 
0 3 000000008000554c (0xfe843783) x0f 0000000080005a00
0 3 0000000080005550 (0x0007c783) x0f 0000000000000074
0 3 0000000080005554 (0xfc079fe3) 
0 3 0000000080005532 (0xfe843783) x0f 0000000080005a00
0 3 0000000080005536 (0x0007c783) x0f 0000000000000074
0 3 000000008000553a (0x0007879b) x0f 0000000000000074
0 3 000000008000553c (0x00f00533) x0a 0000000000000074
0 3 000000008000553e (0xf5fff0ef) x01 0000000080005542
0 3 000000008000549c (0xfe010113) x02 0000000081026e40
0 3 000000008000549e (0x00813c23) 
0 3 00000000800054a0 (0x02010413) x08 0000000081026e60
0 3 00000000800054a2 (0x00a007b3) x0f 0000000000000074
0 3 00000000800054a4 (0xfef42623) 
0 3 00000000800054a8 (0x001017b7) x0f 0000000000101000
0 3 00000000800054ac (0xfec42703) x0e 0000000000000074
0 3 00000000800054b0 (0x0ff77713) x0e 0000000000000074
0 3 00000000800054b4 (0x00e78023) 
0 3 00000000800054b8 (0x00000013) 
0 3 00000000800054ba (0x01813403) x08 0000000081026e80
0 3 00000000800054bc (0x02010113) x02 0000000081026e60
0 3 00000000800054be (0x00008067) 
0 3 0000000080005542 (0xfe843783) x0f 0000000080005a00
0 3 0000000080005546 (0x00178793) x0f 0000000080005a01
0 3 0000000080005548 (0xfef43423) 
0 3 000000008000554c (0xfe843783) x0f 0000000080005a01
0 3 0000000080005550 (0x0007c783) x0f 000000000000000a
0 3 0000000080005554 (0xfc079fe3) 
0 3 0000000080005532 (0xfe843783) x0f 0000000080005a01
0 3 0000000080005536 (0x0007c783) x0f 000000000000000a
0 3 000000008000553a (0x0007879b) x0f 000000000000000a
0 3 000000008000553c (0x00f00533) x0a 000000000000000a
0 3 000000008000553e (0xf5fff0ef) x01 0000000080005542
0 3 000000008000549c (0xfe010113) x02 0000000081026e40
0 3 000000008000549e (0x00813c23) 
0 3 00000000800054a0 (0x02010413) x08 0000000081026e60
0 3 00000000800054a2 (0x00a007b3) x0f 000000000000000a
0 3 00000000800054a4 (0xfef42623) 
0 3 00000000800054a8 (0x001017b7) x0f 0000000000101000
0 3 00000000800054ac (0xfec42703) x0e 000000000000000a
0 3 00000000800054b0 (0x0ff77713) x0e 000000000000000a
0 3 00000000800054b4 (0x00e78023) 
0 3 00000000800054b8 (0x00000013) 
0 3 00000000800054ba (0x01813403) x08 0000000081026e80
0 3 00000000800054bc (0x02010113) x02 0000000081026e60
0 3 00000000800054be (0x00008067) 
0 3 0000000080005542 (0xfe843783) x0f 0000000080005a01
0 3 0000000080005546 (0x00178793) x0f 0000000080005a02
0 3 0000000080005548 (0xfef43423) 
0 3 000000008000554c (0xfe843783) x0f 0000000080005a02
0 3 0000000080005550 (0x0007c783) x0f 0000000000000000
0 3 0000000080005554 (0xfc079fe3) 
0 3 0000000080005556 (0x00000013) 
0 3 0000000080005558 (0x00000013) 
0 3 000000008000555a (0x01813083) x01 00000000800003aa
0 3 000000008000555c (0x01013403) x08 0000000081026fd0
0 3 000000008000555e (0x02010113) x02 0000000081026e80
0 3 0000000080005560 (0x00008067) 
0 3 00000000800003aa (0xeb843783) x0f 8000000000000007
0 3 00000000800003ae (0x03f7d713) x0e 0000000000000001
0 3 00000000800003b2 (0x00100793) x0f 0000000000000001
0 3 00000000800003b4 (0x08f71b63) 
0 3 00000000800003b8 (0xeb843783) x0f 8000000000000007
0 3 00000000800003bc (0x0077f713) x0e 0000000000000007
0 3 00000000800003c0 (0x00400793) x0f 0000000000000004
0 3 00000000800003c2 (0x02f70063) 
0 3 00000000800003c6 (0xeb843783) x0f 8000000000000007
0 3 00000000800003ca (0x0077f713) x0e 0000000000000007
0 3 00000000800003ce (0x00500793) x0f 0000000000000005
0 3 00000000800003d0 (0x00f70963) 
0 3 00000000800003d4 (0xeb843783) x0f 8000000000000007
0 3 00000000800003d8 (0x0077f713) x0e 0000000000000007
0 3 00000000800003dc (0x00700793) x0f 0000000000000007
0 3 00000000800003de (0x02f71163) 
0 3 00000000800003e2 (0x00006797) x0f 00000000800063e2
0 3 00000000800003e6 (0x46678793) x0f 0000000080006848
0 3 00000000800003ea (0x0007c783) x0f 0000000000000032
0 3 00000000800003ee (0x0017879b) x0f 0000000000000033
0 3 00000000800003f0 (0x0ff7f713) x0e 0000000000000033
0 3 00000000800003f4 (0x00006797) x0f 00000000800063f4
0 3 00000000800003f8 (0x45478793) x0f 0000000080006848
0 3 00000000800003fc (0x00e78023) 
0 3 0000000080000400 (0x81818793) x0f 0000000080006858
0 3 0000000080000404 (0x0007b783) x0f 000000000030bff8
0 3 0000000080000406 (0x0007b703) x0e 0000000000004df9
0 3 0000000080000408 (0x81018793) x0f 0000000080006850
0 3 000000008000040c (0x0007b783) x0f 0000000000304000
0 3 000000008000040e (0x40070713) x0e 00000000000051f9
0 3 0000000080000412 (0x00e7b023) 
0 3 0000000080000414 (0x00006797) x0f 0000000080006414
0 3 0000000080000418 (0x43478793) x0f 0000000080006848
0 3 000000008000041c (0x0007c783) x0f 0000000000000033
0 3 0000000080000420 (0x0007879b) x0f 0000000000000033
0 3 0000000080000422 (0x00f00533) x0a 0000000000000033
0 3 0000000080000424 (0x078050ef) x01 0000000080000428
0 3 000000008000549c (0xfe010113) x02 0000000081026e60
0 3 000000008000549e (0x00813c23) 
0 3 00000000800054a0 (0x02010413) x08 0000000081026e80
0 3 00000000800054a2 (0x00a007b3) x0f 0000000000000033
0 3 00000000800054a4 (0xfef42623) 
0 3 00000000800054a8 (0x001017b7) x0f 0000000000101000
0 3 00000000800054ac (0xfec42703) x0e 0000000000000033
0 3 00000000800054b0 (0x0ff77713) x0e 0000000000000033
0 3 00000000800054b4 (0x00e78023) 
0 3 00000000800054b8 (0x00000013) 
0 3 00000000800054ba (0x01813403) x08 0000000081026fd0
0 3 00000000800054bc (0x02010113) x02 0000000081026e80
0 3 00000000800054be (0x00008067) 
0 3 0000000080000428 (0x00a00513) x0a 000000000000000a
0 3 000000008000042a (0x072050ef) x01 000000008000042e
0 3 000000008000549c (0xfe010113) x02 0000000081026e60
0 3 000000008000549e (0x00813c23) 
0 3 00000000800054a0 (0x02010413) x08 0000000081026e80
0 3 00000000800054a2 (0x00a007b3) x0f 000000000000000a
0 3 00000000800054a4 (0xfef42623) 
0 3 00000000800054a8 (0x001017b7) x0f 0000000000101000
0 3 00000000800054ac (0xfec42703) x0e 000000000000000a
0 3 00000000800054b0 (0x0ff77713) x0e 000000000000000a
0 3 00000000800054b4 (0x00e78023) 
0 3 00000000800054b8 (0x00000013) 
0 3 00000000800054ba (0x01813403) x08 0000000081026fd0
0 3 00000000800054bc (0x02010113) x02 0000000081026e80
0 3 00000000800054be (0x00008067) 
0 3 000000008000042e (0x00006797) x0f 000000008000642e
0 3 0000000080000432 (0x41a78793) x0f 0000000080006848
0 3 0000000080000436 (0x0007c783) x0f 0000000000000033
0 3 000000008000043a (0x00f00733) x0e 0000000000000033
0 3 000000008000043c (0x03800793) x0f 0000000000000038
0 3 0000000080000440 (0x02f71463) 
0 3 0000000080000468 (0x00000013) 
0 3 000000008000046a (0x14813083) x01 000000008000051c
0 3 000000008000046c (0x13812283) x05 0000000000000000
0 3 0000000080000470 (0x00329073) 
0 3 0000000080000474 (0x14013283) x05 ffffffffffffffff
0 3 0000000080000476 (0x13013303) x06 0000000080006f40
0 3 0000000080000478 (0x12813383) x07 0000000000000000
0 3 000000008000047a (0x12013403) x08 0000000081027000
0 3 000000008000047c (0x11813503) x0a 000000000000000a
0 3 000000008000047e (0x11013583) x0b 00000000800059d8
0 3 0000000080000480 (0x10813603) x0c 0000000000000000
0 3 0000000080000482 (0x10013683) x0d 0000000080000c02
0 3 0000000080000484 (0x0f813703) x0e 000000000000000a
0 3 0000000080000486 (0x0f013783) x0f 000000000000600b
0 3 0000000080000488 (0x0e813803) x10 0000000000000000
0 3 000000008000048a (0x0e013883) x11 0000000080027000
0 3 000000008000048c (0x0d813e03) x1c 0000000000000000
0 3 000000008000048e (0x0d013e83) x1d 0000000000000000
0 3 0000000080000490 (0x0c813f03) x1e 0000000000000000
0 3 0000000080000492 (0x0c013f83) x1f 0000000000000000
0 3 0000000080000494 (0x0a813007) f00 ffffffff00000000
0 3 0000000080000496 (0x0a013087) f01 ffffffff00000000
0 3 0000000080000498 (0x09813107) f02 ffffffff00000000
0 3 000000008000049a (0x09013187) f03 ffffffff00000000
0 3 000000008000049c (0x08813207) f04 ffffffff00000000
0 3 000000008000049e (0x08013287) f05 ffffffff00000000
0 3 00000000800004a0 (0x07813307) f06 ffffffff00000000
0 3 00000000800004a2 (0x07013387) f07 ffffffff00000000
0 3 00000000800004a4 (0x06813507) f0a ffffffff00000000
0 3 00000000800004a6 (0x06013587) f0b ffffffff00000000
0 3 00000000800004a8 (0x05813607) f0c ffffffff00000000
0 3 00000000800004aa (0x05013687) f0d ffffffff00000000
0 3 00000000800004ac (0x04813707) f0e ffffffff00000000
0 3 00000000800004ae (0x04013787) f0f ffffffff00000000
0 3 00000000800004b0 (0x03813807) f10 ffffffff00000000
0 3 00000000800004b2 (0x03013887) f11 ffffffff00000000
0 3 00000000800004b4 (0x02813e07) f1c ffffffff00000000
0 3 00000000800004b6 (0x02013e87) f1d ffffffff00000000
0 3 00000000800004b8 (0x01813f07) f1e ffffffff00000000
0 3 00000000800004ba (0x01013f87) f1f ffffffff00000000
0 3 00000000800004bc (0x15010113) x02 0000000081026fd0
0 3 00000000800004be (0x30200073) 
0 3 000000008000052c (0x0000006f) 
0 3 000000008000052c (0x0000006f) 
0 3 000000008000052c (0x0000006f) 
0 3 000000008000052c (0x0000006f) 
0 3 000000008000052c (0x0000006f) 
0 3 000000008000052c (0x0000006f) 
0 3 000000008000052c (0x0000006f) 
0 3 000000008000052c (0x0000006f) 
0 3 000000008000052c (0x0000006f) 
0 3 000000008000052c (0x0000006f) 
0 3 000000008000052c (0x0000006f) 
0 3 000000008000052c (0x0000006f) 
0 3 000000008000052c (0x0000006f) 
0 3 000000008000052c (0x0000006f) 
0 3 000000008000052c (0x0000006f) 
0 3 000000008000052c (0x0000006f) 
0 3 000000008000052c (0x0000006f) 
0 3 000000008000052c (0x0000006f) 
0 3 000000008000052c (0x0000006f) 
0 3 000000008000052c (0x0000006f) 
0 3 000000008000052c (0x0000006f) 
0 3 000000008000052c (0x0000006f) 
0 3 000000008000052c (0x0000006f) 
0 3 000000008000052c (0x0000006f) 
0 3 000000008000052c (0x0000006f) 
0 3 000000008000052c (0x0000006f) 
0 3 000000008000052c (0x0000006f) 
0 3 000000008000052c (0x0000006f) 
0 3 000000008000052c (0x0000006f) 
0 3 000000008000052c (0x0000006f) 
0 3 000000008000052c (0x0000006f) 
0 3 000000008000052c (0x0000006f) 
0 3 000000008000052c (0x0000006f) 
0 3 000000008000052c (0x0000006f) 
0 3 000000008000052c (0x0000006f) 
0 3 000000008000052c (0x0000006f) 
0 3 000000008000052c (0x0000006f) 
0 3 000000008000052c (0x0000006f) 
0 3 000000008000052c (0x0000006f) 
0 3 000000008000052c (0x0000006f) 
0 3 000000008000052c (0x0000006f) 
0 3 000000008000052c (0x0000006f) 
0 3 000000008000052c (0x0000006f) 
0 3 000000008000052c (0x0000006f) 
0 3 000000008000052c (0x0000006f) 
0 3 000000008000052c (0x0000006f) 
0 3 000000008000052c (0x0000006f) 
0 3 000000008000052c (0x0000006f) 
0 3 000000008000052c (0x0000006f) 
0 3 000000008000052c (0x0000006f) 
0 3 000000008000052c (0x0000006f) 
0 3 000000008000052c (0x0000006f) 
0 3 000000008000052c (0x0000006f) 
0 3 000000008000052c (0x0000006f) 
0 3 000000008000052c (0x0000006f) 
0 3 000000008000052c (0x0000006f) 
0 3 000000008000052c (0x0000006f) 
0 3 000000008000052c (0x0000006f) 
0 3 000000008000052c (0x0000006f) 
0 3 000000008000052c (0x0000006f) 
0 3 000000008000052c (0x0000006f) 
0 3 000000008000052c (0x0000006f) 
0 3 000000008000052c (0x0000006f) 
0 3 000000008000052c (0x0000006f) 
0 3 000000008000052c (0x0000006f) 
0 3 000000008000052c (0x0000006f) 
0 3 000000008000052c (0x0000006f) 
0 3 000000008000052c (0x0000006f) 
0 3 000000008000052c (0x0000006f) 
0 3 000000008000052c (0x0000006f) 
0 3 000000008000052c (0x0000006f) 
0 3 000000008000052c (0x0000006f) 
0 3 000000008000052c (0x0000006f) 
0 3 000000008000052c (0x0000006f) 
0 3 000000008000052c (0x0000006f) 
0 3 000000008000052c (0x0000006f) 
0 3 000000008000052c (0x0000006f) 
0 3 000000008000052c (0x0000006f) 
0 3 000000008000052c (0x0000006f) 
0 3 000000008000052c (0x0000006f) 
0 3 000000008000052c (0x0000006f) 
0 3 000000008000052c (0x0000006f) 
0 3 000000008000052c (0x0000006f) 
0 3 000000008000052c (0x0000006f) 
0 3 000000008000052c (0x0000006f) 
0 3 000000008000052c (0x0000006f) 
0 3 000000008000052c (0x0000006f) 
0 3 000000008000052c (0x0000006f) 
0 3 000000008000052c (0x0000006f) 
0 3 000000008000052c (0x0000006f) 
0 3 000000008000052c (0x0000006f) 
0 3 000000008000052c (0x0000006f) 
0 3 000000008000052c (0x0000006f) 
0 3 000000008000052c (0x0000006f) 
0 3 000000008000052c (0x0000006f) 
0 3 000000008000052c (0x0000006f) 
0 3 000000008000052c (0x0000006f) 
0 3 000000008000052c (0x0000006f) 
0 3 000000008000052c (0x0000006f) 
0 3 000000008000052c (0x0000006f) 
0 3 000000008000052c (0x0000006f) 
0 3 000000008000052c (0x0000006f) 
0 3 000000008000052c (0x0000006f) 
0 3 000000008000052c (0x0000006f) 
0 3 000000008000052c (0x0000006f) 
0 3 000000008000052c (0x0000006f) 
0 3 000000008000052c (0x0000006f) 
0 3 000000008000052c (0x0000006f) 
0 3 000000008000052c (0x0000006f) 
0 3 000000008000052c (0x0000006f) 
0 3 000000008000052c (0x0000006f) 
0 3 000000008000052c (0x0000006f) 
0 3 000000008000052c (0x0000006f) 
0 3 000000008000052c (0x0000006f) 
0 3 000000008000052c (0x0000006f) 
0 3 000000008000052c (0x0000006f) 
0 3 000000008000052c (0x0000006f) 
0 3 000000008000052c (0x0000006f) 
0 3 000000008000052c (0x0000006f) 
0 3 000000008000052c (0x0000006f) 
0 3 000000008000052c (0x0000006f) 
0 3 000000008000052c (0x0000006f) 
0 3 000000008000052c (0x0000006f) 
0 3 000000008000052c (0x0000006f) 
0 3 000000008000052c (0x0000006f) 
0 3 000000008000052c (0x0000006f) 
0 3 000000008000052c (0x0000006f) 
0 3 000000008000052c (0x0000006f) 
0 3 000000008000052c (0x0000006f) 
0 3 000000008000052c (0x0000006f) 
0 3 000000008000052c (0x0000006f) 
0 3 000000008000052c (0x0000006f) 
0 3 000000008000052c (0x0000006f) 
0 3 000000008000052c (0x0000006f) 
0 3 000000008000052c (0x0000006f) 
0 3 000000008000052c (0x0000006f) 
0 3 000000008000052c (0x0000006f) 
0 3 000000008000052c (0x0000006f) 
0 3 000000008000052c (0x0000006f) 
0 3 000000008000052c (0x0000006f) 
0 3 000000008000052c (0x0000006f) 
0 3 000000008000052c (0x0000006f) 
0 3 000000008000052c (0x0000006f) 
0 3 000000008000052c (0x0000006f) 
0 3 000000008000052c (0x0000006f) 
0 3 000000008000052c (0x0000006f) 
0 3 000000008000052c (0x0000006f) 
0 3 000000008000052c (0x0000006f) 
0 3 000000008000052c (0x0000006f) 
0 3 000000008000052c (0x0000006f) 
0 3 000000008000052c (0x0000006f) 
0 3 000000008000052c (0x0000006f) 
0 3 000000008000052c (0x0000006f) 
0 3 000000008000052c (0x0000006f) 
0 3 000000008000052c (0x0000006f) 
0 3 000000008000052c (0x0000006f) 
0 3 000000008000052c (0x0000006f) 
0 3 000000008000052c (0x0000006f) 
0 3 000000008000052c (0x0000006f) 
0 3 000000008000052c (0x0000006f) 
0 3 000000008000052c (0x0000006f) 
0 3 000000008000052c (0x0000006f) 
0 3 000000008000052c (0x0000006f) 
0 3 000000008000052c (0x0000006f) 
0 3 000000008000052c (0x0000006f) 
0 3 000000008000052c (0x0000006f) 
0 3 000000008000052c (0x0000006f) 
0 3 000000008000052c (0x0000006f) 
0 3 000000008000052c (0x0000006f) 
0 3 000000008000052c (0x0000006f) 
0 3 000000008000052c (0x0000006f) 
0 3 000000008000052c (0x0000006f) 
0 3 000000008000052c (0x0000006f) 
0 3 000000008000052c (0x0000006f) 
0 3 000000008000052c (0x0000006f) 
0 3 000000008000052c (0x0000006f) 
0 3 000000008000052c (0x0000006f) 
0 3 000000008000052c (0x0000006f) 
0 3 000000008000052c (0x0000006f) 
0 3 000000008000052c (0x0000006f) 
0 3 000000008000052c (0x0000006f) 
0 3 000000008000052c (0x0000006f) 
0 3 000000008000052c (0x0000006f) 
0 3 000000008000052c (0x0000006f) 
0 3 000000008000052c (0x0000006f) 
0 3 000000008000052c (0x0000006f) 
0 3 000000008000052c (0x0000006f) 
0 3 000000008000052c (0x0000006f) 
0 3 000000008000052c (0x0000006f) 
0 3 000000008000052c (0x0000006f) 
0 3 000000008000052c (0x0000006f) 
0 3 000000008000052c (0x0000006f) 
0 3 000000008000052c (0x0000006f) 
0 3 000000008000052c (0x0000006f) 
0 3 000000008000052c (0x0000006f) 
0 3 000000008000052c (0x0000006f) 
0 3 000000008000052c (0x0000006f) 
0 3 000000008000052c (0x0000006f) 
0 3 000000008000052c (0x0000006f) 
0 3 000000008000052c (0x0000006f) 
0 3 000000008000052c (0x0000006f) 
0 3 000000008000052c (0x0000006f) 
0 3 000000008000052c (0x0000006f) 
0 3 000000008000052c (0x0000006f) 
0 3 000000008000052c (0x0000006f) 
0 3 000000008000052c (0x0000006f) 
0 3 000000008000052c (0x0000006f) 
0 3 000000008000052c (0x0000006f) 
0 3 000000008000052c (0x0000006f) 
0 3 000000008000052c (0x0000006f) 
0 3 000000008000052c (0x0000006f) 
0 3 000000008000052c (0x0000006f) 
0 3 000000008000052c (0x0000006f) 
0 3 000000008000052c (0x0000006f) 
0 3 000000008000052c (0x0000006f) 
0 3 000000008000052c (0x0000006f) 
0 3 000000008000052c (0x0000006f) 
0 3 000000008000052c (0x0000006f) 
0 3 000000008000052c (0x0000006f) 
0 3 000000008000052c (0x0000006f) 
0 3 000000008000052c (0x0000006f) 
0 3 000000008000052c (0x0000006f) 
0 3 000000008000052c (0x0000006f) 
0 3 000000008000052c (0x0000006f) 
0 3 000000008000052c (0x0000006f) 
0 3 000000008000052c (0x0000006f) 
0 3 000000008000052c (0x0000006f) 
0 3 000000008000052c (0x0000006f) 
0 3 000000008000052c (0x0000006f) 
0 3 000000008000052c (0x0000006f) 
0 3 000000008000052c (0x0000006f) 
0 3 000000008000052c (0x0000006f) 
0 3 000000008000052c (0x0000006f) 
0 3 000000008000052c (0x0000006f) 
0 3 000000008000052c (0x0000006f) 
0 3 000000008000052c (0x0000006f) 
0 3 000000008000052c (0x0000006f) 
0 3 000000008000052c (0x0000006f) 
0 3 000000008000052c (0x0000006f) 
0 3 000000008000052c (0x0000006f) 
0 3 000000008000052c (0x0000006f) 
0 3 000000008000052c (0x0000006f) 
0 3 000000008000052c (0x0000006f) 
0 3 000000008000052c (0x0000006f) 
0 3 000000008000052c (0x0000006f) 
0 3 000000008000052c (0x0000006f) 
0 3 000000008000052c (0x0000006f) 
0 3 000000008000052c (0x0000006f) 
0 3 000000008000052c (0x0000006f) 
0 3 000000008000052c (0x0000006f) 
0 3 000000008000052c (0x0000006f) 
0 3 000000008000052c (0x0000006f) 
0 3 000000008000052c (0x0000006f) 
0 3 000000008000052c (0x0000006f) 
0 3 000000008000052c (0x0000006f) 
0 3 000000008000052c (0x0000006f) 
0 3 000000008000052c (0x0000006f) 
0 3 000000008000052c (0x0000006f) 
0 3 000000008000052c (0x0000006f) 
0 3 000000008000052c (0x0000006f) 
0 3 000000008000052c (0x0000006f) 
0 3 000000008000052c (0x0000006f) 
0 3 000000008000052c (0x0000006f) 
0 3 000000008000052c (0x0000006f) 
0 3 000000008000052c (0x0000006f) 
0 3 000000008000052c (0x0000006f) 
0 3 000000008000052c (0x0000006f) 
0 3 000000008000052c (0x0000006f) 
0 3 000000008000052c (0x0000006f) 
0 3 000000008000052c (0x0000006f) 
0 3 000000008000052c (0x0000006f) 
0 3 000000008000052c (0x0000006f) 
0 3 000000008000052c (0x0000006f) 
0 3 000000008000052c (0x0000006f) 
0 3 000000008000052c (0x0000006f) 
0 3 000000008000052c (0x0000006f) 
0 3 000000008000052c (0x0000006f) 
0 3 000000008000052c (0x0000006f) 
0 3 000000008000052c (0x0000006f) 
0 3 000000008000052c (0x0000006f) 
0 3 000000008000052c (0x0000006f) 
0 3 000000008000052c (0x0000006f) 
0 3 000000008000052c (0x0000006f) 
0 3 000000008000052c (0x0000006f) 
0 3 000000008000052c (0x0000006f) 
0 3 000000008000052c (0x0000006f) 
0 3 000000008000052c (0x0000006f) 
0 3 000000008000052c (0x0000006f) 
0 3 000000008000052c (0x0000006f) 
0 3 000000008000052c (0x0000006f) 
0 3 000000008000052c (0x0000006f) 
0 3 000000008000052c (0x0000006f) 
0 3 000000008000052c (0x0000006f) 
0 3 000000008000052c (0x0000006f) 
0 3 000000008000052c (0x0000006f) 
0 3 000000008000052c (0x0000006f) 
0 3 000000008000052c (0x0000006f) 
0 3 000000008000052c (0x0000006f) 
0 3 000000008000052c (0x0000006f) 
0 3 000000008000052c (0x0000006f) 
0 3 000000008000052c (0x0000006f) 
0 3 000000008000052c (0x0000006f) 
0 3 000000008000052c (0x0000006f) 
0 3 000000008000052c (0x0000006f) 
0 3 000000008000052c (0x0000006f) 
0 3 000000008000052c (0x0000006f) 
0 3 000000008000052c (0x0000006f) 
0 3 000000008000052c (0x0000006f) 
0 3 000000008000052c (0x0000006f) 
0 3 000000008000052c (0x0000006f) 
0 3 000000008000052c (0x0000006f) 
0 3 000000008000052c (0x0000006f) 
0 3 000000008000052c (0x0000006f) 
0 3 000000008000052c (0x0000006f) 
0 3 000000008000052c (0x0000006f) 
0 3 000000008000052c (0x0000006f) 
0 3 000000008000052c (0x0000006f) 
0 3 000000008000052c (0x0000006f) 
0 3 000000008000052c (0x0000006f) 
0 3 000000008000052c (0x0000006f) 
0 3 000000008000052c (0x0000006f) 
0 3 000000008000052c (0x0000006f) 
0 3 000000008000052c (0x0000006f) 
0 3 000000008000052c (0x0000006f) 
0 3 000000008000052c (0x0000006f) 
0 3 000000008000052c (0x0000006f) 
0 3 000000008000052c (0x0000006f) 
0 3 000000008000052c (0x0000006f) 
0 3 000000008000052c (0x0000006f) 
0 3 000000008000052c (0x0000006f) 
0 3 000000008000052c (0x0000006f) 
0 3 000000008000052c (0x0000006f) 
0 3 000000008000052c (0x0000006f) 
0 3 000000008000052c (0x0000006f) 
0 3 000000008000052c (0x0000006f) 
0 3 000000008000052c (0x0000006f) 
0 3 000000008000052c (0x0000006f) 
0 3 000000008000052c (0x0000006f) 
0 3 000000008000052c (0x0000006f) 
0 3 000000008000052c (0x0000006f) 
0 3 000000008000052c (0x0000006f) 
0 3 000000008000052c (0x0000006f) 
0 3 000000008000052c (0x0000006f) 
0 3 000000008000052c (0x0000006f) 
0 3 000000008000052c (0x0000006f) 
0 3 000000008000052c (0x0000006f) 
0 3 000000008000052c (0x0000006f) 
0 3 000000008000052c (0x0000006f) 
0 3 000000008000052c (0x0000006f) 
0 3 000000008000052c (0x0000006f) 
0 3 000000008000052c (0x0000006f) 
0 3 000000008000052c (0x0000006f) 
0 3 000000008000052c (0x0000006f) 
0 3 000000008000052c (0x0000006f) 
0 3 000000008000052c (0x0000006f) 
0 3 000000008000052c (0x0000006f) 
0 3 000000008000052c (0x0000006f) 
0 3 000000008000052c (0x0000006f) 
0 3 000000008000052c (0x0000006f) 
0 3 000000008000052c (0x0000006f) 
0 3 000000008000052c (0x0000006f) 
0 3 000000008000052c (0x0000006f) 
0 3 000000008000052c (0x0000006f) 
0 3 000000008000052c (0x0000006f) 
0 3 000000008000052c (0x0000006f) 
0 3 000000008000052c (0x0000006f) 
0 3 000000008000052c (0x0000006f) 
0 3 000000008000052c (0x0000006f) 
0 3 000000008000052c (0x0000006f) 
0 3 000000008000052c (0x0000006f) 
0 3 000000008000052c (0x0000006f) 
0 3 000000008000052c (0x0000006f) 
0 3 000000008000052c (0x0000006f) 
0 3 000000008000052c (0x0000006f) 
0 3 000000008000052c (0x0000006f) 
0 3 000000008000052c (0x0000006f) 
0 3 000000008000052c (0x0000006f) 
0 3 000000008000052c (0x0000006f) 
0 3 000000008000052c (0x0000006f) 
0 3 000000008000052c (0x0000006f) 
0 3 000000008000052c (0x0000006f) 
0 3 000000008000052c (0x0000006f) 
0 3 000000008000052c (0x0000006f) 
0 3 000000008000052c (0x0000006f) 
0 3 000000008000052c (0x0000006f) 
0 3 000000008000052c (0x0000006f) 
0 3 000000008000052c (0x0000006f) 
0 3 000000008000052c (0x0000006f) 
0 3 000000008000052c (0x0000006f) 
0 3 000000008000052c (0x0000006f) 
0 3 000000008000052c (0x0000006f) 
0 3 000000008000052c (0x0000006f) 
0 3 000000008000052c (0x0000006f) 
0 3 000000008000052c (0x0000006f) 
0 3 000000008000052c (0x0000006f) 
0 3 000000008000052c (0x0000006f) 
0 3 000000008000052c (0x0000006f) 
0 3 000000008000052c (0x0000006f) 
0 3 000000008000052c (0x0000006f) 
0 3 000000008000052c (0x0000006f) 
0 3 000000008000052c (0x0000006f) 
0 3 000000008000052c (0x0000006f) 
0 3 000000008000052c (0x0000006f) 
0 3 000000008000052c (0x0000006f) 
0 3 000000008000052c (0x0000006f) 
0 3 000000008000052c (0x0000006f) 
0 3 000000008000052c (0x0000006f) 
0 3 000000008000052c (0x0000006f) 
0 3 000000008000052c (0x0000006f) 
0 3 000000008000052c (0x0000006f) 
0 3 000000008000052c (0x0000006f) 
0 3 000000008000052c (0x0000006f) 
0 3 000000008000052c (0x0000006f) 
0 3 000000008000052c (0x0000006f) 
0 3 000000008000052c (0x0000006f) 
0 3 000000008000052c (0x0000006f) 
0 3 000000008000052c (0x0000006f) 
0 3 000000008000052c (0x0000006f) 
0 3 000000008000052c (0x0000006f) 
0 3 000000008000052c (0x0000006f) 
0 3 000000008000052c (0x0000006f) 
0 3 000000008000052c (0x0000006f) 
0 3 000000008000052c (0x0000006f) 
0 3 000000008000052c (0x0000006f) 
0 3 000000008000052c (0x0000006f) 
0 3 000000008000052c (0x0000006f) 
0 3 000000008000052c (0x0000006f) 
0 3 000000008000052c (0x0000006f) 
0 3 000000008000052c (0x0000006f) 
0 3 000000008000052c (0x0000006f) 
0 3 000000008000052c (0x0000006f) 
0 3 000000008000052c (0x0000006f) 
0 3 000000008000052c (0x0000006f) 
0 3 000000008000052c (0x0000006f) 
0 3 000000008000052c (0x0000006f) 
0 3 000000008000052c (0x0000006f) 
0 3 000000008000052c (0x0000006f) 
0 3 000000008000052c (0x0000006f) 
0 3 000000008000052c (0x0000006f) 
0 3 000000008000052c (0x0000006f) 
0 3 000000008000052c (0x0000006f) 
0 3 000000008000052c (0x0000006f) 
0 3 000000008000052c (0x0000006f) 
0 3 000000008000052c (0x0000006f) 
0 3 000000008000052c (0x0000006f) 
0 3 000000008000052c (0x0000006f) 
0 3 000000008000052c (0x0000006f) 
0 3 000000008000052c (0x0000006f) 
0 3 000000008000052c (0x0000006f) 
0 3 000000008000052c (0x0000006f) 
0 3 000000008000052c (0x0000006f) 
0 3 000000008000052c (0x0000006f) 
0 3 000000008000052c (0x0000006f) 
0 3 000000008000052c (0x0000006f) 
0 3 000000008000052c (0x0000006f) 
0 3 000000008000052c (0x0000006f) 
0 3 000000008000052c (0x0000006f) 
0 3 000000008000052c (0x0000006f) 
0 3 000000008000052c (0x0000006f) 
0 3 000000008000052c (0x0000006f) 
0 3 000000008000052c (0x0000006f) 
0 3 000000008000052c (0x0000006f) 
0 3 000000008000052c (0x0000006f) 
0 3 000000008000052c (0x0000006f) 
0 3 000000008000052c (0x0000006f) 
0 3 000000008000052c (0x0000006f) 
0 3 000000008000052c (0x0000006f) 
0 3 000000008000052c (0x0000006f) 
0 3 000000008000052c (0x0000006f) 
0 3 000000008000052c (0x0000006f) 
0 3 000000008000052c (0x0000006f) 
0 3 000000008000052c (0x0000006f) 
0 3 000000008000052c (0x0000006f) 
0 3 000000008000052c (0x0000006f) 
0 3 000000008000052c (0x0000006f) 
0 3 000000008000052c (0x0000006f) 
0 3 000000008000052c (0x0000006f) 
0 3 000000008000052c (0x0000006f) 
0 3 000000008000052c (0x0000006f) 
0 3 000000008000052c (0x0000006f) 
0 3 000000008000052c (0x0000006f) 
0 3 000000008000052c (0x0000006f) 
0 3 000000008000052c (0x0000006f) 
0 3 000000008000052c (0x0000006f) 
0 3 000000008000052c (0x0000006f) 
0 3 000000008000052c (0x0000006f) 
0 3 000000008000052c (0x0000006f) 
0 3 000000008000052c (0x0000006f) 
0 3 000000008000052c (0x0000006f) 
0 3 000000008000052c (0x0000006f) 
0 3 000000008000052c (0x0000006f) 
0 3 000000008000052c (0x0000006f) 
0 3 000000008000052c (0x0000006f) 
0 3 000000008000052c (0x0000006f) 
0 3 000000008000052c (0x0000006f) 
0 3 000000008000052c (0x0000006f) 
0 3 000000008000052c (0x0000006f) 
0 3 000000008000052c (0x0000006f) 
0 3 000000008000052c (0x0000006f) 
0 3 000000008000052c (0x0000006f) 
0 3 000000008000052c (0x0000006f) 
0 3 000000008000052c (0x0000006f) 
0 3 000000008000052c (0x0000006f) 
0 3 000000008000052c (0x0000006f) 
0 3 000000008000052c (0x0000006f) 
0 3 000000008000052c (0x0000006f) 
0 3 000000008000052c (0x0000006f) 
0 3 000000008000052c (0x0000006f) 
0 3 000000008000052c (0x0000006f) 
0 3 000000008000052c (0x0000006f) 
0 3 000000008000052c (0x0000006f) 
0 3 000000008000052c (0x0000006f) 
0 3 000000008000052c (0x0000006f) 
0 3 000000008000052c (0x0000006f) 
0 3 000000008000052c (0x0000006f) 
0 3 000000008000052c (0x0000006f) 
0 3 000000008000052c (0x0000006f) 
0 3 000000008000052c (0x0000006f) 
0 3 000000008000052c (0x0000006f) 
0 3 000000008000052c (0x0000006f) 
0 3 000000008000052c (0x0000006f) 
0 3 000000008000052c (0x0000006f) 
0 3 000000008000052c (0x0000006f) 
0 3 000000008000052c (0x0000006f) 
0 3 000000008000052c (0x0000006f) 
0 3 000000008000052c (0x0000006f) 
0 3 000000008000052c (0x0000006f) 
0 3 000000008000052c (0x0000006f) 
0 3 000000008000052c (0x0000006f) 
0 3 000000008000052c (0x0000006f) 
0 3 000000008000052c (0x0000006f) 
0 3 000000008000052c (0x0000006f) 
0 3 000000008000052c (0x0000006f) 
0 3 000000008000052c (0x0000006f) 
0 3 000000008000052c (0x0000006f) 
0 3 000000008000052c (0x0000006f) 
0 3 000000008000052c (0x0000006f) 
0 3 000000008000052c (0x0000006f) 
0 3 000000008000052c (0x0000006f) 
0 3 000000008000052c (0x0000006f) 
0 3 000000008000052c (0x0000006f) 
0 3 000000008000052c (0x0000006f) 
0 3 000000008000052c (0x0000006f) 
0 3 000000008000052c (0x0000006f) 
0 3 000000008000052c (0x0000006f) 
0 3 000000008000052c (0x0000006f) 
0 3 000000008000052c (0x0000006f) 
0 3 000000008000052c (0x0000006f) 
0 3 000000008000052c (0x0000006f) 
0 3 000000008000052c (0x0000006f) 
0 3 000000008000052c (0x0000006f) 
0 3 000000008000052c (0x0000006f) 
0 3 000000008000052c (0x0000006f) 
0 3 000000008000052c (0x0000006f) 
0 3 000000008000052c (0x0000006f) 
0 3 000000008000052c (0x0000006f) 
0 3 000000008000052c (0x0000006f) 
0 3 000000008000052c (0x0000006f) 
0 3 000000008000052c (0x0000006f) 
0 3 000000008000052c (0x0000006f) 
0 3 000000008000052c (0x0000006f) 
0 3 000000008000052c (0x0000006f) 
0 3 000000008000052c (0x0000006f) 
0 3 000000008000052c (0x0000006f) 
0 3 000000008000052c (0x0000006f) 
0 3 000000008000052c (0x0000006f) 
0 3 000000008000052c (0x0000006f) 
0 3 000000008000052c (0x0000006f) 
0 3 000000008000052c (0x0000006f) 
0 3 000000008000052c (0x0000006f) 
0 3 000000008000052c (0x0000006f) 
0 3 000000008000052c (0x0000006f) 
0 3 000000008000052c (0x0000006f) 
0 3 000000008000052c (0x0000006f) 
0 3 000000008000052c (0x0000006f) 
0 3 000000008000052c (0x0000006f) 
0 3 000000008000052c (0x0000006f) 
0 3 000000008000052c (0x0000006f) 
0 3 000000008000052c (0x0000006f) 
0 3 000000008000052c (0x0000006f) 
0 3 000000008000052c (0x0000006f) 
0 3 000000008000052c (0x0000006f) 
0 3 000000008000052c (0x0000006f) 
0 3 000000008000052c (0x0000006f) 
0 3 000000008000052c (0x0000006f) 
0 3 000000008000052c (0x0000006f) 
0 3 000000008000052c (0x0000006f) 
0 3 000000008000052c (0x0000006f) 
0 3 000000008000052c (0x0000006f) 
0 3 000000008000052c (0x0000006f) 
0 3 000000008000052c (0x0000006f) 
0 3 000000008000052c (0x0000006f) 
0 3 000000008000052c (0x0000006f) 
0 3 000000008000052c (0x0000006f) 
0 3 000000008000052c (0x0000006f) 
0 3 000000008000052c (0x0000006f) 
0 3 000000008000052c (0x0000006f) 
0 3 000000008000052c (0x0000006f) 
0 3 000000008000052c (0x0000006f) 
0 3 000000008000052c (0x0000006f) 
0 3 000000008000052c (0x0000006f) 
0 3 000000008000052c (0x0000006f) 
0 3 000000008000052c (0x0000006f) 
0 3 000000008000052c (0x0000006f) 
0 3 000000008000052c (0x0000006f) 
0 3 000000008000052c (0x0000006f) 
0 3 000000008000052c (0x0000006f) 
0 3 000000008000052c (0x0000006f) 
0 3 000000008000052c (0x0000006f) 
0 3 000000008000052c (0x0000006f) 
0 3 000000008000052c (0x0000006f) 
0 3 000000008000052c (0x0000006f) 
0 3 000000008000052c (0x0000006f) 
0 3 000000008000052c (0x0000006f) 
0 3 000000008000052c (0x0000006f) 
0 3 000000008000052c (0x0000006f) 
0 3 000000008000052c (0x0000006f) 
0 3 000000008000052c (0x0000006f) 
0 3 000000008000052c (0x0000006f) 
0 3 000000008000052c (0x0000006f) 
0 3 000000008000052c (0x0000006f) 
0 3 000000008000052c (0x0000006f) 
0 3 000000008000052c (0x0000006f) 
0 3 000000008000052c (0x0000006f) 
0 3 000000008000052c (0x0000006f) 
0 3 000000008000052c (0x0000006f) 
0 3 000000008000052c (0x0000006f) 
0 3 000000008000052c (0x0000006f) 
0 3 000000008000052c (0x0000006f) 
0 3 000000008000052c (0x0000006f) 
0 3 000000008000052c (0x0000006f) 
0 3 000000008000052c (0x0000006f) 
0 3 000000008000052c (0x0000006f) 
0 3 000000008000052c (0x0000006f) 
0 3 000000008000052c (0x0000006f) 
0 3 000000008000052c (0x0000006f) 
0 3 000000008000052c (0x0000006f) 
0 3 000000008000052c (0x0000006f) 
0 3 000000008000052c (0x0000006f) 
0 3 000000008000052c (0x0000006f) 
0 3 000000008000052c (0x0000006f) 
0 3 000000008000052c (0x0000006f) 
0 3 000000008000052c (0x0000006f) 
0 3 000000008000052c (0x0000006f) 
0 3 000000008000052c (0x0000006f) 
0 3 000000008000052c (0x0000006f) 
0 3 000000008000052c (0x0000006f) 
0 3 000000008000052c (0x0000006f) 
0 3 000000008000052c (0x0000006f) 
0 3 000000008000052c (0x0000006f) 
0 3 000000008000052c (0x0000006f) 
0 3 000000008000052c (0x0000006f) 
0 3 000000008000052c (0x0000006f) 
0 3 000000008000052c (0x0000006f) 
0 3 000000008000052c (0x0000006f) 
0 3 000000008000052c (0x0000006f) 
0 3 000000008000052c (0x0000006f) 
0 3 000000008000052c (0x0000006f) 
0 3 000000008000052c (0x0000006f) 
0 3 000000008000052c (0x0000006f) 
0 3 000000008000052c (0x0000006f) 
0 3 000000008000052c (0x0000006f) 
0 3 000000008000052c (0x0000006f) 
0 3 000000008000052c (0x0000006f) 
0 3 000000008000052c (0x0000006f) 
0 3 000000008000052c (0x0000006f) 
0 3 000000008000052c (0x0000006f) 
0 3 000000008000052c (0x0000006f) 
0 3 000000008000052c (0x0000006f) 
0 3 000000008000052c (0x0000006f) 
0 3 000000008000052c (0x0000006f) 
0 3 000000008000052c (0x0000006f) 
0 3 000000008000052c (0x0000006f) 
0 3 000000008000052c (0x0000006f) 
0 3 000000008000052c (0x0000006f) 
0 3 000000008000052c (0x0000006f) 
0 3 000000008000052c (0x0000006f) 
0 3 000000008000052c (0x0000006f) 
0 3 000000008000052c (0x0000006f) 
0 3 000000008000052c (0x0000006f) 
0 3 000000008000052c (0x0000006f) 
0 3 000000008000052c (0x0000006f) 
0 3 000000008000052c (0x0000006f) 
0 3 000000008000052c (0x0000006f) 
0 3 000000008000052c (0x0000006f) 
0 3 000000008000052c (0x0000006f) 
0 3 000000008000052c (0x0000006f) 
0 3 000000008000052c (0x0000006f) 
0 3 000000008000052c (0x0000006f) 
0 3 000000008000052c (0x0000006f) 
0 3 000000008000052c (0x0000006f) 
0 3 000000008000052c (0x0000006f) 
0 3 000000008000052c (0x0000006f) 
0 3 000000008000052c (0x0000006f) 
0 3 000000008000052c (0x0000006f) 
0 3 000000008000052c (0x0000006f) 
0 3 000000008000052c (0x0000006f) 
0 3 000000008000052c (0x0000006f) 
0 3 000000008000052c (0x0000006f) 
0 3 000000008000052c (0x0000006f) 
0 3 000000008000052c (0x0000006f) 
0 3 000000008000052c (0x0000006f) 
0 3 000000008000052c (0x0000006f) 
0 3 000000008000052c (0x0000006f) 
0 3 000000008000052c (0x0000006f) 
0 3 000000008000052c (0x0000006f) 
0 3 000000008000052c (0x0000006f) 
0 3 000000008000052c (0x0000006f) 
0 3 000000008000052c (0x0000006f) 
0 3 000000008000052c (0x0000006f) 
0 3 000000008000052c (0x0000006f) 
0 3 000000008000052c (0x0000006f) 
0 3 000000008000052c (0x0000006f) 
0 3 000000008000052c (0x0000006f) 
0 3 000000008000052c (0x0000006f) 
0 3 000000008000052c (0x0000006f) 
0 3 000000008000052c (0x0000006f) 
0 3 000000008000052c (0x0000006f) 
0 3 000000008000052c (0x0000006f) 
0 3 000000008000052c (0x0000006f) 
0 3 000000008000052c (0x0000006f) 
0 3 000000008000052c (0x0000006f) 
0 3 000000008000052c (0x0000006f) 
0 3 000000008000052c (0x0000006f) 
0 3 000000008000052c (0x0000006f) 
0 3 000000008000052c (0x0000006f) 
0 3 000000008000052c (0x0000006f) 
0 3 000000008000052c (0x0000006f) 
0 3 000000008000052c (0x0000006f) 
0 3 000000008000052c (0x0000006f) 
0 3 000000008000052c (0x0000006f) 
0 3 000000008000052c (0x0000006f) 
0 3 000000008000052c (0x0000006f) 
0 3 000000008000052c (0x0000006f) 
0 3 000000008000052c (0x0000006f) 
0 3 000000008000052c (0x0000006f) 
0 3 000000008000052c (0x0000006f) 
0 3 000000008000052c (0x0000006f) 
0 3 000000008000052c (0x0000006f) 
0 3 000000008000052c (0x0000006f) 
0 3 000000008000052c (0x0000006f) 
0 3 000000008000052c (0x0000006f) 
0 3 000000008000052c (0x0000006f) 
0 3 000000008000052c (0x0000006f) 
0 3 000000008000052c (0x0000006f) 
0 3 000000008000052c (0x0000006f) 
0 3 000000008000052c (0x0000006f) 
0 3 000000008000052c (0x0000006f) 
0 3 000000008000052c (0x0000006f) 
0 3 000000008000052c (0x0000006f) 
0 3 000000008000052c (0x0000006f) 
0 3 000000008000052c (0x0000006f) 
0 3 000000008000052c (0x0000006f) 
0 3 000000008000052c (0x0000006f) 
0 3 000000008000052c (0x0000006f) 
0 3 000000008000052c (0x0000006f) 
0 3 000000008000052c (0x0000006f) 
0 3 000000008000052c (0x0000006f) 
0 3 000000008000052c (0x0000006f) 
0 3 000000008000052c (0x0000006f) 
0 3 000000008000052c (0x0000006f) 
0 3 000000008000052c (0x0000006f) 
0 3 000000008000052c (0x0000006f) 
0 3 000000008000052c (0x0000006f) 
0 3 000000008000052c (0x0000006f) 
0 3 000000008000052c (0x0000006f) 
0 3 000000008000052c (0x0000006f) 
0 3 000000008000052c (0x0000006f) 
0 3 000000008000052c (0x0000006f) 
0 3 000000008000052c (0x0000006f) 
0 3 000000008000052c (0x0000006f) 
0 3 000000008000052c (0x0000006f) 
0 3 000000008000052c (0x0000006f) 
0 3 000000008000052c (0x0000006f) 
0 3 000000008000052c (0x0000006f) 
0 3 000000008000052c (0x0000006f) 
0 3 000000008000052c (0x0000006f) 
0 3 000000008000052c (0x0000006f) 
0 3 000000008000052c (0x0000006f) 
0 3 000000008000052c (0x0000006f) 
0 3 000000008000052c (0x0000006f) 
0 3 000000008000052c (0x0000006f) 
0 3 000000008000052c (0x0000006f) 
0 3 000000008000052c (0x0000006f) 
0 3 000000008000052c (0x0000006f) 
0 3 000000008000052c (0x0000006f) 
0 3 000000008000052c (0x0000006f) 
0 3 000000008000052c (0x0000006f) 
0 3 000000008000052c (0x0000006f) 
0 3 000000008000052c (0x0000006f) 
0 3 000000008000052c (0x0000006f) 
0 3 000000008000052c (0x0000006f) 
0 3 000000008000052c (0x0000006f) 
0 3 000000008000052c (0x0000006f) 
0 3 000000008000052c (0x0000006f) 
0 3 000000008000052c (0x0000006f) 
0 3 000000008000052c (0x0000006f) 
0 3 000000008000052c (0x0000006f) 
0 3 000000008000052c (0x0000006f) 
0 3 000000008000052c (0x0000006f) 
0 3 000000008000052c (0x0000006f) 
0 3 000000008000052c (0x0000006f) 
0 3 000000008000052c (0x0000006f) 
0 3 000000008000052c (0x0000006f) 
0 3 000000008000052c (0x0000006f) 
0 3 000000008000052c (0x0000006f) 
0 3 000000008000052c (0x0000006f) 
0 3 000000008000052c (0x0000006f) 
0 3 000000008000052c (0x0000006f) 
0 3 000000008000052c (0x0000006f) 
0 3 000000008000052c (0x0000006f) 
0 3 000000008000052c (0x0000006f) 
0 3 000000008000052c (0x0000006f) 
0 3 000000008000052c (0x0000006f) 
0 3 000000008000052c (0x0000006f) 
0 3 000000008000052c (0x0000006f) 
0 3 000000008000052c (0x0000006f) 
0 3 000000008000052c (0x0000006f) 
0 3 000000008000052c (0x0000006f) 
0 3 000000008000052c (0x0000006f) 
0 3 000000008000052c (0x0000006f) 
0 3 000000008000052c (0x0000006f) 
0 3 000000008000052c (0x0000006f) 
0 3 000000008000052c (0x0000006f) 
0 3 000000008000052c (0x0000006f) 
0 3 000000008000052c (0x0000006f) 
0 3 000000008000052c (0x0000006f) 
0 3 000000008000052c (0x0000006f) 
0 3 000000008000052c (0x0000006f) 
0 3 000000008000052c (0x0000006f) 
0 3 000000008000052c (0x0000006f) 
0 3 000000008000052c (0x0000006f) 
0 3 000000008000052c (0x0000006f) 
0 3 000000008000052c (0x0000006f) 
0 3 000000008000052c (0x0000006f) 
0 3 000000008000052c (0x0000006f) 
0 3 000000008000052c (0x0000006f) 
0 3 000000008000052c (0x0000006f) 
0 3 000000008000052c (0x0000006f) 
0 3 000000008000052c (0x0000006f) 
0 3 000000008000052c (0x0000006f) 
0 3 000000008000052c (0x0000006f) 
0 3 000000008000052c (0x0000006f) 
0 3 000000008000052c (0x0000006f) 
0 3 000000008000052c (0x0000006f) 
0 3 000000008000052c (0x0000006f) 
0 3 000000008000052c (0x0000006f) 
0 3 000000008000052c (0x0000006f) 
0 3 000000008000052c (0x0000006f) 
0 3 000000008000052c (0x0000006f) 
0 3 000000008000052c (0x0000006f) 
0 3 000000008000052c (0x0000006f) 
0 3 000000008000052c (0x0000006f) 
0 3 000000008000052c (0x0000006f) 
0 3 000000008000052c (0x0000006f) 
0 3 000000008000052c (0x0000006f) 
0 3 000000008000052c (0x0000006f) 
0 3 000000008000052c (0x0000006f) 
0 3 000000008000052c (0x0000006f) 
0 3 000000008000052c (0x0000006f) 
0 3 000000008000052c (0x0000006f) 
0 3 000000008000052c (0x0000006f) 
0 3 000000008000052c (0x0000006f) 
0 3 000000008000052c (0x0000006f) 
0 3 000000008000052c (0x0000006f) 
0 3 000000008000052c (0x0000006f) 
0 3 000000008000052c (0x0000006f) 
0 3 000000008000052c (0x0000006f) 
0 3 000000008000052c (0x0000006f) 
0 3 000000008000052c (0x0000006f) 
0 3 000000008000052c (0x0000006f) 
0 3 000000008000052c (0x0000006f) 
0 3 000000008000052c (0x0000006f) 
0 3 000000008000052c (0x0000006f) 
0 3 000000008000052c (0x0000006f) 
0 3 000000008000052c (0x0000006f) 
0 3 000000008000052c (0x0000006f) 
0 3 000000008000052c (0x0000006f) 
0 3 000000008000052c (0x0000006f) 
0 3 000000008000052c (0x0000006f) 
0 3 000000008000052c (0x0000006f) 
0 3 000000008000052c (0x0000006f) 
0 3 000000008000052c (0x0000006f) 
0 3 000000008000052c (0x0000006f) 
0 3 000000008000052c (0x0000006f) 
0 3 000000008000052c (0x0000006f) 
0 3 000000008000052c (0x0000006f) 
0 3 000000008000052c (0x0000006f) 
0 3 000000008000052c (0x0000006f) 
0 3 000000008000052c (0x0000006f) 
0 3 000000008000052c (0x0000006f) 
0 3 000000008000052c (0x0000006f) 
0 3 000000008000052c (0x0000006f) 
0 3 000000008000052c (0x0000006f) 
0 3 000000008000052c (0x0000006f) 
0 3 000000008000052c (0x0000006f) 
0 3 000000008000052c (0x0000006f) 
0 3 000000008000052c (0x0000006f) 
0 3 000000008000052c (0x0000006f) 
0 3 000000008000052c (0x0000006f) 
0 3 000000008000052c (0x0000006f) 
0 3 000000008000052c (0x0000006f) 
0 3 000000008000052c (0x0000006f) 
0 3 000000008000052c (0x0000006f) 
0 3 000000008000052c (0x0000006f) 
0 3 000000008000052c (0x0000006f) 
0 3 000000008000052c (0x0000006f) 
0 3 000000008000052c (0x0000006f) 
0 3 000000008000052c (0x0000006f) 
0 3 000000008000052c (0x0000006f) 
0 3 000000008000052c (0x0000006f) 
0 3 000000008000052c (0x0000006f) 
0 3 000000008000052c (0x0000006f) 
0 3 000000008000052c (0x0000006f) 
0 3 000000008000052c (0x0000006f) 
0 3 000000008000052c (0x0000006f) 
0 3 000000008000052c (0x0000006f) 
0 3 000000008000052c (0x00000000) exception (8000000000000007) -> 0x0080000340
0 3 0000000080000340 (0xeb010113) x02 0000000081026e80
0 3 0000000080000342 (0x14113423) 
0 3 0000000080000344 (0x14513023) 
0 3 0000000080000346 (0x003022f3) x05 0000000000000000
0 3 000000008000034a (0x12512c23) 
0 3 000000008000034e (0x12613823) 
0 3 0000000080000350 (0x12713423) 
0 3 0000000080000352 (0x12813023) 
0 3 0000000080000354 (0x10a13c23) 
0 3 0000000080000356 (0x10b13823) 
0 3 0000000080000358 (0x10c13423) 
0 3 000000008000035a (0x10d13023) 
0 3 000000008000035c (0x0ee13c23) 
0 3 000000008000035e (0x0ef13823) 
0 3 0000000080000360 (0x0f013423) 
0 3 0000000080000362 (0x0f113023) 
0 3 0000000080000364 (0x0dc13c23) 
0 3 0000000080000366 (0x0dd13823) 
0 3 0000000080000368 (0x0de13423) 
0 3 000000008000036a (0x0df13023) 
0 3 000000008000036c (0x0a013427) 
0 3 000000008000036e (0x0a113027) 
0 3 0000000080000370 (0x08213c27) 
0 3 0000000080000372 (0x08313827) 
0 3 0000000080000374 (0x08413427) 
0 3 0000000080000376 (0x08513027) 
0 3 0000000080000378 (0x06613c27) 
0 3 000000008000037a (0x06713827) 
0 3 000000008000037c (0x06a13427) 
0 3 000000008000037e (0x06b13027) 
0 3 0000000080000380 (0x04c13c27) 
0 3 0000000080000382 (0x04d13827) 
0 3 0000000080000384 (0x04e13427) 
0 3 0000000080000386 (0x04f13027) 
0 3 0000000080000388 (0x03013c27) 
0 3 000000008000038a (0x03113827) 
0 3 000000008000038c (0x03c13427) 
0 3 000000008000038e (0x03d13027) 
0 3 0000000080000390 (0x01e13c27) 
0 3 0000000080000392 (0x01f13827) 
0 3 0000000080000394 (0x15010413) x08 0000000081026fd0
0 3 0000000080000396 (0x342027f3) x0f 8000000000000007
0 3 000000008000039a (0xeaf43c23) 
0 3 000000008000039e (0x00005517) x0a 000000008000539e
0 3 00000000800003a2 (0x65a50513) x0a 00000000800059f8
0 3 00000000800003a6 (0x17e050ef) x01 00000000800003aa
0 3 0000000080005524 (0xfe010113) x02 0000000081026e60
0 3 0000000080005526 (0x00113c23) 
0 3 0000000080005528 (0x00813823) 
0 3 000000008000552a (0x02010413) x08 0000000081026e80
0 3 000000008000552c (0xfea43423) 
0 3 0000000080005530 (0x01c0006f) 
0 3 000000008000554c (0xfe843783) x0f 00000000800059f8
0 3 0000000080005550 (0x0007c783) x0f 0000000000000049
0 3 0000000080005554 (0xfc079fe3) 
0 3 0000000080005532 (0xfe843783) x0f 00000000800059f8
0 3 0000000080005536 (0x0007c783) x0f 0000000000000049
0 3 000000008000553a (0x0007879b) x0f 0000000000000049
0 3 000000008000553c (0x00f00533) x0a 0000000000000049
0 3 000000008000553e (0xf5fff0ef) x01 0000000080005542
0 3 000000008000549c (0xfe010113) x02 0000000081026e40
0 3 000000008000549e (0x00813c23) 
0 3 00000000800054a0 (0x02010413) x08 0000000081026e60
0 3 00000000800054a2 (0x00a007b3) x0f 0000000000000049
0 3 00000000800054a4 (0xfef42623) 
0 3 00000000800054a8 (0x001017b7) x0f 0000000000101000
0 3 00000000800054ac (0xfec42703) x0e 0000000000000049
0 3 00000000800054b0 (0x0ff77713) x0e 0000000000000049
0 3 00000000800054b4 (0x00e78023) 
0 3 00000000800054b8 (0x00000013) 
0 3 00000000800054ba (0x01813403) x08 0000000081026e80
0 3 00000000800054bc (0x02010113) x02 0000000081026e60
0 3 00000000800054be (0x00008067) 
0 3 0000000080005542 (0xfe843783) x0f 00000000800059f8
0 3 0000000080005546 (0x00178793) x0f 00000000800059f9
0 3 0000000080005548 (0xfef43423) 
0 3 000000008000554c (0xfe843783) x0f 00000000800059f9
0 3 0000000080005550 (0x0007c783) x0f 000000000000006e
0 3 0000000080005554 (0xfc079fe3) 
0 3 0000000080005532 (0xfe843783) x0f 00000000800059f9
0 3 0000000080005536 (0x0007c783) x0f 000000000000006e
0 3 000000008000553a (0x0007879b) x0f 000000000000006e
0 3 000000008000553c (0x00f00533) x0a 000000000000006e
0 3 000000008000553e (0xf5fff0ef) x01 0000000080005542
0 3 000000008000549c (0xfe010113) x02 0000000081026e40
0 3 000000008000549e (0x00813c23) 
0 3 00000000800054a0 (0x02010413) x08 0000000081026e60
0 3 00000000800054a2 (0x00a007b3) x0f 000000000000006e
0 3 00000000800054a4 (0xfef42623) 
0 3 00000000800054a8 (0x001017b7) x0f 0000000000101000
0 3 00000000800054ac (0xfec42703) x0e 000000000000006e
0 3 00000000800054b0 (0x0ff77713) x0e 000000000000006e
0 3 00000000800054b4 (0x00e78023) 
0 3 00000000800054b8 (0x00000013) 
0 3 00000000800054ba (0x01813403) x08 0000000081026e80
0 3 00000000800054bc (0x02010113) x02 0000000081026e60
0 3 00000000800054be (0x00008067) 
0 3 0000000080005542 (0xfe843783) x0f 00000000800059f9
0 3 0000000080005546 (0x00178793) x0f 00000000800059fa
0 3 0000000080005548 (0xfef43423) 
0 3 000000008000554c (0xfe843783) x0f 00000000800059fa
0 3 0000000080005550 (0x0007c783) x0f 0000000000000074
0 3 0000000080005554 (0xfc079fe3) 
0 3 0000000080005532 (0xfe843783) x0f 00000000800059fa
0 3 0000000080005536 (0x0007c783) x0f 0000000000000074
0 3 000000008000553a (0x0007879b) x0f 0000000000000074
0 3 000000008000553c (0x00f00533) x0a 0000000000000074
0 3 000000008000553e (0xf5fff0ef) x01 0000000080005542
0 3 000000008000549c (0xfe010113) x02 0000000081026e40
0 3 000000008000549e (0x00813c23) 
0 3 00000000800054a0 (0x02010413) x08 0000000081026e60
0 3 00000000800054a2 (0x00a007b3) x0f 0000000000000074
0 3 00000000800054a4 (0xfef42623) 
0 3 00000000800054a8 (0x001017b7) x0f 0000000000101000
0 3 00000000800054ac (0xfec42703) x0e 0000000000000074
0 3 00000000800054b0 (0x0ff77713) x0e 0000000000000074
0 3 00000000800054b4 (0x00e78023) 
0 3 00000000800054b8 (0x00000013) 
0 3 00000000800054ba (0x01813403) x08 0000000081026e80
0 3 00000000800054bc (0x02010113) x02 0000000081026e60
0 3 00000000800054be (0x00008067) 
0 3 0000000080005542 (0xfe843783) x0f 00000000800059fa
0 3 0000000080005546 (0x00178793) x0f 00000000800059fb
0 3 0000000080005548 (0xfef43423) 
0 3 000000008000554c (0xfe843783) x0f 00000000800059fb
0 3 0000000080005550 (0x0007c783) x0f 0000000000000065
0 3 0000000080005554 (0xfc079fe3) 
0 3 0000000080005532 (0xfe843783) x0f 00000000800059fb
0 3 0000000080005536 (0x0007c783) x0f 0000000000000065
0 3 000000008000553a (0x0007879b) x0f 0000000000000065
0 3 000000008000553c (0x00f00533) x0a 0000000000000065
0 3 000000008000553e (0xf5fff0ef) x01 0000000080005542
0 3 000000008000549c (0xfe010113) x02 0000000081026e40
0 3 000000008000549e (0x00813c23) 
0 3 00000000800054a0 (0x02010413) x08 0000000081026e60
0 3 00000000800054a2 (0x00a007b3) x0f 0000000000000065
0 3 00000000800054a4 (0xfef42623) 
0 3 00000000800054a8 (0x001017b7) x0f 0000000000101000
0 3 00000000800054ac (0xfec42703) x0e 0000000000000065
0 3 00000000800054b0 (0x0ff77713) x0e 0000000000000065
0 3 00000000800054b4 (0x00e78023) 
0 3 00000000800054b8 (0x00000013) 
0 3 00000000800054ba (0x01813403) x08 0000000081026e80
0 3 00000000800054bc (0x02010113) x02 0000000081026e60
0 3 00000000800054be (0x00008067) 
0 3 0000000080005542 (0xfe843783) x0f 00000000800059fb
0 3 0000000080005546 (0x00178793) x0f 00000000800059fc
0 3 0000000080005548 (0xfef43423) 
0 3 000000008000554c (0xfe843783) x0f 00000000800059fc
0 3 0000000080005550 (0x0007c783) x0f 0000000000000072
0 3 0000000080005554 (0xfc079fe3) 
0 3 0000000080005532 (0xfe843783) x0f 00000000800059fc
0 3 0000000080005536 (0x0007c783) x0f 0000000000000072
0 3 000000008000553a (0x0007879b) x0f 0000000000000072
0 3 000000008000553c (0x00f00533) x0a 0000000000000072
0 3 000000008000553e (0xf5fff0ef) x01 0000000080005542
0 3 000000008000549c (0xfe010113) x02 0000000081026e40
0 3 000000008000549e (0x00813c23) 
0 3 00000000800054a0 (0x02010413) x08 0000000081026e60
0 3 00000000800054a2 (0x00a007b3) x0f 0000000000000072
0 3 00000000800054a4 (0xfef42623) 
0 3 00000000800054a8 (0x001017b7) x0f 0000000000101000
0 3 00000000800054ac (0xfec42703) x0e 0000000000000072
0 3 00000000800054b0 (0x0ff77713) x0e 0000000000000072
0 3 00000000800054b4 (0x00e78023) 
0 3 00000000800054b8 (0x00000013) 
0 3 00000000800054ba (0x01813403) x08 0000000081026e80
0 3 00000000800054bc (0x02010113) x02 0000000081026e60
0 3 00000000800054be (0x00008067) 
0 3 0000000080005542 (0xfe843783) x0f 00000000800059fc
0 3 0000000080005546 (0x00178793) x0f 00000000800059fd
0 3 0000000080005548 (0xfef43423) 
0 3 000000008000554c (0xfe843783) x0f 00000000800059fd
0 3 0000000080005550 (0x0007c783) x0f 0000000000000072
0 3 0000000080005554 (0xfc079fe3) 
0 3 0000000080005532 (0xfe843783) x0f 00000000800059fd
0 3 0000000080005536 (0x0007c783) x0f 0000000000000072
0 3 000000008000553a (0x0007879b) x0f 0000000000000072
0 3 000000008000553c (0x00f00533) x0a 0000000000000072
0 3 000000008000553e (0xf5fff0ef) x01 0000000080005542
0 3 000000008000549c (0xfe010113) x02 0000000081026e40
0 3 000000008000549e (0x00813c23) 
0 3 00000000800054a0 (0x02010413) x08 0000000081026e60
0 3 00000000800054a2 (0x00a007b3) x0f 0000000000000072
0 3 00000000800054a4 (0xfef42623) 
0 3 00000000800054a8 (0x001017b7) x0f 0000000000101000
0 3 00000000800054ac (0xfec42703) x0e 0000000000000072
0 3 00000000800054b0 (0x0ff77713) x0e 0000000000000072
0 3 00000000800054b4 (0x00e78023) 
0 3 00000000800054b8 (0x00000013) 
0 3 00000000800054ba (0x01813403) x08 0000000081026e80
0 3 00000000800054bc (0x02010113) x02 0000000081026e60
0 3 00000000800054be (0x00008067) 
0 3 0000000080005542 (0xfe843783) x0f 00000000800059fd
0 3 0000000080005546 (0x00178793) x0f 00000000800059fe
0 3 0000000080005548 (0xfef43423) 
0 3 000000008000554c (0xfe843783) x0f 00000000800059fe
0 3 0000000080005550 (0x0007c783) x0f 0000000000000075
0 3 0000000080005554 (0xfc079fe3) 
0 3 0000000080005532 (0xfe843783) x0f 00000000800059fe
0 3 0000000080005536 (0x0007c783) x0f 0000000000000075
0 3 000000008000553a (0x0007879b) x0f 0000000000000075
0 3 000000008000553c (0x00f00533) x0a 0000000000000075
0 3 000000008000553e (0xf5fff0ef) x01 0000000080005542
0 3 000000008000549c (0xfe010113) x02 0000000081026e40
0 3 000000008000549e (0x00813c23) 
0 3 00000000800054a0 (0x02010413) x08 0000000081026e60
0 3 00000000800054a2 (0x00a007b3) x0f 0000000000000075
0 3 00000000800054a4 (0xfef42623) 
0 3 00000000800054a8 (0x001017b7) x0f 0000000000101000
0 3 00000000800054ac (0xfec42703) x0e 0000000000000075
0 3 00000000800054b0 (0x0ff77713) x0e 0000000000000075
0 3 00000000800054b4 (0x00e78023) 
0 3 00000000800054b8 (0x00000013) 
0 3 00000000800054ba (0x01813403) x08 0000000081026e80
0 3 00000000800054bc (0x02010113) x02 0000000081026e60
0 3 00000000800054be (0x00008067) 
0 3 0000000080005542 (0xfe843783) x0f 00000000800059fe
0 3 0000000080005546 (0x00178793) x0f 00000000800059ff
0 3 0000000080005548 (0xfef43423) 
0 3 000000008000554c (0xfe843783) x0f 00000000800059ff
0 3 0000000080005550 (0x0007c783) x0f 0000000000000070
0 3 0000000080005554 (0xfc079fe3) 
0 3 0000000080005532 (0xfe843783) x0f 00000000800059ff
0 3 0000000080005536 (0x0007c783) x0f 0000000000000070
0 3 000000008000553a (0x0007879b) x0f 0000000000000070
0 3 000000008000553c (0x00f00533) x0a 0000000000000070
0 3 000000008000553e (0xf5fff0ef) x01 0000000080005542
0 3 000000008000549c (0xfe010113) x02 0000000081026e40
0 3 000000008000549e (0x00813c23) 
0 3 00000000800054a0 (0x02010413) x08 0000000081026e60
0 3 00000000800054a2 (0x00a007b3) x0f 0000000000000070
0 3 00000000800054a4 (0xfef42623) 
0 3 00000000800054a8 (0x001017b7) x0f 0000000000101000
0 3 00000000800054ac (0xfec42703) x0e 0000000000000070
0 3 00000000800054b0 (0x0ff77713) x0e 0000000000000070
0 3 00000000800054b4 (0x00e78023) 
0 3 00000000800054b8 (0x00000013) 
0 3 00000000800054ba (0x01813403) x08 0000000081026e80
0 3 00000000800054bc (0x02010113) x02 0000000081026e60
0 3 00000000800054be (0x00008067) 
0 3 0000000080005542 (0xfe843783) x0f 00000000800059ff
0 3 0000000080005546 (0x00178793) x0f 0000000080005a00
0 3 0000000080005548 (0xfef43423) 
0 3 000000008000554c (0xfe843783) x0f 0000000080005a00
0 3 0000000080005550 (0x0007c783) x0f 0000000000000074
0 3 0000000080005554 (0xfc079fe3) 
0 3 0000000080005532 (0xfe843783) x0f 0000000080005a00
0 3 0000000080005536 (0x0007c783) x0f 0000000000000074
0 3 000000008000553a (0x0007879b) x0f 0000000000000074
0 3 000000008000553c (0x00f00533) x0a 0000000000000074
0 3 000000008000553e (0xf5fff0ef) x01 0000000080005542
0 3 000000008000549c (0xfe010113) x02 0000000081026e40
0 3 000000008000549e (0x00813c23) 
0 3 00000000800054a0 (0x02010413) x08 0000000081026e60
0 3 00000000800054a2 (0x00a007b3) x0f 0000000000000074
0 3 00000000800054a4 (0xfef42623) 
0 3 00000000800054a8 (0x001017b7) x0f 0000000000101000
0 3 00000000800054ac (0xfec42703) x0e 0000000000000074
0 3 00000000800054b0 (0x0ff77713) x0e 0000000000000074
0 3 00000000800054b4 (0x00e78023) 
0 3 00000000800054b8 (0x00000013) 
0 3 00000000800054ba (0x01813403) x08 0000000081026e80
0 3 00000000800054bc (0x02010113) x02 0000000081026e60
0 3 00000000800054be (0x00008067) 
0 3 0000000080005542 (0xfe843783) x0f 0000000080005a00
0 3 0000000080005546 (0x00178793) x0f 0000000080005a01
0 3 0000000080005548 (0xfef43423) 
0 3 000000008000554c (0xfe843783) x0f 0000000080005a01
0 3 0000000080005550 (0x0007c783) x0f 000000000000000a
0 3 0000000080005554 (0xfc079fe3) 
0 3 0000000080005532 (0xfe843783) x0f 0000000080005a01
0 3 0000000080005536 (0x0007c783) x0f 000000000000000a
0 3 000000008000553a (0x0007879b) x0f 000000000000000a
0 3 000000008000553c (0x00f00533) x0a 000000000000000a
0 3 000000008000553e (0xf5fff0ef) x01 0000000080005542
0 3 000000008000549c (0xfe010113) x02 0000000081026e40
0 3 000000008000549e (0x00813c23) 
0 3 00000000800054a0 (0x02010413) x08 0000000081026e60
0 3 00000000800054a2 (0x00a007b3) x0f 000000000000000a
0 3 00000000800054a4 (0xfef42623) 
0 3 00000000800054a8 (0x001017b7) x0f 0000000000101000
0 3 00000000800054ac (0xfec42703) x0e 000000000000000a
0 3 00000000800054b0 (0x0ff77713) x0e 000000000000000a
0 3 00000000800054b4 (0x00e78023) 
0 3 00000000800054b8 (0x00000013) 
0 3 00000000800054ba (0x01813403) x08 0000000081026e80
0 3 00000000800054bc (0x02010113) x02 0000000081026e60
0 3 00000000800054be (0x00008067) 
0 3 0000000080005542 (0xfe843783) x0f 0000000080005a01
0 3 0000000080005546 (0x00178793) x0f 0000000080005a02
0 3 0000000080005548 (0xfef43423) 
0 3 000000008000554c (0xfe843783) x0f 0000000080005a02
0 3 0000000080005550 (0x0007c783) x0f 0000000000000000
0 3 0000000080005554 (0xfc079fe3) 
0 3 0000000080005556 (0x00000013) 
0 3 0000000080005558 (0x00000013) 
0 3 000000008000555a (0x01813083) x01 00000000800003aa
0 3 000000008000555c (0x01013403) x08 0000000081026fd0
0 3 000000008000555e (0x02010113) x02 0000000081026e80
0 3 0000000080005560 (0x00008067) 
0 3 00000000800003aa (0xeb843783) x0f 8000000000000007
0 3 00000000800003ae (0x03f7d713) x0e 0000000000000001
0 3 00000000800003b2 (0x00100793) x0f 0000000000000001
0 3 00000000800003b4 (0x08f71b63) 
0 3 00000000800003b8 (0xeb843783) x0f 8000000000000007
0 3 00000000800003bc (0x0077f713) x0e 0000000000000007
0 3 00000000800003c0 (0x00400793) x0f 0000000000000004
0 3 00000000800003c2 (0x02f70063) 
0 3 00000000800003c6 (0xeb843783) x0f 8000000000000007
0 3 00000000800003ca (0x0077f713) x0e 0000000000000007
0 3 00000000800003ce (0x00500793) x0f 0000000000000005
0 3 00000000800003d0 (0x00f70963) 
0 3 00000000800003d4 (0xeb843783) x0f 8000000000000007
0 3 00000000800003d8 (0x0077f713) x0e 0000000000000007
0 3 00000000800003dc (0x00700793) x0f 0000000000000007
0 3 00000000800003de (0x02f71163) 
0 3 00000000800003e2 (0x00006797) x0f 00000000800063e2
0 3 00000000800003e6 (0x46678793) x0f 0000000080006848
0 3 00000000800003ea (0x0007c783) x0f 0000000000000033
0 3 00000000800003ee (0x0017879b) x0f 0000000000000034
0 3 00000000800003f0 (0x0ff7f713) x0e 0000000000000034
0 3 00000000800003f4 (0x00006797) x0f 00000000800063f4
0 3 00000000800003f8 (0x45478793) x0f 0000000080006848
0 3 00000000800003fc (0x00e78023) 
0 3 0000000080000400 (0x81818793) x0f 0000000080006858
0 3 0000000080000404 (0x0007b783) x0f 000000000030bff8
0 3 0000000080000406 (0x0007b703) x0e 0000000000005373
0 3 0000000080000408 (0x81018793) x0f 0000000080006850
0 3 000000008000040c (0x0007b783) x0f 0000000000304000
0 3 000000008000040e (0x40070713) x0e 0000000000005773
0 3 0000000080000412 (0x00e7b023) 
0 3 0000000080000414 (0x00006797) x0f 0000000080006414
0 3 0000000080000418 (0x43478793) x0f 0000000080006848
0 3 000000008000041c (0x0007c783) x0f 0000000000000034
0 3 0000000080000420 (0x0007879b) x0f 0000000000000034
0 3 0000000080000422 (0x00f00533) x0a 0000000000000034
0 3 0000000080000424 (0x078050ef) x01 0000000080000428
0 3 000000008000549c (0xfe010113) x02 0000000081026e60
0 3 000000008000549e (0x00813c23) 
0 3 00000000800054a0 (0x02010413) x08 0000000081026e80
0 3 00000000800054a2 (0x00a007b3) x0f 0000000000000034
0 3 00000000800054a4 (0xfef42623) 
0 3 00000000800054a8 (0x001017b7) x0f 0000000000101000
0 3 00000000800054ac (0xfec42703) x0e 0000000000000034
0 3 00000000800054b0 (0x0ff77713) x0e 0000000000000034
0 3 00000000800054b4 (0x00e78023) 
0 3 00000000800054b8 (0x00000013) 
0 3 00000000800054ba (0x01813403) x08 0000000081026fd0
0 3 00000000800054bc (0x02010113) x02 0000000081026e80
0 3 00000000800054be (0x00008067) 
0 3 0000000080000428 (0x00a00513) x0a 000000000000000a
0 3 000000008000042a (0x072050ef) x01 000000008000042e
0 3 000000008000549c (0xfe010113) x02 0000000081026e60
0 3 000000008000549e (0x00813c23) 
0 3 00000000800054a0 (0x02010413) x08 0000000081026e80
0 3 00000000800054a2 (0x00a007b3) x0f 000000000000000a
0 3 00000000800054a4 (0xfef42623) 
0 3 00000000800054a8 (0x001017b7) x0f 0000000000101000
0 3 00000000800054ac (0xfec42703) x0e 000000000000000a
0 3 00000000800054b0 (0x0ff77713) x0e 000000000000000a
0 3 00000000800054b4 (0x00e78023) 
0 3 00000000800054b8 (0x00000013) 
0 3 00000000800054ba (0x01813403) x08 0000000081026fd0
0 3 00000000800054bc (0x02010113) x02 0000000081026e80
0 3 00000000800054be (0x00008067) 
0 3 000000008000042e (0x00006797) x0f 000000008000642e
0 3 0000000080000432 (0x41a78793) x0f 0000000080006848
0 3 0000000080000436 (0x0007c783) x0f 0000000000000034
0 3 000000008000043a (0x00f00733) x0e 0000000000000034
0 3 000000008000043c (0x03800793) x0f 0000000000000038
0 3 0000000080000440 (0x02f71463) 
0 3 0000000080000468 (0x00000013) 
0 3 000000008000046a (0x14813083) x01 000000008000051c
0 3 000000008000046c (0x13812283) x05 0000000000000000
0 3 0000000080000470 (0x00329073) 
0 3 0000000080000474 (0x14013283) x05 ffffffffffffffff
0 3 0000000080000476 (0x13013303) x06 0000000080006f40
0 3 0000000080000478 (0x12813383) x07 0000000000000000
0 3 000000008000047a (0x12013403) x08 0000000081027000
0 3 000000008000047c (0x11813503) x0a 000000000000000a
0 3 000000008000047e (0x11013583) x0b 00000000800059d8
0 3 0000000080000480 (0x10813603) x0c 0000000000000000
0 3 0000000080000482 (0x10013683) x0d 0000000080000c02
0 3 0000000080000484 (0x0f813703) x0e 000000000000000a
0 3 0000000080000486 (0x0f013783) x0f 000000000000600b
0 3 0000000080000488 (0x0e813803) x10 0000000000000000
0 3 000000008000048a (0x0e013883) x11 0000000080027000
0 3 000000008000048c (0x0d813e03) x1c 0000000000000000
0 3 000000008000048e (0x0d013e83) x1d 0000000000000000
0 3 0000000080000490 (0x0c813f03) x1e 0000000000000000
0 3 0000000080000492 (0x0c013f83) x1f 0000000000000000
0 3 0000000080000494 (0x0a813007) f00 ffffffff00000000
0 3 0000000080000496 (0x0a013087) f01 ffffffff00000000
0 3 0000000080000498 (0x09813107) f02 ffffffff00000000
0 3 000000008000049a (0x09013187) f03 ffffffff00000000
0 3 000000008000049c (0x08813207) f04 ffffffff00000000
0 3 000000008000049e (0x08013287) f05 ffffffff00000000
0 3 00000000800004a0 (0x07813307) f06 ffffffff00000000
0 3 00000000800004a2 (0x07013387) f07 ffffffff00000000
0 3 00000000800004a4 (0x06813507) f0a ffffffff00000000
0 3 00000000800004a6 (0x06013587) f0b ffffffff00000000
0 3 00000000800004a8 (0x05813607) f0c ffffffff00000000
0 3 00000000800004aa (0x05013687) f0d ffffffff00000000
0 3 00000000800004ac (0x04813707) f0e ffffffff00000000
0 3 00000000800004ae (0x04013787) f0f ffffffff00000000
0 3 00000000800004b0 (0x03813807) f10 ffffffff00000000
0 3 00000000800004b2 (0x03013887) f11 ffffffff00000000
0 3 00000000800004b4 (0x02813e07) f1c ffffffff00000000
0 3 00000000800004b6 (0x02013e87) f1d ffffffff00000000
0 3 00000000800004b8 (0x01813f07) f1e ffffffff00000000
0 3 00000000800004ba (0x01013f87) f1f ffffffff00000000
0 3 00000000800004bc (0x15010113) x02 0000000081026fd0
0 3 00000000800004be (0x30200073) 
0 3 000000008000052c (0x0000006f) 
0 3 000000008000052c (0x0000006f) 
0 3 000000008000052c (0x0000006f) 
0 3 000000008000052c (0x0000006f) 
0 3 000000008000052c (0x0000006f) 
0 3 000000008000052c (0x0000006f) 
0 3 000000008000052c (0x0000006f) 
0 3 000000008000052c (0x0000006f) 
0 3 000000008000052c (0x0000006f) 
0 3 000000008000052c (0x0000006f) 
0 3 000000008000052c (0x0000006f) 
0 3 000000008000052c (0x0000006f) 
0 3 000000008000052c (0x0000006f) 
0 3 000000008000052c (0x0000006f) 
0 3 000000008000052c (0x0000006f) 
0 3 000000008000052c (0x0000006f) 
0 3 000000008000052c (0x0000006f) 
0 3 000000008000052c (0x0000006f) 
0 3 000000008000052c (0x0000006f) 
0 3 000000008000052c (0x0000006f) 
0 3 000000008000052c (0x0000006f) 
0 3 000000008000052c (0x0000006f) 
0 3 000000008000052c (0x0000006f) 
0 3 000000008000052c (0x0000006f) 
0 3 000000008000052c (0x0000006f) 
0 3 000000008000052c (0x0000006f) 
0 3 000000008000052c (0x0000006f) 
0 3 000000008000052c (0x0000006f) 
0 3 000000008000052c (0x0000006f) 
0 3 000000008000052c (0x0000006f) 
0 3 000000008000052c (0x0000006f) 
0 3 000000008000052c (0x0000006f) 
0 3 000000008000052c (0x0000006f) 
0 3 000000008000052c (0x0000006f) 
0 3 000000008000052c (0x0000006f) 
0 3 000000008000052c (0x0000006f) 
0 3 000000008000052c (0x0000006f) 
0 3 000000008000052c (0x0000006f) 
0 3 000000008000052c (0x0000006f) 
0 3 000000008000052c (0x0000006f) 
0 3 000000008000052c (0x0000006f) 
0 3 000000008000052c (0x0000006f) 
0 3 000000008000052c (0x0000006f) 
0 3 000000008000052c (0x0000006f) 
0 3 000000008000052c (0x0000006f) 
0 3 000000008000052c (0x0000006f) 
0 3 000000008000052c (0x0000006f) 
0 3 000000008000052c (0x0000006f) 
0 3 000000008000052c (0x0000006f) 
0 3 000000008000052c (0x0000006f) 
0 3 000000008000052c (0x0000006f) 
0 3 000000008000052c (0x0000006f) 
0 3 000000008000052c (0x0000006f) 
0 3 000000008000052c (0x0000006f) 
0 3 000000008000052c (0x0000006f) 
0 3 000000008000052c (0x0000006f) 
0 3 000000008000052c (0x0000006f) 
0 3 000000008000052c (0x0000006f) 
0 3 000000008000052c (0x0000006f) 
0 3 000000008000052c (0x0000006f) 
0 3 000000008000052c (0x0000006f) 
0 3 000000008000052c (0x0000006f) 
0 3 000000008000052c (0x0000006f) 
0 3 000000008000052c (0x0000006f) 
0 3 000000008000052c (0x0000006f) 
0 3 000000008000052c (0x0000006f) 
0 3 000000008000052c (0x0000006f) 
0 3 000000008000052c (0x0000006f) 
0 3 000000008000052c (0x0000006f) 
0 3 000000008000052c (0x0000006f) 
0 3 000000008000052c (0x0000006f) 
0 3 000000008000052c (0x0000006f) 
0 3 000000008000052c (0x0000006f) 
0 3 000000008000052c (0x0000006f) 
0 3 000000008000052c (0x0000006f) 
0 3 000000008000052c (0x0000006f) 
0 3 000000008000052c (0x0000006f) 
0 3 000000008000052c (0x0000006f) 
0 3 000000008000052c (0x0000006f) 
0 3 000000008000052c (0x0000006f) 
0 3 000000008000052c (0x0000006f) 
0 3 000000008000052c (0x0000006f) 
0 3 000000008000052c (0x0000006f) 
0 3 000000008000052c (0x0000006f) 
0 3 000000008000052c (0x0000006f) 
0 3 000000008000052c (0x0000006f) 
0 3 000000008000052c (0x0000006f) 
0 3 000000008000052c (0x0000006f) 
0 3 000000008000052c (0x0000006f) 
0 3 000000008000052c (0x0000006f) 
0 3 000000008000052c (0x0000006f) 
0 3 000000008000052c (0x0000006f) 
0 3 000000008000052c (0x0000006f) 
0 3 000000008000052c (0x0000006f) 
0 3 000000008000052c (0x0000006f) 
0 3 000000008000052c (0x0000006f) 
0 3 000000008000052c (0x0000006f) 
0 3 000000008000052c (0x0000006f) 
0 3 000000008000052c (0x0000006f) 
0 3 000000008000052c (0x0000006f) 
0 3 000000008000052c (0x0000006f) 
0 3 000000008000052c (0x0000006f) 
0 3 000000008000052c (0x0000006f) 
0 3 000000008000052c (0x0000006f) 
0 3 000000008000052c (0x0000006f) 
0 3 000000008000052c (0x0000006f) 
0 3 000000008000052c (0x0000006f) 
0 3 000000008000052c (0x0000006f) 
0 3 000000008000052c (0x0000006f) 
0 3 000000008000052c (0x0000006f) 
0 3 000000008000052c (0x0000006f) 
0 3 000000008000052c (0x0000006f) 
0 3 000000008000052c (0x0000006f) 
0 3 000000008000052c (0x0000006f) 
0 3 000000008000052c (0x0000006f) 
0 3 000000008000052c (0x0000006f) 
0 3 000000008000052c (0x0000006f) 
0 3 000000008000052c (0x0000006f) 
0 3 000000008000052c (0x0000006f) 
0 3 000000008000052c (0x0000006f) 
0 3 000000008000052c (0x0000006f) 
0 3 000000008000052c (0x0000006f) 
0 3 000000008000052c (0x0000006f) 
0 3 000000008000052c (0x0000006f) 
0 3 000000008000052c (0x0000006f) 
0 3 000000008000052c (0x0000006f) 
0 3 000000008000052c (0x0000006f) 
0 3 000000008000052c (0x0000006f) 
0 3 000000008000052c (0x0000006f) 
0 3 000000008000052c (0x0000006f) 
0 3 000000008000052c (0x0000006f) 
0 3 000000008000052c (0x0000006f) 
0 3 000000008000052c (0x0000006f) 
0 3 000000008000052c (0x0000006f) 
0 3 000000008000052c (0x0000006f) 
0 3 000000008000052c (0x0000006f) 
0 3 000000008000052c (0x0000006f) 
0 3 000000008000052c (0x0000006f) 
0 3 000000008000052c (0x0000006f) 
0 3 000000008000052c (0x0000006f) 
0 3 000000008000052c (0x0000006f) 
0 3 000000008000052c (0x0000006f) 
0 3 000000008000052c (0x0000006f) 
0 3 000000008000052c (0x0000006f) 
0 3 000000008000052c (0x0000006f) 
0 3 000000008000052c (0x0000006f) 
0 3 000000008000052c (0x0000006f) 
0 3 000000008000052c (0x0000006f) 
0 3 000000008000052c (0x0000006f) 
0 3 000000008000052c (0x0000006f) 
0 3 000000008000052c (0x0000006f) 
0 3 000000008000052c (0x0000006f) 
0 3 000000008000052c (0x0000006f) 
0 3 000000008000052c (0x0000006f) 
0 3 000000008000052c (0x0000006f) 
0 3 000000008000052c (0x0000006f) 
0 3 000000008000052c (0x0000006f) 
0 3 000000008000052c (0x0000006f) 
0 3 000000008000052c (0x0000006f) 
0 3 000000008000052c (0x0000006f) 
0 3 000000008000052c (0x0000006f) 
0 3 000000008000052c (0x0000006f) 
0 3 000000008000052c (0x0000006f) 
0 3 000000008000052c (0x0000006f) 
0 3 000000008000052c (0x0000006f) 
0 3 000000008000052c (0x0000006f) 
0 3 000000008000052c (0x0000006f) 
0 3 000000008000052c (0x0000006f) 
0 3 000000008000052c (0x0000006f) 
0 3 000000008000052c (0x0000006f) 
0 3 000000008000052c (0x0000006f) 
0 3 000000008000052c (0x0000006f) 
0 3 000000008000052c (0x0000006f) 
0 3 000000008000052c (0x0000006f) 
0 3 000000008000052c (0x0000006f) 
0 3 000000008000052c (0x0000006f) 
0 3 000000008000052c (0x0000006f) 
0 3 000000008000052c (0x0000006f) 
0 3 000000008000052c (0x0000006f) 
0 3 000000008000052c (0x0000006f) 
0 3 000000008000052c (0x0000006f) 
0 3 000000008000052c (0x0000006f) 
0 3 000000008000052c (0x0000006f) 
0 3 000000008000052c (0x0000006f) 
0 3 000000008000052c (0x0000006f) 
0 3 000000008000052c (0x0000006f) 
0 3 000000008000052c (0x0000006f) 
0 3 000000008000052c (0x0000006f) 
0 3 000000008000052c (0x0000006f) 
0 3 000000008000052c (0x0000006f) 
0 3 000000008000052c (0x0000006f) 
0 3 000000008000052c (0x0000006f) 
0 3 000000008000052c (0x0000006f) 
0 3 000000008000052c (0x0000006f) 
0 3 000000008000052c (0x0000006f) 
0 3 000000008000052c (0x0000006f) 
0 3 000000008000052c (0x0000006f) 
0 3 000000008000052c (0x0000006f) 
0 3 000000008000052c (0x0000006f) 
0 3 000000008000052c (0x0000006f) 
0 3 000000008000052c (0x0000006f) 
0 3 000000008000052c (0x0000006f) 
0 3 000000008000052c (0x0000006f) 
0 3 000000008000052c (0x0000006f) 
0 3 000000008000052c (0x0000006f) 
0 3 000000008000052c (0x0000006f) 
0 3 000000008000052c (0x0000006f) 
0 3 000000008000052c (0x0000006f) 
0 3 000000008000052c (0x0000006f) 
0 3 000000008000052c (0x0000006f) 
0 3 000000008000052c (0x0000006f) 
0 3 000000008000052c (0x0000006f) 
0 3 000000008000052c (0x0000006f) 
0 3 000000008000052c (0x0000006f) 
0 3 000000008000052c (0x0000006f) 
0 3 000000008000052c (0x0000006f) 
0 3 000000008000052c (0x0000006f) 
0 3 000000008000052c (0x0000006f) 
0 3 000000008000052c (0x0000006f) 
0 3 000000008000052c (0x0000006f) 
0 3 000000008000052c (0x0000006f) 
0 3 000000008000052c (0x0000006f) 
0 3 000000008000052c (0x0000006f) 
0 3 000000008000052c (0x0000006f) 
0 3 000000008000052c (0x0000006f) 
0 3 000000008000052c (0x0000006f) 
0 3 000000008000052c (0x0000006f) 
0 3 000000008000052c (0x0000006f) 
0 3 000000008000052c (0x0000006f) 
0 3 000000008000052c (0x0000006f) 
0 3 000000008000052c (0x0000006f) 
0 3 000000008000052c (0x0000006f) 
0 3 000000008000052c (0x0000006f) 
0 3 000000008000052c (0x0000006f) 
0 3 000000008000052c (0x0000006f) 
0 3 000000008000052c (0x0000006f) 
0 3 000000008000052c (0x0000006f) 
0 3 000000008000052c (0x0000006f) 
0 3 000000008000052c (0x0000006f) 
0 3 000000008000052c (0x0000006f) 
0 3 000000008000052c (0x0000006f) 
0 3 000000008000052c (0x0000006f) 
0 3 000000008000052c (0x0000006f) 
0 3 000000008000052c (0x0000006f) 
0 3 000000008000052c (0x0000006f) 
0 3 000000008000052c (0x0000006f) 
0 3 000000008000052c (0x0000006f) 
0 3 000000008000052c (0x0000006f) 
0 3 000000008000052c (0x0000006f) 
0 3 000000008000052c (0x0000006f) 
0 3 000000008000052c (0x0000006f) 
0 3 000000008000052c (0x0000006f) 
0 3 000000008000052c (0x0000006f) 
0 3 000000008000052c (0x0000006f) 
0 3 000000008000052c (0x0000006f) 
0 3 000000008000052c (0x0000006f) 
0 3 000000008000052c (0x0000006f) 
0 3 000000008000052c (0x0000006f) 
0 3 000000008000052c (0x0000006f) 
0 3 000000008000052c (0x0000006f) 
0 3 000000008000052c (0x0000006f) 
0 3 000000008000052c (0x0000006f) 
0 3 000000008000052c (0x0000006f) 
0 3 000000008000052c (0x0000006f) 
0 3 000000008000052c (0x0000006f) 
0 3 000000008000052c (0x0000006f) 
0 3 000000008000052c (0x0000006f) 
0 3 000000008000052c (0x0000006f) 
0 3 000000008000052c (0x0000006f) 
0 3 000000008000052c (0x0000006f) 
0 3 000000008000052c (0x0000006f) 
0 3 000000008000052c (0x0000006f) 
0 3 000000008000052c (0x0000006f) 
0 3 000000008000052c (0x0000006f) 
0 3 000000008000052c (0x0000006f) 
0 3 000000008000052c (0x0000006f) 
0 3 000000008000052c (0x0000006f) 
0 3 000000008000052c (0x0000006f) 
0 3 000000008000052c (0x0000006f) 
0 3 000000008000052c (0x0000006f) 
0 3 000000008000052c (0x0000006f) 
0 3 000000008000052c (0x0000006f) 
0 3 000000008000052c (0x0000006f) 
0 3 000000008000052c (0x0000006f) 
0 3 000000008000052c (0x0000006f) 
0 3 000000008000052c (0x0000006f) 
0 3 000000008000052c (0x0000006f) 
0 3 000000008000052c (0x0000006f) 
0 3 000000008000052c (0x0000006f) 
0 3 000000008000052c (0x0000006f) 
0 3 000000008000052c (0x0000006f) 
0 3 000000008000052c (0x0000006f) 
0 3 000000008000052c (0x0000006f) 
0 3 000000008000052c (0x0000006f) 
0 3 000000008000052c (0x0000006f) 
0 3 000000008000052c (0x0000006f) 
0 3 000000008000052c (0x0000006f) 
0 3 000000008000052c (0x0000006f) 
0 3 000000008000052c (0x0000006f) 
0 3 000000008000052c (0x0000006f) 
0 3 000000008000052c (0x0000006f) 
0 3 000000008000052c (0x0000006f) 
0 3 000000008000052c (0x0000006f) 
0 3 000000008000052c (0x0000006f) 
0 3 000000008000052c (0x0000006f) 
0 3 000000008000052c (0x0000006f) 
0 3 000000008000052c (0x0000006f) 
0 3 000000008000052c (0x0000006f) 
0 3 000000008000052c (0x0000006f) 
0 3 000000008000052c (0x0000006f) 
0 3 000000008000052c (0x0000006f) 
0 3 000000008000052c (0x0000006f) 
0 3 000000008000052c (0x0000006f) 
0 3 000000008000052c (0x0000006f) 
0 3 000000008000052c (0x0000006f) 
0 3 000000008000052c (0x0000006f) 
0 3 000000008000052c (0x0000006f) 
0 3 000000008000052c (0x0000006f) 
0 3 000000008000052c (0x0000006f) 
0 3 000000008000052c (0x0000006f) 
0 3 000000008000052c (0x0000006f) 
0 3 000000008000052c (0x0000006f) 
0 3 000000008000052c (0x0000006f) 
0 3 000000008000052c (0x0000006f) 
0 3 000000008000052c (0x0000006f) 
0 3 000000008000052c (0x0000006f) 
0 3 000000008000052c (0x0000006f) 
0 3 000000008000052c (0x0000006f) 
0 3 000000008000052c (0x0000006f) 
0 3 000000008000052c (0x0000006f) 
0 3 000000008000052c (0x0000006f) 
0 3 000000008000052c (0x0000006f) 
0 3 000000008000052c (0x0000006f) 
0 3 000000008000052c (0x0000006f) 
0 3 000000008000052c (0x0000006f) 
0 3 000000008000052c (0x0000006f) 
0 3 000000008000052c (0x0000006f) 
0 3 000000008000052c (0x0000006f) 
0 3 000000008000052c (0x0000006f) 
0 3 000000008000052c (0x0000006f) 
0 3 000000008000052c (0x0000006f) 
0 3 000000008000052c (0x0000006f) 
0 3 000000008000052c (0x0000006f) 
0 3 000000008000052c (0x0000006f) 
0 3 000000008000052c (0x0000006f) 
0 3 000000008000052c (0x0000006f) 
0 3 000000008000052c (0x0000006f) 
0 3 000000008000052c (0x0000006f) 
0 3 000000008000052c (0x0000006f) 
0 3 000000008000052c (0x0000006f) 
0 3 000000008000052c (0x0000006f) 
0 3 000000008000052c (0x0000006f) 
0 3 000000008000052c (0x0000006f) 
0 3 000000008000052c (0x0000006f) 
0 3 000000008000052c (0x0000006f) 
0 3 000000008000052c (0x0000006f) 
0 3 000000008000052c (0x0000006f) 
0 3 000000008000052c (0x0000006f) 
0 3 000000008000052c (0x0000006f) 
0 3 000000008000052c (0x0000006f) 
0 3 000000008000052c (0x0000006f) 
0 3 000000008000052c (0x0000006f) 
0 3 000000008000052c (0x0000006f) 
0 3 000000008000052c (0x0000006f) 
0 3 000000008000052c (0x0000006f) 
0 3 000000008000052c (0x0000006f) 
0 3 000000008000052c (0x0000006f) 
0 3 000000008000052c (0x0000006f) 
0 3 000000008000052c (0x0000006f) 
0 3 000000008000052c (0x0000006f) 
0 3 000000008000052c (0x0000006f) 
0 3 000000008000052c (0x0000006f) 
0 3 000000008000052c (0x0000006f) 
0 3 000000008000052c (0x0000006f) 
0 3 000000008000052c (0x0000006f) 
0 3 000000008000052c (0x0000006f) 
0 3 000000008000052c (0x0000006f) 
0 3 000000008000052c (0x0000006f) 
0 3 000000008000052c (0x0000006f) 
0 3 000000008000052c (0x0000006f) 
0 3 000000008000052c (0x0000006f) 
0 3 000000008000052c (0x0000006f) 
0 3 000000008000052c (0x0000006f) 
0 3 000000008000052c (0x0000006f) 
0 3 000000008000052c (0x0000006f) 
0 3 000000008000052c (0x0000006f) 
0 3 000000008000052c (0x0000006f) 
0 3 000000008000052c (0x0000006f) 
0 3 000000008000052c (0x0000006f) 
0 3 000000008000052c (0x0000006f) 
0 3 000000008000052c (0x0000006f) 
0 3 000000008000052c (0x0000006f) 
0 3 000000008000052c (0x0000006f) 
0 3 000000008000052c (0x0000006f) 
0 3 000000008000052c (0x0000006f) 
0 3 000000008000052c (0x0000006f) 
0 3 000000008000052c (0x0000006f) 
0 3 000000008000052c (0x0000006f) 
0 3 000000008000052c (0x0000006f) 
0 3 000000008000052c (0x0000006f) 
0 3 000000008000052c (0x0000006f) 
0 3 000000008000052c (0x0000006f) 
0 3 000000008000052c (0x0000006f) 
0 3 000000008000052c (0x0000006f) 
0 3 000000008000052c (0x0000006f) 
0 3 000000008000052c (0x0000006f) 
0 3 000000008000052c (0x0000006f) 
0 3 000000008000052c (0x0000006f) 
0 3 000000008000052c (0x0000006f) 
0 3 000000008000052c (0x0000006f) 
0 3 000000008000052c (0x0000006f) 
0 3 000000008000052c (0x0000006f) 
0 3 000000008000052c (0x0000006f) 
0 3 000000008000052c (0x0000006f) 
0 3 000000008000052c (0x0000006f) 
0 3 000000008000052c (0x0000006f) 
0 3 000000008000052c (0x0000006f) 
0 3 000000008000052c (0x0000006f) 
0 3 000000008000052c (0x0000006f) 
0 3 000000008000052c (0x0000006f) 
0 3 000000008000052c (0x0000006f) 
0 3 000000008000052c (0x0000006f) 
0 3 000000008000052c (0x0000006f) 
0 3 000000008000052c (0x0000006f) 
0 3 000000008000052c (0x0000006f) 
0 3 000000008000052c (0x0000006f) 
0 3 000000008000052c (0x0000006f) 
0 3 000000008000052c (0x0000006f) 
0 3 000000008000052c (0x0000006f) 
0 3 000000008000052c (0x0000006f) 
0 3 000000008000052c (0x0000006f) 
0 3 000000008000052c (0x0000006f) 
0 3 000000008000052c (0x0000006f) 
0 3 000000008000052c (0x0000006f) 
0 3 000000008000052c (0x0000006f) 
0 3 000000008000052c (0x0000006f) 
0 3 000000008000052c (0x0000006f) 
0 3 000000008000052c (0x0000006f) 
0 3 000000008000052c (0x0000006f) 
0 3 000000008000052c (0x0000006f) 
0 3 000000008000052c (0x0000006f) 
0 3 000000008000052c (0x0000006f) 
0 3 000000008000052c (0x0000006f) 
0 3 000000008000052c (0x0000006f) 
0 3 000000008000052c (0x0000006f) 
0 3 000000008000052c (0x0000006f) 
0 3 000000008000052c (0x0000006f) 
0 3 000000008000052c (0x0000006f) 
0 3 000000008000052c (0x0000006f) 
0 3 000000008000052c (0x0000006f) 
0 3 000000008000052c (0x0000006f) 
0 3 000000008000052c (0x0000006f) 
0 3 000000008000052c (0x0000006f) 
0 3 000000008000052c (0x0000006f) 
0 3 000000008000052c (0x0000006f) 
0 3 000000008000052c (0x0000006f) 
0 3 000000008000052c (0x0000006f) 
0 3 000000008000052c (0x0000006f) 
0 3 000000008000052c (0x0000006f) 
0 3 000000008000052c (0x0000006f) 
0 3 000000008000052c (0x0000006f) 
0 3 000000008000052c (0x0000006f) 
0 3 000000008000052c (0x0000006f) 
0 3 000000008000052c (0x0000006f) 
0 3 000000008000052c (0x0000006f) 
0 3 000000008000052c (0x0000006f) 
0 3 000000008000052c (0x0000006f) 
0 3 000000008000052c (0x0000006f) 
0 3 000000008000052c (0x0000006f) 
0 3 000000008000052c (0x0000006f) 
0 3 000000008000052c (0x0000006f) 
0 3 000000008000052c (0x0000006f) 
0 3 000000008000052c (0x0000006f) 
0 3 000000008000052c (0x0000006f) 
0 3 000000008000052c (0x0000006f) 
0 3 000000008000052c (0x0000006f) 
0 3 000000008000052c (0x0000006f) 
0 3 000000008000052c (0x0000006f) 
0 3 000000008000052c (0x0000006f) 
0 3 000000008000052c (0x0000006f) 
0 3 000000008000052c (0x0000006f) 
0 3 000000008000052c (0x0000006f) 
0 3 000000008000052c (0x0000006f) 
0 3 000000008000052c (0x0000006f) 
0 3 000000008000052c (0x0000006f) 
0 3 000000008000052c (0x0000006f) 
0 3 000000008000052c (0x0000006f) 
0 3 000000008000052c (0x0000006f) 
0 3 000000008000052c (0x0000006f) 
0 3 000000008000052c (0x0000006f) 
0 3 000000008000052c (0x0000006f) 
0 3 000000008000052c (0x0000006f) 
0 3 000000008000052c (0x0000006f) 
0 3 000000008000052c (0x0000006f) 
0 3 000000008000052c (0x0000006f) 
0 3 000000008000052c (0x0000006f) 
0 3 000000008000052c (0x0000006f) 
0 3 000000008000052c (0x0000006f) 
0 3 000000008000052c (0x0000006f) 
0 3 000000008000052c (0x0000006f) 
0 3 000000008000052c (0x0000006f) 
0 3 000000008000052c (0x0000006f) 
0 3 000000008000052c (0x0000006f) 
0 3 000000008000052c (0x0000006f) 
0 3 000000008000052c (0x0000006f) 
0 3 000000008000052c (0x0000006f) 
0 3 000000008000052c (0x0000006f) 
0 3 000000008000052c (0x0000006f) 
0 3 000000008000052c (0x0000006f) 
0 3 000000008000052c (0x0000006f) 
0 3 000000008000052c (0x0000006f) 
0 3 000000008000052c (0x0000006f) 
0 3 000000008000052c (0x0000006f) 
0 3 000000008000052c (0x0000006f) 
0 3 000000008000052c (0x0000006f) 
0 3 000000008000052c (0x0000006f) 
0 3 000000008000052c (0x0000006f) 
0 3 000000008000052c (0x0000006f) 
0 3 000000008000052c (0x0000006f) 
0 3 000000008000052c (0x0000006f) 
0 3 000000008000052c (0x0000006f) 
0 3 000000008000052c (0x0000006f) 
0 3 000000008000052c (0x0000006f) 
0 3 000000008000052c (0x0000006f) 
0 3 000000008000052c (0x0000006f) 
0 3 000000008000052c (0x0000006f) 
0 3 000000008000052c (0x0000006f) 
0 3 000000008000052c (0x0000006f) 
0 3 000000008000052c (0x0000006f) 
0 3 000000008000052c (0x0000006f) 
0 3 000000008000052c (0x0000006f) 
0 3 000000008000052c (0x0000006f) 
0 3 000000008000052c (0x0000006f) 
0 3 000000008000052c (0x0000006f) 
0 3 000000008000052c (0x0000006f) 
0 3 000000008000052c (0x0000006f) 
0 3 000000008000052c (0x0000006f) 
0 3 000000008000052c (0x0000006f) 
0 3 000000008000052c (0x0000006f) 
0 3 000000008000052c (0x0000006f) 
0 3 000000008000052c (0x0000006f) 
0 3 000000008000052c (0x0000006f) 
0 3 000000008000052c (0x0000006f) 
0 3 000000008000052c (0x0000006f) 
0 3 000000008000052c (0x0000006f) 
0 3 000000008000052c (0x0000006f) 
0 3 000000008000052c (0x0000006f) 
0 3 000000008000052c (0x0000006f) 
0 3 000000008000052c (0x0000006f) 
0 3 000000008000052c (0x0000006f) 
0 3 000000008000052c (0x0000006f) 
0 3 000000008000052c (0x0000006f) 
0 3 000000008000052c (0x0000006f) 
0 3 000000008000052c (0x0000006f) 
0 3 000000008000052c (0x0000006f) 
0 3 000000008000052c (0x0000006f) 
0 3 000000008000052c (0x0000006f) 
0 3 000000008000052c (0x0000006f) 
0 3 000000008000052c (0x0000006f) 
0 3 000000008000052c (0x0000006f) 
0 3 000000008000052c (0x0000006f) 
0 3 000000008000052c (0x0000006f) 
0 3 000000008000052c (0x0000006f) 
0 3 000000008000052c (0x0000006f) 
0 3 000000008000052c (0x0000006f) 
0 3 000000008000052c (0x0000006f) 
0 3 000000008000052c (0x0000006f) 
0 3 000000008000052c (0x0000006f) 
0 3 000000008000052c (0x0000006f) 
0 3 000000008000052c (0x0000006f) 
0 3 000000008000052c (0x0000006f) 
0 3 000000008000052c (0x0000006f) 
0 3 000000008000052c (0x0000006f) 
0 3 000000008000052c (0x0000006f) 
0 3 000000008000052c (0x0000006f) 
0 3 000000008000052c (0x0000006f) 
0 3 000000008000052c (0x0000006f) 
0 3 000000008000052c (0x0000006f) 
0 3 000000008000052c (0x0000006f) 
0 3 000000008000052c (0x0000006f) 
0 3 000000008000052c (0x0000006f) 
0 3 000000008000052c (0x0000006f) 
0 3 000000008000052c (0x0000006f) 
0 3 000000008000052c (0x0000006f) 
0 3 000000008000052c (0x0000006f) 
0 3 000000008000052c (0x0000006f) 
0 3 000000008000052c (0x0000006f) 
0 3 000000008000052c (0x0000006f) 
0 3 000000008000052c (0x0000006f) 
0 3 000000008000052c (0x0000006f) 
0 3 000000008000052c (0x0000006f) 
0 3 000000008000052c (0x0000006f) 
0 3 000000008000052c (0x0000006f) 
0 3 000000008000052c (0x0000006f) 
0 3 000000008000052c (0x0000006f) 
0 3 000000008000052c (0x0000006f) 
0 3 000000008000052c (0x0000006f) 
0 3 000000008000052c (0x0000006f) 
0 3 000000008000052c (0x0000006f) 
0 3 000000008000052c (0x0000006f) 
0 3 000000008000052c (0x0000006f) 
0 3 000000008000052c (0x0000006f) 
0 3 000000008000052c (0x0000006f) 
0 3 000000008000052c (0x0000006f) 
0 3 000000008000052c (0x0000006f) 
0 3 000000008000052c (0x0000006f) 
0 3 000000008000052c (0x0000006f) 
0 3 000000008000052c (0x0000006f) 
0 3 000000008000052c (0x0000006f) 
0 3 000000008000052c (0x0000006f) 
0 3 000000008000052c (0x0000006f) 
0 3 000000008000052c (0x0000006f) 
0 3 000000008000052c (0x0000006f) 
0 3 000000008000052c (0x0000006f) 
0 3 000000008000052c (0x0000006f) 
0 3 000000008000052c (0x0000006f) 
0 3 000000008000052c (0x0000006f) 
0 3 000000008000052c (0x0000006f) 
0 3 000000008000052c (0x0000006f) 
0 3 000000008000052c (0x0000006f) 
0 3 000000008000052c (0x0000006f) 
0 3 000000008000052c (0x0000006f) 
0 3 000000008000052c (0x0000006f) 
0 3 000000008000052c (0x0000006f) 
0 3 000000008000052c (0x0000006f) 
0 3 000000008000052c (0x0000006f) 
0 3 000000008000052c (0x0000006f) 
0 3 000000008000052c (0x0000006f) 
0 3 000000008000052c (0x0000006f) 
0 3 000000008000052c (0x0000006f) 
0 3 000000008000052c (0x0000006f) 
0 3 000000008000052c (0x0000006f) 
0 3 000000008000052c (0x0000006f) 
0 3 000000008000052c (0x0000006f) 
0 3 000000008000052c (0x0000006f) 
0 3 000000008000052c (0x0000006f) 
0 3 000000008000052c (0x0000006f) 
0 3 000000008000052c (0x0000006f) 
0 3 000000008000052c (0x0000006f) 
0 3 000000008000052c (0x0000006f) 
0 3 000000008000052c (0x0000006f) 
0 3 000000008000052c (0x0000006f) 
0 3 000000008000052c (0x0000006f) 
0 3 000000008000052c (0x0000006f) 
0 3 000000008000052c (0x0000006f) 
0 3 000000008000052c (0x0000006f) 
0 3 000000008000052c (0x0000006f) 
0 3 000000008000052c (0x0000006f) 
0 3 000000008000052c (0x0000006f) 
0 3 000000008000052c (0x0000006f) 
0 3 000000008000052c (0x0000006f) 
0 3 000000008000052c (0x0000006f) 
0 3 000000008000052c (0x0000006f) 
0 3 000000008000052c (0x0000006f) 
0 3 000000008000052c (0x0000006f) 
0 3 000000008000052c (0x0000006f) 
0 3 000000008000052c (0x0000006f) 
0 3 000000008000052c (0x0000006f) 
0 3 000000008000052c (0x0000006f) 
0 3 000000008000052c (0x0000006f) 
0 3 000000008000052c (0x0000006f) 
0 3 000000008000052c (0x0000006f) 
0 3 000000008000052c (0x0000006f) 
0 3 000000008000052c (0x0000006f) 
0 3 000000008000052c (0x0000006f) 
0 3 000000008000052c (0x0000006f) 
0 3 000000008000052c (0x0000006f) 
0 3 000000008000052c (0x0000006f) 
0 3 000000008000052c (0x0000006f) 
0 3 000000008000052c (0x0000006f) 
0 3 000000008000052c (0x0000006f) 
0 3 000000008000052c (0x0000006f) 
0 3 000000008000052c (0x0000006f) 
0 3 000000008000052c (0x0000006f) 
0 3 000000008000052c (0x0000006f) 
0 3 000000008000052c (0x0000006f) 
0 3 000000008000052c (0x0000006f) 
0 3 000000008000052c (0x0000006f) 
0 3 000000008000052c (0x0000006f) 
0 3 000000008000052c (0x0000006f) 
0 3 000000008000052c (0x0000006f) 
0 3 000000008000052c (0x0000006f) 
0 3 000000008000052c (0x0000006f) 
0 3 000000008000052c (0x0000006f) 
0 3 000000008000052c (0x0000006f) 
0 3 000000008000052c (0x0000006f) 
0 3 000000008000052c (0x0000006f) 
0 3 000000008000052c (0x0000006f) 
0 3 000000008000052c (0x0000006f) 
0 3 000000008000052c (0x0000006f) 
0 3 000000008000052c (0x0000006f) 
0 3 000000008000052c (0x0000006f) 
0 3 000000008000052c (0x0000006f) 
0 3 000000008000052c (0x0000006f) 
0 3 000000008000052c (0x0000006f) 
0 3 000000008000052c (0x0000006f) 
0 3 000000008000052c (0x0000006f) 
0 3 000000008000052c (0x0000006f) 
0 3 000000008000052c (0x0000006f) 
0 3 000000008000052c (0x0000006f) 
0 3 000000008000052c (0x0000006f) 
0 3 000000008000052c (0x0000006f) 
0 3 000000008000052c (0x0000006f) 
0 3 000000008000052c (0x0000006f) 
0 3 000000008000052c (0x0000006f) 
0 3 000000008000052c (0x0000006f) 
0 3 000000008000052c (0x0000006f) 
0 3 000000008000052c (0x0000006f) 
0 3 000000008000052c (0x0000006f) 
0 3 000000008000052c (0x0000006f) 
0 3 000000008000052c (0x0000006f) 
0 3 000000008000052c (0x0000006f) 
0 3 000000008000052c (0x0000006f) 
0 3 000000008000052c (0x0000006f) 
0 3 000000008000052c (0x0000006f) 
0 3 000000008000052c (0x0000006f) 
0 3 000000008000052c (0x0000006f) 
0 3 000000008000052c (0x0000006f) 
0 3 000000008000052c (0x0000006f) 
0 3 000000008000052c (0x0000006f) 
0 3 000000008000052c (0x0000006f) 
0 3 000000008000052c (0x0000006f) 
0 3 000000008000052c (0x0000006f) 
0 3 000000008000052c (0x0000006f) 
0 3 000000008000052c (0x0000006f) 
0 3 000000008000052c (0x0000006f) 
0 3 000000008000052c (0x0000006f) 
0 3 000000008000052c (0x0000006f) 
0 3 000000008000052c (0x0000006f) 
0 3 000000008000052c (0x0000006f) 
0 3 000000008000052c (0x0000006f) 
0 3 000000008000052c (0x0000006f) 
0 3 000000008000052c (0x0000006f) 
0 3 000000008000052c (0x0000006f) 
0 3 000000008000052c (0x0000006f) 
0 3 000000008000052c (0x0000006f) 
0 3 000000008000052c (0x0000006f) 
0 3 000000008000052c (0x0000006f) 
0 3 000000008000052c (0x0000006f) 
0 3 000000008000052c (0x0000006f) 
0 3 000000008000052c (0x0000006f) 
0 3 000000008000052c (0x0000006f) 
0 3 000000008000052c (0x0000006f) 
0 3 000000008000052c (0x0000006f) 
0 3 000000008000052c (0x0000006f) 
0 3 000000008000052c (0x0000006f) 
0 3 000000008000052c (0x0000006f) 
0 3 000000008000052c (0x0000006f) 
0 3 000000008000052c (0x0000006f) 
0 3 000000008000052c (0x0000006f) 
0 3 000000008000052c (0x0000006f) 
0 3 000000008000052c (0x0000006f) 
0 3 000000008000052c (0x0000006f) 
0 3 000000008000052c (0x0000006f) 
0 3 000000008000052c (0x0000006f) 
0 3 000000008000052c (0x0000006f) 
0 3 000000008000052c (0x0000006f) 
0 3 000000008000052c (0x0000006f) 
0 3 000000008000052c (0x0000006f) 
0 3 000000008000052c (0x0000006f) 
0 3 000000008000052c (0x0000006f) 
0 3 000000008000052c (0x0000006f) 
0 3 000000008000052c (0x0000006f) 
0 3 000000008000052c (0x0000006f) 
0 3 000000008000052c (0x0000006f) 
0 3 000000008000052c (0x0000006f) 
0 3 000000008000052c (0x0000006f) 
0 3 000000008000052c (0x0000006f) 
0 3 000000008000052c (0x0000006f) 
0 3 000000008000052c (0x0000006f) 
0 3 000000008000052c (0x0000006f) 
0 3 000000008000052c (0x0000006f) 
0 3 000000008000052c (0x0000006f) 
0 3 000000008000052c (0x0000006f) 
0 3 000000008000052c (0x0000006f) 
0 3 000000008000052c (0x0000006f) 
0 3 000000008000052c (0x0000006f) 
0 3 000000008000052c (0x0000006f) 
0 3 000000008000052c (0x0000006f) 
0 3 000000008000052c (0x0000006f) 
0 3 000000008000052c (0x0000006f) 
0 3 000000008000052c (0x0000006f) 
0 3 000000008000052c (0x0000006f) 
0 3 000000008000052c (0x0000006f) 
0 3 000000008000052c (0x0000006f) 
0 3 000000008000052c (0x0000006f) 
0 3 000000008000052c (0x0000006f) 
0 3 000000008000052c (0x0000006f) 
0 3 000000008000052c (0x0000006f) 
0 3 000000008000052c (0x0000006f) 
0 3 000000008000052c (0x0000006f) 
0 3 000000008000052c (0x0000006f) 
0 3 000000008000052c (0x0000006f) 
0 3 000000008000052c (0x0000006f) 
0 3 000000008000052c (0x0000006f) 
0 3 000000008000052c (0x0000006f) 
0 3 000000008000052c (0x0000006f) 
0 3 000000008000052c (0x0000006f) 
0 3 000000008000052c (0x0000006f) 
0 3 000000008000052c (0x0000006f) 
0 3 000000008000052c (0x0000006f) 
0 3 000000008000052c (0x0000006f) 
0 3 000000008000052c (0x0000006f) 
0 3 000000008000052c (0x0000006f) 
0 3 000000008000052c (0x0000006f) 
0 3 000000008000052c (0x0000006f) 
0 3 000000008000052c (0x0000006f) 
0 3 000000008000052c (0x0000006f) 
0 3 000000008000052c (0x0000006f) 
0 3 000000008000052c (0x0000006f) 
0 3 000000008000052c (0x0000006f) 
0 3 000000008000052c (0x0000006f) 
0 3 000000008000052c (0x0000006f) 
0 3 000000008000052c (0x0000006f) 
0 3 000000008000052c (0x0000006f) 
0 3 000000008000052c (0x0000006f) 
0 3 000000008000052c (0x0000006f) 
0 3 000000008000052c (0x0000006f) 
0 3 000000008000052c (0x0000006f) 
0 3 000000008000052c (0x0000006f) 
0 3 000000008000052c (0x0000006f) 
0 3 000000008000052c (0x0000006f) 
0 3 000000008000052c (0x0000006f) 
0 3 000000008000052c (0x0000006f) 
0 3 000000008000052c (0x0000006f) 
0 3 000000008000052c (0x0000006f) 
0 3 000000008000052c (0x0000006f) 
0 3 000000008000052c (0x0000006f) 
0 3 000000008000052c (0x0000006f) 
0 3 000000008000052c (0x0000006f) 
0 3 000000008000052c (0x0000006f) 
0 3 000000008000052c (0x0000006f) 
0 3 000000008000052c (0x0000006f) 
0 3 000000008000052c (0x0000006f) 
0 3 000000008000052c (0x0000006f) 
0 3 000000008000052c (0x0000006f) 
0 3 000000008000052c (0x0000006f) 
0 3 000000008000052c (0x0000006f) 
0 3 000000008000052c (0x0000006f) 
0 3 000000008000052c (0x0000006f) 
0 3 000000008000052c (0x0000006f) 
0 3 000000008000052c (0x0000006f) 
0 3 000000008000052c (0x0000006f) 
0 3 000000008000052c (0x0000006f) 
0 3 000000008000052c (0x0000006f) 
0 3 000000008000052c (0x0000006f) 
0 3 000000008000052c (0x0000006f) 
0 3 000000008000052c (0x0000006f) 
0 3 000000008000052c (0x0000006f) 
0 3 000000008000052c (0x0000006f) 
0 3 000000008000052c (0x0000006f) 
0 3 000000008000052c (0x0000006f) 
0 3 000000008000052c (0x0000006f) 
0 3 000000008000052c (0x0000006f) 
0 3 000000008000052c (0x0000006f) 
0 3 000000008000052c (0x0000006f) 
0 3 000000008000052c (0x0000006f) 
0 3 000000008000052c (0x0000006f) 
0 3 000000008000052c (0x0000006f) 
0 3 000000008000052c (0x0000006f) 
0 3 000000008000052c (0x0000006f) 
0 3 000000008000052c (0x0000006f) 
0 3 000000008000052c (0x0000006f) 
0 3 000000008000052c (0x0000006f) 
0 3 000000008000052c (0x0000006f) 
0 3 000000008000052c (0x0000006f) 
0 3 000000008000052c (0x0000006f) 
0 3 000000008000052c (0x0000006f) 
0 3 000000008000052c (0x0000006f) 
0 3 000000008000052c (0x0000006f) 
0 3 000000008000052c (0x0000006f) 
0 3 000000008000052c (0x0000006f) 
0 3 000000008000052c (0x0000006f) 
0 3 000000008000052c (0x0000006f) 
0 3 000000008000052c (0x0000006f) 
0 3 000000008000052c (0x0000006f) 
0 3 000000008000052c (0x0000006f) 
0 3 000000008000052c (0x0000006f) 
0 3 000000008000052c (0x0000006f) 
0 3 000000008000052c (0x0000006f) 
0 3 000000008000052c (0x0000006f) 
0 3 000000008000052c (0x0000006f) 
0 3 000000008000052c (0x0000006f) 
0 3 000000008000052c (0x0000006f) 
0 3 000000008000052c (0x0000006f) 
0 3 000000008000052c (0x0000006f) 
0 3 000000008000052c (0x0000006f) 
0 3 000000008000052c (0x0000006f) 
0 3 000000008000052c (0x0000006f) 
0 3 000000008000052c (0x0000006f) 
0 3 000000008000052c (0x0000006f) 
0 3 000000008000052c (0x0000006f) 
0 3 000000008000052c (0x0000006f) 
0 3 000000008000052c (0x0000006f) 
0 3 000000008000052c (0x0000006f) 
0 3 000000008000052c (0x0000006f) 
0 3 000000008000052c (0x0000006f) 
0 3 000000008000052c (0x0000006f) 
0 3 000000008000052c (0x0000006f) 
0 3 000000008000052c (0x0000006f) 
0 3 000000008000052c (0x0000006f) 
0 3 000000008000052c (0x0000006f) 
0 3 000000008000052c (0x0000006f) 
0 3 000000008000052c (0x0000006f) 
0 3 000000008000052c (0x0000006f) 
0 3 000000008000052c (0x0000006f) 
0 3 000000008000052c (0x0000006f) 
0 3 000000008000052c (0x0000006f) 
0 3 000000008000052c (0x0000006f) 
0 3 000000008000052c (0x0000006f) 
0 3 000000008000052c (0x0000006f) 
0 3 000000008000052c (0x0000006f) 
0 3 000000008000052c (0x0000006f) 
0 3 000000008000052c (0x0000006f) 
0 3 000000008000052c (0x0000006f) 
0 3 000000008000052c (0x0000006f) 
0 3 000000008000052c (0x0000006f) 
0 3 000000008000052c (0x00000000) exception (8000000000000007) -> 0x0080000340
0 3 0000000080000340 (0xeb010113) x02 0000000081026e80
0 3 0000000080000342 (0x14113423) 
0 3 0000000080000344 (0x14513023) 
0 3 0000000080000346 (0x003022f3) x05 0000000000000000
0 3 000000008000034a (0x12512c23) 
0 3 000000008000034e (0x12613823) 
0 3 0000000080000350 (0x12713423) 
0 3 0000000080000352 (0x12813023) 
0 3 0000000080000354 (0x10a13c23) 
0 3 0000000080000356 (0x10b13823) 
0 3 0000000080000358 (0x10c13423) 
0 3 000000008000035a (0x10d13023) 
0 3 000000008000035c (0x0ee13c23) 
0 3 000000008000035e (0x0ef13823) 
0 3 0000000080000360 (0x0f013423) 
0 3 0000000080000362 (0x0f113023) 
0 3 0000000080000364 (0x0dc13c23) 
0 3 0000000080000366 (0x0dd13823) 
0 3 0000000080000368 (0x0de13423) 
0 3 000000008000036a (0x0df13023) 
0 3 000000008000036c (0x0a013427) 
0 3 000000008000036e (0x0a113027) 
0 3 0000000080000370 (0x08213c27) 
0 3 0000000080000372 (0x08313827) 
0 3 0000000080000374 (0x08413427) 
0 3 0000000080000376 (0x08513027) 
0 3 0000000080000378 (0x06613c27) 
0 3 000000008000037a (0x06713827) 
0 3 000000008000037c (0x06a13427) 
0 3 000000008000037e (0x06b13027) 
0 3 0000000080000380 (0x04c13c27) 
0 3 0000000080000382 (0x04d13827) 
0 3 0000000080000384 (0x04e13427) 
0 3 0000000080000386 (0x04f13027) 
0 3 0000000080000388 (0x03013c27) 
0 3 000000008000038a (0x03113827) 
0 3 000000008000038c (0x03c13427) 
0 3 000000008000038e (0x03d13027) 
0 3 0000000080000390 (0x01e13c27) 
0 3 0000000080000392 (0x01f13827) 
0 3 0000000080000394 (0x15010413) x08 0000000081026fd0
0 3 0000000080000396 (0x342027f3) x0f 8000000000000007
0 3 000000008000039a (0xeaf43c23) 
0 3 000000008000039e (0x00005517) x0a 000000008000539e
0 3 00000000800003a2 (0x65a50513) x0a 00000000800059f8
0 3 00000000800003a6 (0x17e050ef) x01 00000000800003aa
0 3 0000000080005524 (0xfe010113) x02 0000000081026e60
0 3 0000000080005526 (0x00113c23) 
0 3 0000000080005528 (0x00813823) 
0 3 000000008000552a (0x02010413) x08 0000000081026e80
0 3 000000008000552c (0xfea43423) 
0 3 0000000080005530 (0x01c0006f) 
0 3 000000008000554c (0xfe843783) x0f 00000000800059f8
0 3 0000000080005550 (0x0007c783) x0f 0000000000000049
0 3 0000000080005554 (0xfc079fe3) 
0 3 0000000080005532 (0xfe843783) x0f 00000000800059f8
0 3 0000000080005536 (0x0007c783) x0f 0000000000000049
0 3 000000008000553a (0x0007879b) x0f 0000000000000049
0 3 000000008000553c (0x00f00533) x0a 0000000000000049
0 3 000000008000553e (0xf5fff0ef) x01 0000000080005542
0 3 000000008000549c (0xfe010113) x02 0000000081026e40
0 3 000000008000549e (0x00813c23) 
0 3 00000000800054a0 (0x02010413) x08 0000000081026e60
0 3 00000000800054a2 (0x00a007b3) x0f 0000000000000049
0 3 00000000800054a4 (0xfef42623) 
0 3 00000000800054a8 (0x001017b7) x0f 0000000000101000
0 3 00000000800054ac (0xfec42703) x0e 0000000000000049
0 3 00000000800054b0 (0x0ff77713) x0e 0000000000000049
0 3 00000000800054b4 (0x00e78023) 
0 3 00000000800054b8 (0x00000013) 
0 3 00000000800054ba (0x01813403) x08 0000000081026e80
0 3 00000000800054bc (0x02010113) x02 0000000081026e60
0 3 00000000800054be (0x00008067) 
0 3 0000000080005542 (0xfe843783) x0f 00000000800059f8
0 3 0000000080005546 (0x00178793) x0f 00000000800059f9
0 3 0000000080005548 (0xfef43423) 
0 3 000000008000554c (0xfe843783) x0f 00000000800059f9
0 3 0000000080005550 (0x0007c783) x0f 000000000000006e
0 3 0000000080005554 (0xfc079fe3) 
0 3 0000000080005532 (0xfe843783) x0f 00000000800059f9
0 3 0000000080005536 (0x0007c783) x0f 000000000000006e
0 3 000000008000553a (0x0007879b) x0f 000000000000006e
0 3 000000008000553c (0x00f00533) x0a 000000000000006e
0 3 000000008000553e (0xf5fff0ef) x01 0000000080005542
0 3 000000008000549c (0xfe010113) x02 0000000081026e40
0 3 000000008000549e (0x00813c23) 
0 3 00000000800054a0 (0x02010413) x08 0000000081026e60
0 3 00000000800054a2 (0x00a007b3) x0f 000000000000006e
0 3 00000000800054a4 (0xfef42623) 
0 3 00000000800054a8 (0x001017b7) x0f 0000000000101000
0 3 00000000800054ac (0xfec42703) x0e 000000000000006e
0 3 00000000800054b0 (0x0ff77713) x0e 000000000000006e
0 3 00000000800054b4 (0x00e78023) 
0 3 00000000800054b8 (0x00000013) 
0 3 00000000800054ba (0x01813403) x08 0000000081026e80
0 3 00000000800054bc (0x02010113) x02 0000000081026e60
0 3 00000000800054be (0x00008067) 
0 3 0000000080005542 (0xfe843783) x0f 00000000800059f9
0 3 0000000080005546 (0x00178793) x0f 00000000800059fa
0 3 0000000080005548 (0xfef43423) 
0 3 000000008000554c (0xfe843783) x0f 00000000800059fa
0 3 0000000080005550 (0x0007c783) x0f 0000000000000074
0 3 0000000080005554 (0xfc079fe3) 
0 3 0000000080005532 (0xfe843783) x0f 00000000800059fa
0 3 0000000080005536 (0x0007c783) x0f 0000000000000074
0 3 000000008000553a (0x0007879b) x0f 0000000000000074
0 3 000000008000553c (0x00f00533) x0a 0000000000000074
0 3 000000008000553e (0xf5fff0ef) x01 0000000080005542
0 3 000000008000549c (0xfe010113) x02 0000000081026e40
0 3 000000008000549e (0x00813c23) 
0 3 00000000800054a0 (0x02010413) x08 0000000081026e60
0 3 00000000800054a2 (0x00a007b3) x0f 0000000000000074
0 3 00000000800054a4 (0xfef42623) 
0 3 00000000800054a8 (0x001017b7) x0f 0000000000101000
0 3 00000000800054ac (0xfec42703) x0e 0000000000000074
0 3 00000000800054b0 (0x0ff77713) x0e 0000000000000074
0 3 00000000800054b4 (0x00e78023) 
0 3 00000000800054b8 (0x00000013) 
0 3 00000000800054ba (0x01813403) x08 0000000081026e80
0 3 00000000800054bc (0x02010113) x02 0000000081026e60
0 3 00000000800054be (0x00008067) 
0 3 0000000080005542 (0xfe843783) x0f 00000000800059fa
0 3 0000000080005546 (0x00178793) x0f 00000000800059fb
0 3 0000000080005548 (0xfef43423) 
0 3 000000008000554c (0xfe843783) x0f 00000000800059fb
0 3 0000000080005550 (0x0007c783) x0f 0000000000000065
0 3 0000000080005554 (0xfc079fe3) 
0 3 0000000080005532 (0xfe843783) x0f 00000000800059fb
0 3 0000000080005536 (0x0007c783) x0f 0000000000000065
0 3 000000008000553a (0x0007879b) x0f 0000000000000065
0 3 000000008000553c (0x00f00533) x0a 0000000000000065
0 3 000000008000553e (0xf5fff0ef) x01 0000000080005542
0 3 000000008000549c (0xfe010113) x02 0000000081026e40
0 3 000000008000549e (0x00813c23) 
0 3 00000000800054a0 (0x02010413) x08 0000000081026e60
0 3 00000000800054a2 (0x00a007b3) x0f 0000000000000065
0 3 00000000800054a4 (0xfef42623) 
0 3 00000000800054a8 (0x001017b7) x0f 0000000000101000
0 3 00000000800054ac (0xfec42703) x0e 0000000000000065
0 3 00000000800054b0 (0x0ff77713) x0e 0000000000000065
0 3 00000000800054b4 (0x00e78023) 
0 3 00000000800054b8 (0x00000013) 
0 3 00000000800054ba (0x01813403) x08 0000000081026e80
0 3 00000000800054bc (0x02010113) x02 0000000081026e60
0 3 00000000800054be (0x00008067) 
0 3 0000000080005542 (0xfe843783) x0f 00000000800059fb
0 3 0000000080005546 (0x00178793) x0f 00000000800059fc
0 3 0000000080005548 (0xfef43423) 
0 3 000000008000554c (0xfe843783) x0f 00000000800059fc
0 3 0000000080005550 (0x0007c783) x0f 0000000000000072
0 3 0000000080005554 (0xfc079fe3) 
0 3 0000000080005532 (0xfe843783) x0f 00000000800059fc
0 3 0000000080005536 (0x0007c783) x0f 0000000000000072
0 3 000000008000553a (0x0007879b) x0f 0000000000000072
0 3 000000008000553c (0x00f00533) x0a 0000000000000072
0 3 000000008000553e (0xf5fff0ef) x01 0000000080005542
0 3 000000008000549c (0xfe010113) x02 0000000081026e40
0 3 000000008000549e (0x00813c23) 
0 3 00000000800054a0 (0x02010413) x08 0000000081026e60
0 3 00000000800054a2 (0x00a007b3) x0f 0000000000000072
0 3 00000000800054a4 (0xfef42623) 
0 3 00000000800054a8 (0x001017b7) x0f 0000000000101000
0 3 00000000800054ac (0xfec42703) x0e 0000000000000072
0 3 00000000800054b0 (0x0ff77713) x0e 0000000000000072
0 3 00000000800054b4 (0x00e78023) 
0 3 00000000800054b8 (0x00000013) 
0 3 00000000800054ba (0x01813403) x08 0000000081026e80
0 3 00000000800054bc (0x02010113) x02 0000000081026e60
0 3 00000000800054be (0x00008067) 
0 3 0000000080005542 (0xfe843783) x0f 00000000800059fc
0 3 0000000080005546 (0x00178793) x0f 00000000800059fd
0 3 0000000080005548 (0xfef43423) 
0 3 000000008000554c (0xfe843783) x0f 00000000800059fd
0 3 0000000080005550 (0x0007c783) x0f 0000000000000072
0 3 0000000080005554 (0xfc079fe3) 
0 3 0000000080005532 (0xfe843783) x0f 00000000800059fd
0 3 0000000080005536 (0x0007c783) x0f 0000000000000072
0 3 000000008000553a (0x0007879b) x0f 0000000000000072
0 3 000000008000553c (0x00f00533) x0a 0000000000000072
0 3 000000008000553e (0xf5fff0ef) x01 0000000080005542
0 3 000000008000549c (0xfe010113) x02 0000000081026e40
0 3 000000008000549e (0x00813c23) 
0 3 00000000800054a0 (0x02010413) x08 0000000081026e60
0 3 00000000800054a2 (0x00a007b3) x0f 0000000000000072
0 3 00000000800054a4 (0xfef42623) 
0 3 00000000800054a8 (0x001017b7) x0f 0000000000101000
0 3 00000000800054ac (0xfec42703) x0e 0000000000000072
0 3 00000000800054b0 (0x0ff77713) x0e 0000000000000072
0 3 00000000800054b4 (0x00e78023) 
0 3 00000000800054b8 (0x00000013) 
0 3 00000000800054ba (0x01813403) x08 0000000081026e80
0 3 00000000800054bc (0x02010113) x02 0000000081026e60
0 3 00000000800054be (0x00008067) 
0 3 0000000080005542 (0xfe843783) x0f 00000000800059fd
0 3 0000000080005546 (0x00178793) x0f 00000000800059fe
0 3 0000000080005548 (0xfef43423) 
0 3 000000008000554c (0xfe843783) x0f 00000000800059fe
0 3 0000000080005550 (0x0007c783) x0f 0000000000000075
0 3 0000000080005554 (0xfc079fe3) 
0 3 0000000080005532 (0xfe843783) x0f 00000000800059fe
0 3 0000000080005536 (0x0007c783) x0f 0000000000000075
0 3 000000008000553a (0x0007879b) x0f 0000000000000075
0 3 000000008000553c (0x00f00533) x0a 0000000000000075
0 3 000000008000553e (0xf5fff0ef) x01 0000000080005542
0 3 000000008000549c (0xfe010113) x02 0000000081026e40
0 3 000000008000549e (0x00813c23) 
0 3 00000000800054a0 (0x02010413) x08 0000000081026e60
0 3 00000000800054a2 (0x00a007b3) x0f 0000000000000075
0 3 00000000800054a4 (0xfef42623) 
0 3 00000000800054a8 (0x001017b7) x0f 0000000000101000
0 3 00000000800054ac (0xfec42703) x0e 0000000000000075
0 3 00000000800054b0 (0x0ff77713) x0e 0000000000000075
0 3 00000000800054b4 (0x00e78023) 
0 3 00000000800054b8 (0x00000013) 
0 3 00000000800054ba (0x01813403) x08 0000000081026e80
0 3 00000000800054bc (0x02010113) x02 0000000081026e60
0 3 00000000800054be (0x00008067) 
0 3 0000000080005542 (0xfe843783) x0f 00000000800059fe
0 3 0000000080005546 (0x00178793) x0f 00000000800059ff
0 3 0000000080005548 (0xfef43423) 
0 3 000000008000554c (0xfe843783) x0f 00000000800059ff
0 3 0000000080005550 (0x0007c783) x0f 0000000000000070
0 3 0000000080005554 (0xfc079fe3) 
0 3 0000000080005532 (0xfe843783) x0f 00000000800059ff
0 3 0000000080005536 (0x0007c783) x0f 0000000000000070
0 3 000000008000553a (0x0007879b) x0f 0000000000000070
0 3 000000008000553c (0x00f00533) x0a 0000000000000070
0 3 000000008000553e (0xf5fff0ef) x01 0000000080005542
0 3 000000008000549c (0xfe010113) x02 0000000081026e40
0 3 000000008000549e (0x00813c23) 
0 3 00000000800054a0 (0x02010413) x08 0000000081026e60
0 3 00000000800054a2 (0x00a007b3) x0f 0000000000000070
0 3 00000000800054a4 (0xfef42623) 
0 3 00000000800054a8 (0x001017b7) x0f 0000000000101000
0 3 00000000800054ac (0xfec42703) x0e 0000000000000070
0 3 00000000800054b0 (0x0ff77713) x0e 0000000000000070
0 3 00000000800054b4 (0x00e78023) 
0 3 00000000800054b8 (0x00000013) 
0 3 00000000800054ba (0x01813403) x08 0000000081026e80
0 3 00000000800054bc (0x02010113) x02 0000000081026e60
0 3 00000000800054be (0x00008067) 
0 3 0000000080005542 (0xfe843783) x0f 00000000800059ff
0 3 0000000080005546 (0x00178793) x0f 0000000080005a00
0 3 0000000080005548 (0xfef43423) 
0 3 000000008000554c (0xfe843783) x0f 0000000080005a00
0 3 0000000080005550 (0x0007c783) x0f 0000000000000074
0 3 0000000080005554 (0xfc079fe3) 
0 3 0000000080005532 (0xfe843783) x0f 0000000080005a00
0 3 0000000080005536 (0x0007c783) x0f 0000000000000074
0 3 000000008000553a (0x0007879b) x0f 0000000000000074
0 3 000000008000553c (0x00f00533) x0a 0000000000000074
0 3 000000008000553e (0xf5fff0ef) x01 0000000080005542
0 3 000000008000549c (0xfe010113) x02 0000000081026e40
0 3 000000008000549e (0x00813c23) 
0 3 00000000800054a0 (0x02010413) x08 0000000081026e60
0 3 00000000800054a2 (0x00a007b3) x0f 0000000000000074
0 3 00000000800054a4 (0xfef42623) 
0 3 00000000800054a8 (0x001017b7) x0f 0000000000101000
0 3 00000000800054ac (0xfec42703) x0e 0000000000000074
0 3 00000000800054b0 (0x0ff77713) x0e 0000000000000074
0 3 00000000800054b4 (0x00e78023) 
0 3 00000000800054b8 (0x00000013) 
0 3 00000000800054ba (0x01813403) x08 0000000081026e80
0 3 00000000800054bc (0x02010113) x02 0000000081026e60
0 3 00000000800054be (0x00008067) 
0 3 0000000080005542 (0xfe843783) x0f 0000000080005a00
0 3 0000000080005546 (0x00178793) x0f 0000000080005a01
0 3 0000000080005548 (0xfef43423) 
0 3 000000008000554c (0xfe843783) x0f 0000000080005a01
0 3 0000000080005550 (0x0007c783) x0f 000000000000000a
0 3 0000000080005554 (0xfc079fe3) 
0 3 0000000080005532 (0xfe843783) x0f 0000000080005a01
0 3 0000000080005536 (0x0007c783) x0f 000000000000000a
0 3 000000008000553a (0x0007879b) x0f 000000000000000a
0 3 000000008000553c (0x00f00533) x0a 000000000000000a
0 3 000000008000553e (0xf5fff0ef) x01 0000000080005542
0 3 000000008000549c (0xfe010113) x02 0000000081026e40
0 3 000000008000549e (0x00813c23) 
0 3 00000000800054a0 (0x02010413) x08 0000000081026e60
0 3 00000000800054a2 (0x00a007b3) x0f 000000000000000a
0 3 00000000800054a4 (0xfef42623) 
0 3 00000000800054a8 (0x001017b7) x0f 0000000000101000
0 3 00000000800054ac (0xfec42703) x0e 000000000000000a
0 3 00000000800054b0 (0x0ff77713) x0e 000000000000000a
0 3 00000000800054b4 (0x00e78023) 
0 3 00000000800054b8 (0x00000013) 
0 3 00000000800054ba (0x01813403) x08 0000000081026e80
0 3 00000000800054bc (0x02010113) x02 0000000081026e60
0 3 00000000800054be (0x00008067) 
0 3 0000000080005542 (0xfe843783) x0f 0000000080005a01
0 3 0000000080005546 (0x00178793) x0f 0000000080005a02
0 3 0000000080005548 (0xfef43423) 
0 3 000000008000554c (0xfe843783) x0f 0000000080005a02
0 3 0000000080005550 (0x0007c783) x0f 0000000000000000
0 3 0000000080005554 (0xfc079fe3) 
0 3 0000000080005556 (0x00000013) 
0 3 0000000080005558 (0x00000013) 
0 3 000000008000555a (0x01813083) x01 00000000800003aa
0 3 000000008000555c (0x01013403) x08 0000000081026fd0
0 3 000000008000555e (0x02010113) x02 0000000081026e80
0 3 0000000080005560 (0x00008067) 
0 3 00000000800003aa (0xeb843783) x0f 8000000000000007
0 3 00000000800003ae (0x03f7d713) x0e 0000000000000001
0 3 00000000800003b2 (0x00100793) x0f 0000000000000001
0 3 00000000800003b4 (0x08f71b63) 
0 3 00000000800003b8 (0xeb843783) x0f 8000000000000007
0 3 00000000800003bc (0x0077f713) x0e 0000000000000007
0 3 00000000800003c0 (0x00400793) x0f 0000000000000004
0 3 00000000800003c2 (0x02f70063) 
0 3 00000000800003c6 (0xeb843783) x0f 8000000000000007
0 3 00000000800003ca (0x0077f713) x0e 0000000000000007
0 3 00000000800003ce (0x00500793) x0f 0000000000000005
0 3 00000000800003d0 (0x00f70963) 
0 3 00000000800003d4 (0xeb843783) x0f 8000000000000007
0 3 00000000800003d8 (0x0077f713) x0e 0000000000000007
0 3 00000000800003dc (0x00700793) x0f 0000000000000007
0 3 00000000800003de (0x02f71163) 
0 3 00000000800003e2 (0x00006797) x0f 00000000800063e2
0 3 00000000800003e6 (0x46678793) x0f 0000000080006848
0 3 00000000800003ea (0x0007c783) x0f 0000000000000034
0 3 00000000800003ee (0x0017879b) x0f 0000000000000035
0 3 00000000800003f0 (0x0ff7f713) x0e 0000000000000035
0 3 00000000800003f4 (0x00006797) x0f 00000000800063f4
0 3 00000000800003f8 (0x45478793) x0f 0000000080006848
0 3 00000000800003fc (0x00e78023) 
0 3 0000000080000400 (0x81818793) x0f 0000000080006858
0 3 0000000080000404 (0x0007b783) x0f 000000000030bff8
0 3 0000000080000406 (0x0007b703) x0e 00000000000058ed
0 3 0000000080000408 (0x81018793) x0f 0000000080006850
0 3 000000008000040c (0x0007b783) x0f 0000000000304000
0 3 000000008000040e (0x40070713) x0e 0000000000005ced
0 3 0000000080000412 (0x00e7b023) 
0 3 0000000080000414 (0x00006797) x0f 0000000080006414
0 3 0000000080000418 (0x43478793) x0f 0000000080006848
0 3 000000008000041c (0x0007c783) x0f 0000000000000035
0 3 0000000080000420 (0x0007879b) x0f 0000000000000035
0 3 0000000080000422 (0x00f00533) x0a 0000000000000035
0 3 0000000080000424 (0x078050ef) x01 0000000080000428
0 3 000000008000549c (0xfe010113) x02 0000000081026e60
0 3 000000008000549e (0x00813c23) 
0 3 00000000800054a0 (0x02010413) x08 0000000081026e80
0 3 00000000800054a2 (0x00a007b3) x0f 0000000000000035
0 3 00000000800054a4 (0xfef42623) 
0 3 00000000800054a8 (0x001017b7) x0f 0000000000101000
0 3 00000000800054ac (0xfec42703) x0e 0000000000000035
0 3 00000000800054b0 (0x0ff77713) x0e 0000000000000035
0 3 00000000800054b4 (0x00e78023) 
0 3 00000000800054b8 (0x00000013) 
0 3 00000000800054ba (0x01813403) x08 0000000081026fd0
0 3 00000000800054bc (0x02010113) x02 0000000081026e80
0 3 00000000800054be (0x00008067) 
0 3 0000000080000428 (0x00a00513) x0a 000000000000000a
0 3 000000008000042a (0x072050ef) x01 000000008000042e
0 3 000000008000549c (0xfe010113) x02 0000000081026e60
0 3 000000008000549e (0x00813c23) 
0 3 00000000800054a0 (0x02010413) x08 0000000081026e80
0 3 00000000800054a2 (0x00a007b3) x0f 000000000000000a
0 3 00000000800054a4 (0xfef42623) 
0 3 00000000800054a8 (0x001017b7) x0f 0000000000101000
0 3 00000000800054ac (0xfec42703) x0e 000000000000000a
0 3 00000000800054b0 (0x0ff77713) x0e 000000000000000a
0 3 00000000800054b4 (0x00e78023) 
0 3 00000000800054b8 (0x00000013) 
0 3 00000000800054ba (0x01813403) x08 0000000081026fd0
0 3 00000000800054bc (0x02010113) x02 0000000081026e80
0 3 00000000800054be (0x00008067) 
0 3 000000008000042e (0x00006797) x0f 000000008000642e
0 3 0000000080000432 (0x41a78793) x0f 0000000080006848
0 3 0000000080000436 (0x0007c783) x0f 0000000000000035
0 3 000000008000043a (0x00f00733) x0e 0000000000000035
0 3 000000008000043c (0x03800793) x0f 0000000000000038
0 3 0000000080000440 (0x02f71463) 
0 3 0000000080000468 (0x00000013) 
0 3 000000008000046a (0x14813083) x01 000000008000051c
0 3 000000008000046c (0x13812283) x05 0000000000000000
0 3 0000000080000470 (0x00329073) 
0 3 0000000080000474 (0x14013283) x05 ffffffffffffffff
0 3 0000000080000476 (0x13013303) x06 0000000080006f40
0 3 0000000080000478 (0x12813383) x07 0000000000000000
0 3 000000008000047a (0x12013403) x08 0000000081027000
0 3 000000008000047c (0x11813503) x0a 000000000000000a
0 3 000000008000047e (0x11013583) x0b 00000000800059d8
0 3 0000000080000480 (0x10813603) x0c 0000000000000000
0 3 0000000080000482 (0x10013683) x0d 0000000080000c02
0 3 0000000080000484 (0x0f813703) x0e 000000000000000a
0 3 0000000080000486 (0x0f013783) x0f 000000000000600b
0 3 0000000080000488 (0x0e813803) x10 0000000000000000
0 3 000000008000048a (0x0e013883) x11 0000000080027000
0 3 000000008000048c (0x0d813e03) x1c 0000000000000000
0 3 000000008000048e (0x0d013e83) x1d 0000000000000000
0 3 0000000080000490 (0x0c813f03) x1e 0000000000000000
0 3 0000000080000492 (0x0c013f83) x1f 0000000000000000
0 3 0000000080000494 (0x0a813007) f00 ffffffff00000000
0 3 0000000080000496 (0x0a013087) f01 ffffffff00000000
0 3 0000000080000498 (0x09813107) f02 ffffffff00000000
0 3 000000008000049a (0x09013187) f03 ffffffff00000000
0 3 000000008000049c (0x08813207) f04 ffffffff00000000
0 3 000000008000049e (0x08013287) f05 ffffffff00000000
0 3 00000000800004a0 (0x07813307) f06 ffffffff00000000
0 3 00000000800004a2 (0x07013387) f07 ffffffff00000000
0 3 00000000800004a4 (0x06813507) f0a ffffffff00000000
0 3 00000000800004a6 (0x06013587) f0b ffffffff00000000
0 3 00000000800004a8 (0x05813607) f0c ffffffff00000000
0 3 00000000800004aa (0x05013687) f0d ffffffff00000000
0 3 00000000800004ac (0x04813707) f0e ffffffff00000000
0 3 00000000800004ae (0x04013787) f0f ffffffff00000000
0 3 00000000800004b0 (0x03813807) f10 ffffffff00000000
0 3 00000000800004b2 (0x03013887) f11 ffffffff00000000
0 3 00000000800004b4 (0x02813e07) f1c ffffffff00000000
0 3 00000000800004b6 (0x02013e87) f1d ffffffff00000000
0 3 00000000800004b8 (0x01813f07) f1e ffffffff00000000
0 3 00000000800004ba (0x01013f87) f1f ffffffff00000000
0 3 00000000800004bc (0x15010113) x02 0000000081026fd0
0 3 00000000800004be (0x30200073) 
0 3 000000008000052c (0x0000006f) 
0 3 000000008000052c (0x0000006f) 
0 3 000000008000052c (0x0000006f) 
0 3 000000008000052c (0x0000006f) 
0 3 000000008000052c (0x0000006f) 
0 3 000000008000052c (0x0000006f) 
0 3 000000008000052c (0x0000006f) 
0 3 000000008000052c (0x0000006f) 
0 3 000000008000052c (0x0000006f) 
0 3 000000008000052c (0x0000006f) 
0 3 000000008000052c (0x0000006f) 
0 3 000000008000052c (0x0000006f) 
0 3 000000008000052c (0x0000006f) 
0 3 000000008000052c (0x0000006f) 
0 3 000000008000052c (0x0000006f) 
0 3 000000008000052c (0x0000006f) 
0 3 000000008000052c (0x0000006f) 
0 3 000000008000052c (0x0000006f) 
0 3 000000008000052c (0x0000006f) 
0 3 000000008000052c (0x0000006f) 
0 3 000000008000052c (0x0000006f) 
0 3 000000008000052c (0x0000006f) 
0 3 000000008000052c (0x0000006f) 
0 3 000000008000052c (0x0000006f) 
0 3 000000008000052c (0x0000006f) 
0 3 000000008000052c (0x0000006f) 
0 3 000000008000052c (0x0000006f) 
0 3 000000008000052c (0x0000006f) 
0 3 000000008000052c (0x0000006f) 
0 3 000000008000052c (0x0000006f) 
0 3 000000008000052c (0x0000006f) 
0 3 000000008000052c (0x0000006f) 
0 3 000000008000052c (0x0000006f) 
0 3 000000008000052c (0x0000006f) 
0 3 000000008000052c (0x0000006f) 
0 3 000000008000052c (0x0000006f) 
0 3 000000008000052c (0x0000006f) 
0 3 000000008000052c (0x0000006f) 
0 3 000000008000052c (0x0000006f) 
0 3 000000008000052c (0x0000006f) 
0 3 000000008000052c (0x0000006f) 
0 3 000000008000052c (0x0000006f) 
0 3 000000008000052c (0x0000006f) 
0 3 000000008000052c (0x0000006f) 
0 3 000000008000052c (0x0000006f) 
0 3 000000008000052c (0x0000006f) 
0 3 000000008000052c (0x0000006f) 
0 3 000000008000052c (0x0000006f) 
0 3 000000008000052c (0x0000006f) 
0 3 000000008000052c (0x0000006f) 
0 3 000000008000052c (0x0000006f) 
0 3 000000008000052c (0x0000006f) 
0 3 000000008000052c (0x0000006f) 
0 3 000000008000052c (0x0000006f) 
0 3 000000008000052c (0x0000006f) 
0 3 000000008000052c (0x0000006f) 
0 3 000000008000052c (0x0000006f) 
0 3 000000008000052c (0x0000006f) 
0 3 000000008000052c (0x0000006f) 
0 3 000000008000052c (0x0000006f) 
0 3 000000008000052c (0x0000006f) 
0 3 000000008000052c (0x0000006f) 
0 3 000000008000052c (0x0000006f) 
0 3 000000008000052c (0x0000006f) 
0 3 000000008000052c (0x0000006f) 
0 3 000000008000052c (0x0000006f) 
0 3 000000008000052c (0x0000006f) 
0 3 000000008000052c (0x0000006f) 
0 3 000000008000052c (0x0000006f) 
0 3 000000008000052c (0x0000006f) 
0 3 000000008000052c (0x0000006f) 
0 3 000000008000052c (0x0000006f) 
0 3 000000008000052c (0x0000006f) 
0 3 000000008000052c (0x0000006f) 
0 3 000000008000052c (0x0000006f) 
0 3 000000008000052c (0x0000006f) 
0 3 000000008000052c (0x0000006f) 
0 3 000000008000052c (0x0000006f) 
0 3 000000008000052c (0x0000006f) 
0 3 000000008000052c (0x0000006f) 
0 3 000000008000052c (0x0000006f) 
0 3 000000008000052c (0x0000006f) 
0 3 000000008000052c (0x0000006f) 
0 3 000000008000052c (0x0000006f) 
0 3 000000008000052c (0x0000006f) 
0 3 000000008000052c (0x0000006f) 
0 3 000000008000052c (0x0000006f) 
0 3 000000008000052c (0x0000006f) 
0 3 000000008000052c (0x0000006f) 
0 3 000000008000052c (0x0000006f) 
0 3 000000008000052c (0x0000006f) 
0 3 000000008000052c (0x0000006f) 
0 3 000000008000052c (0x0000006f) 
0 3 000000008000052c (0x0000006f) 
0 3 000000008000052c (0x0000006f) 
0 3 000000008000052c (0x0000006f) 
0 3 000000008000052c (0x0000006f) 
0 3 000000008000052c (0x0000006f) 
0 3 000000008000052c (0x0000006f) 
0 3 000000008000052c (0x0000006f) 
0 3 000000008000052c (0x0000006f) 
0 3 000000008000052c (0x0000006f) 
0 3 000000008000052c (0x0000006f) 
0 3 000000008000052c (0x0000006f) 
0 3 000000008000052c (0x0000006f) 
0 3 000000008000052c (0x0000006f) 
0 3 000000008000052c (0x0000006f) 
0 3 000000008000052c (0x0000006f) 
0 3 000000008000052c (0x0000006f) 
0 3 000000008000052c (0x0000006f) 
0 3 000000008000052c (0x0000006f) 
0 3 000000008000052c (0x0000006f) 
0 3 000000008000052c (0x0000006f) 
0 3 000000008000052c (0x0000006f) 
0 3 000000008000052c (0x0000006f) 
0 3 000000008000052c (0x0000006f) 
0 3 000000008000052c (0x0000006f) 
0 3 000000008000052c (0x0000006f) 
0 3 000000008000052c (0x0000006f) 
0 3 000000008000052c (0x0000006f) 
0 3 000000008000052c (0x0000006f) 
0 3 000000008000052c (0x0000006f) 
0 3 000000008000052c (0x0000006f) 
0 3 000000008000052c (0x0000006f) 
0 3 000000008000052c (0x0000006f) 
0 3 000000008000052c (0x0000006f) 
0 3 000000008000052c (0x0000006f) 
0 3 000000008000052c (0x0000006f) 
0 3 000000008000052c (0x0000006f) 
0 3 000000008000052c (0x0000006f) 
0 3 000000008000052c (0x0000006f) 
0 3 000000008000052c (0x0000006f) 
0 3 000000008000052c (0x0000006f) 
0 3 000000008000052c (0x0000006f) 
0 3 000000008000052c (0x0000006f) 
0 3 000000008000052c (0x0000006f) 
0 3 000000008000052c (0x0000006f) 
0 3 000000008000052c (0x0000006f) 
0 3 000000008000052c (0x0000006f) 
0 3 000000008000052c (0x0000006f) 
0 3 000000008000052c (0x0000006f) 
0 3 000000008000052c (0x0000006f) 
0 3 000000008000052c (0x0000006f) 
0 3 000000008000052c (0x0000006f) 
0 3 000000008000052c (0x0000006f) 
0 3 000000008000052c (0x0000006f) 
0 3 000000008000052c (0x0000006f) 
0 3 000000008000052c (0x0000006f) 
0 3 000000008000052c (0x0000006f) 
0 3 000000008000052c (0x0000006f) 
0 3 000000008000052c (0x0000006f) 
0 3 000000008000052c (0x0000006f) 
0 3 000000008000052c (0x0000006f) 
0 3 000000008000052c (0x0000006f) 
0 3 000000008000052c (0x0000006f) 
0 3 000000008000052c (0x0000006f) 
0 3 000000008000052c (0x0000006f) 
0 3 000000008000052c (0x0000006f) 
0 3 000000008000052c (0x0000006f) 
0 3 000000008000052c (0x0000006f) 
0 3 000000008000052c (0x0000006f) 
0 3 000000008000052c (0x0000006f) 
0 3 000000008000052c (0x0000006f) 
0 3 000000008000052c (0x0000006f) 
0 3 000000008000052c (0x0000006f) 
0 3 000000008000052c (0x0000006f) 
0 3 000000008000052c (0x0000006f) 
0 3 000000008000052c (0x0000006f) 
0 3 000000008000052c (0x0000006f) 
0 3 000000008000052c (0x0000006f) 
0 3 000000008000052c (0x0000006f) 
0 3 000000008000052c (0x0000006f) 
0 3 000000008000052c (0x0000006f) 
0 3 000000008000052c (0x0000006f) 
0 3 000000008000052c (0x0000006f) 
0 3 000000008000052c (0x0000006f) 
0 3 000000008000052c (0x0000006f) 
0 3 000000008000052c (0x0000006f) 
0 3 000000008000052c (0x0000006f) 
0 3 000000008000052c (0x0000006f) 
0 3 000000008000052c (0x0000006f) 
0 3 000000008000052c (0x0000006f) 
0 3 000000008000052c (0x0000006f) 
0 3 000000008000052c (0x0000006f) 
0 3 000000008000052c (0x0000006f) 
0 3 000000008000052c (0x0000006f) 
0 3 000000008000052c (0x0000006f) 
0 3 000000008000052c (0x0000006f) 
0 3 000000008000052c (0x0000006f) 
0 3 000000008000052c (0x0000006f) 
0 3 000000008000052c (0x0000006f) 
0 3 000000008000052c (0x0000006f) 
0 3 000000008000052c (0x0000006f) 
0 3 000000008000052c (0x0000006f) 
0 3 000000008000052c (0x0000006f) 
0 3 000000008000052c (0x0000006f) 
0 3 000000008000052c (0x0000006f) 
0 3 000000008000052c (0x0000006f) 
0 3 000000008000052c (0x0000006f) 
0 3 000000008000052c (0x0000006f) 
0 3 000000008000052c (0x0000006f) 
0 3 000000008000052c (0x0000006f) 
0 3 000000008000052c (0x0000006f) 
0 3 000000008000052c (0x0000006f) 
0 3 000000008000052c (0x0000006f) 
0 3 000000008000052c (0x0000006f) 
0 3 000000008000052c (0x0000006f) 
0 3 000000008000052c (0x0000006f) 
0 3 000000008000052c (0x0000006f) 
0 3 000000008000052c (0x0000006f) 
0 3 000000008000052c (0x0000006f) 
0 3 000000008000052c (0x0000006f) 
0 3 000000008000052c (0x0000006f) 
0 3 000000008000052c (0x0000006f) 
0 3 000000008000052c (0x0000006f) 
0 3 000000008000052c (0x0000006f) 
0 3 000000008000052c (0x0000006f) 
0 3 000000008000052c (0x0000006f) 
0 3 000000008000052c (0x0000006f) 
0 3 000000008000052c (0x0000006f) 
0 3 000000008000052c (0x0000006f) 
0 3 000000008000052c (0x0000006f) 
0 3 000000008000052c (0x0000006f) 
0 3 000000008000052c (0x0000006f) 
0 3 000000008000052c (0x0000006f) 
0 3 000000008000052c (0x0000006f) 
0 3 000000008000052c (0x0000006f) 
0 3 000000008000052c (0x0000006f) 
0 3 000000008000052c (0x0000006f) 
0 3 000000008000052c (0x0000006f) 
0 3 000000008000052c (0x0000006f) 
0 3 000000008000052c (0x0000006f) 
0 3 000000008000052c (0x0000006f) 
0 3 000000008000052c (0x0000006f) 
0 3 000000008000052c (0x0000006f) 
0 3 000000008000052c (0x0000006f) 
0 3 000000008000052c (0x0000006f) 
0 3 000000008000052c (0x0000006f) 
0 3 000000008000052c (0x0000006f) 
0 3 000000008000052c (0x0000006f) 
0 3 000000008000052c (0x0000006f) 
0 3 000000008000052c (0x0000006f) 
0 3 000000008000052c (0x0000006f) 
0 3 000000008000052c (0x0000006f) 
0 3 000000008000052c (0x0000006f) 
0 3 000000008000052c (0x0000006f) 
0 3 000000008000052c (0x0000006f) 
0 3 000000008000052c (0x0000006f) 
0 3 000000008000052c (0x0000006f) 
0 3 000000008000052c (0x0000006f) 
0 3 000000008000052c (0x0000006f) 
0 3 000000008000052c (0x0000006f) 
0 3 000000008000052c (0x0000006f) 
0 3 000000008000052c (0x0000006f) 
0 3 000000008000052c (0x0000006f) 
0 3 000000008000052c (0x0000006f) 
0 3 000000008000052c (0x0000006f) 
0 3 000000008000052c (0x0000006f) 
0 3 000000008000052c (0x0000006f) 
0 3 000000008000052c (0x0000006f) 
0 3 000000008000052c (0x0000006f) 
0 3 000000008000052c (0x0000006f) 
0 3 000000008000052c (0x0000006f) 
0 3 000000008000052c (0x0000006f) 
0 3 000000008000052c (0x0000006f) 
0 3 000000008000052c (0x0000006f) 
0 3 000000008000052c (0x0000006f) 
0 3 000000008000052c (0x0000006f) 
0 3 000000008000052c (0x0000006f) 
0 3 000000008000052c (0x0000006f) 
0 3 000000008000052c (0x0000006f) 
0 3 000000008000052c (0x0000006f) 
0 3 000000008000052c (0x0000006f) 
0 3 000000008000052c (0x0000006f) 
0 3 000000008000052c (0x0000006f) 
0 3 000000008000052c (0x0000006f) 
0 3 000000008000052c (0x0000006f) 
0 3 000000008000052c (0x0000006f) 
0 3 000000008000052c (0x0000006f) 
0 3 000000008000052c (0x0000006f) 
0 3 000000008000052c (0x0000006f) 
0 3 000000008000052c (0x0000006f) 
0 3 000000008000052c (0x0000006f) 
0 3 000000008000052c (0x0000006f) 
0 3 000000008000052c (0x0000006f) 
0 3 000000008000052c (0x0000006f) 
0 3 000000008000052c (0x0000006f) 
0 3 000000008000052c (0x0000006f) 
0 3 000000008000052c (0x0000006f) 
0 3 000000008000052c (0x0000006f) 
0 3 000000008000052c (0x0000006f) 
0 3 000000008000052c (0x0000006f) 
0 3 000000008000052c (0x0000006f) 
0 3 000000008000052c (0x0000006f) 
0 3 000000008000052c (0x0000006f) 
0 3 000000008000052c (0x0000006f) 
0 3 000000008000052c (0x0000006f) 
0 3 000000008000052c (0x0000006f) 
0 3 000000008000052c (0x0000006f) 
0 3 000000008000052c (0x0000006f) 
0 3 000000008000052c (0x0000006f) 
0 3 000000008000052c (0x0000006f) 
0 3 000000008000052c (0x0000006f) 
0 3 000000008000052c (0x0000006f) 
0 3 000000008000052c (0x0000006f) 
0 3 000000008000052c (0x0000006f) 
0 3 000000008000052c (0x0000006f) 
0 3 000000008000052c (0x0000006f) 
0 3 000000008000052c (0x0000006f) 
0 3 000000008000052c (0x0000006f) 
0 3 000000008000052c (0x0000006f) 
0 3 000000008000052c (0x0000006f) 
0 3 000000008000052c (0x0000006f) 
0 3 000000008000052c (0x0000006f) 
0 3 000000008000052c (0x0000006f) 
0 3 000000008000052c (0x0000006f) 
0 3 000000008000052c (0x0000006f) 
0 3 000000008000052c (0x0000006f) 
0 3 000000008000052c (0x0000006f) 
0 3 000000008000052c (0x0000006f) 
0 3 000000008000052c (0x0000006f) 
0 3 000000008000052c (0x0000006f) 
0 3 000000008000052c (0x0000006f) 
0 3 000000008000052c (0x0000006f) 
0 3 000000008000052c (0x0000006f) 
0 3 000000008000052c (0x0000006f) 
0 3 000000008000052c (0x0000006f) 
0 3 000000008000052c (0x0000006f) 
0 3 000000008000052c (0x0000006f) 
0 3 000000008000052c (0x0000006f) 
0 3 000000008000052c (0x0000006f) 
0 3 000000008000052c (0x0000006f) 
0 3 000000008000052c (0x0000006f) 
0 3 000000008000052c (0x0000006f) 
0 3 000000008000052c (0x0000006f) 
0 3 000000008000052c (0x0000006f) 
0 3 000000008000052c (0x0000006f) 
0 3 000000008000052c (0x0000006f) 
0 3 000000008000052c (0x0000006f) 
0 3 000000008000052c (0x0000006f) 
0 3 000000008000052c (0x0000006f) 
0 3 000000008000052c (0x0000006f) 
0 3 000000008000052c (0x0000006f) 
0 3 000000008000052c (0x0000006f) 
0 3 000000008000052c (0x0000006f) 
0 3 000000008000052c (0x0000006f) 
0 3 000000008000052c (0x0000006f) 
0 3 000000008000052c (0x0000006f) 
0 3 000000008000052c (0x0000006f) 
0 3 000000008000052c (0x0000006f) 
0 3 000000008000052c (0x0000006f) 
0 3 000000008000052c (0x0000006f) 
0 3 000000008000052c (0x0000006f) 
0 3 000000008000052c (0x0000006f) 
0 3 000000008000052c (0x0000006f) 
0 3 000000008000052c (0x0000006f) 
0 3 000000008000052c (0x0000006f) 
0 3 000000008000052c (0x0000006f) 
0 3 000000008000052c (0x0000006f) 
0 3 000000008000052c (0x0000006f) 
0 3 000000008000052c (0x0000006f) 
0 3 000000008000052c (0x0000006f) 
0 3 000000008000052c (0x0000006f) 
0 3 000000008000052c (0x0000006f) 
0 3 000000008000052c (0x0000006f) 
0 3 000000008000052c (0x0000006f) 
0 3 000000008000052c (0x0000006f) 
0 3 000000008000052c (0x0000006f) 
0 3 000000008000052c (0x0000006f) 
0 3 000000008000052c (0x0000006f) 
0 3 000000008000052c (0x0000006f) 
0 3 000000008000052c (0x0000006f) 
0 3 000000008000052c (0x0000006f) 
0 3 000000008000052c (0x0000006f) 
0 3 000000008000052c (0x0000006f) 
0 3 000000008000052c (0x0000006f) 
0 3 000000008000052c (0x0000006f) 
0 3 000000008000052c (0x0000006f) 
0 3 000000008000052c (0x0000006f) 
0 3 000000008000052c (0x0000006f) 
0 3 000000008000052c (0x0000006f) 
0 3 000000008000052c (0x0000006f) 
0 3 000000008000052c (0x0000006f) 
0 3 000000008000052c (0x0000006f) 
0 3 000000008000052c (0x0000006f) 
0 3 000000008000052c (0x0000006f) 
0 3 000000008000052c (0x0000006f) 
0 3 000000008000052c (0x0000006f) 
0 3 000000008000052c (0x0000006f) 
0 3 000000008000052c (0x0000006f) 
0 3 000000008000052c (0x0000006f) 
0 3 000000008000052c (0x0000006f) 
0 3 000000008000052c (0x0000006f) 
0 3 000000008000052c (0x0000006f) 
0 3 000000008000052c (0x0000006f) 
0 3 000000008000052c (0x0000006f) 
0 3 000000008000052c (0x0000006f) 
0 3 000000008000052c (0x0000006f) 
0 3 000000008000052c (0x0000006f) 
0 3 000000008000052c (0x0000006f) 
0 3 000000008000052c (0x0000006f) 
0 3 000000008000052c (0x0000006f) 
0 3 000000008000052c (0x0000006f) 
0 3 000000008000052c (0x0000006f) 
0 3 000000008000052c (0x0000006f) 
0 3 000000008000052c (0x0000006f) 
0 3 000000008000052c (0x0000006f) 
0 3 000000008000052c (0x0000006f) 
0 3 000000008000052c (0x0000006f) 
0 3 000000008000052c (0x0000006f) 
0 3 000000008000052c (0x0000006f) 
0 3 000000008000052c (0x0000006f) 
0 3 000000008000052c (0x0000006f) 
0 3 000000008000052c (0x0000006f) 
0 3 000000008000052c (0x0000006f) 
0 3 000000008000052c (0x0000006f) 
0 3 000000008000052c (0x0000006f) 
0 3 000000008000052c (0x0000006f) 
0 3 000000008000052c (0x0000006f) 
0 3 000000008000052c (0x0000006f) 
0 3 000000008000052c (0x0000006f) 
0 3 000000008000052c (0x0000006f) 
0 3 000000008000052c (0x0000006f) 
0 3 000000008000052c (0x0000006f) 
0 3 000000008000052c (0x0000006f) 
0 3 000000008000052c (0x0000006f) 
0 3 000000008000052c (0x0000006f) 
0 3 000000008000052c (0x0000006f) 
0 3 000000008000052c (0x0000006f) 
0 3 000000008000052c (0x0000006f) 
0 3 000000008000052c (0x0000006f) 
0 3 000000008000052c (0x0000006f) 
0 3 000000008000052c (0x0000006f) 
0 3 000000008000052c (0x0000006f) 
0 3 000000008000052c (0x0000006f) 
0 3 000000008000052c (0x0000006f) 
0 3 000000008000052c (0x0000006f) 
0 3 000000008000052c (0x0000006f) 
0 3 000000008000052c (0x0000006f) 
0 3 000000008000052c (0x0000006f) 
0 3 000000008000052c (0x0000006f) 
0 3 000000008000052c (0x0000006f) 
0 3 000000008000052c (0x0000006f) 
0 3 000000008000052c (0x0000006f) 
0 3 000000008000052c (0x0000006f) 
0 3 000000008000052c (0x0000006f) 
0 3 000000008000052c (0x0000006f) 
0 3 000000008000052c (0x0000006f) 
0 3 000000008000052c (0x0000006f) 
0 3 000000008000052c (0x0000006f) 
0 3 000000008000052c (0x0000006f) 
0 3 000000008000052c (0x0000006f) 
0 3 000000008000052c (0x0000006f) 
0 3 000000008000052c (0x0000006f) 
0 3 000000008000052c (0x0000006f) 
0 3 000000008000052c (0x0000006f) 
0 3 000000008000052c (0x0000006f) 
0 3 000000008000052c (0x0000006f) 
0 3 000000008000052c (0x0000006f) 
0 3 000000008000052c (0x0000006f) 
0 3 000000008000052c (0x0000006f) 
0 3 000000008000052c (0x0000006f) 
0 3 000000008000052c (0x0000006f) 
0 3 000000008000052c (0x0000006f) 
0 3 000000008000052c (0x0000006f) 
0 3 000000008000052c (0x0000006f) 
0 3 000000008000052c (0x0000006f) 
0 3 000000008000052c (0x0000006f) 
0 3 000000008000052c (0x0000006f) 
0 3 000000008000052c (0x0000006f) 
0 3 000000008000052c (0x0000006f) 
0 3 000000008000052c (0x0000006f) 
0 3 000000008000052c (0x0000006f) 
0 3 000000008000052c (0x0000006f) 
0 3 000000008000052c (0x0000006f) 
0 3 000000008000052c (0x0000006f) 
0 3 000000008000052c (0x0000006f) 
0 3 000000008000052c (0x0000006f) 
0 3 000000008000052c (0x0000006f) 
0 3 000000008000052c (0x0000006f) 
0 3 000000008000052c (0x0000006f) 
0 3 000000008000052c (0x0000006f) 
0 3 000000008000052c (0x0000006f) 
0 3 000000008000052c (0x0000006f) 
0 3 000000008000052c (0x0000006f) 
0 3 000000008000052c (0x0000006f) 
0 3 000000008000052c (0x0000006f) 
0 3 000000008000052c (0x0000006f) 
0 3 000000008000052c (0x0000006f) 
0 3 000000008000052c (0x0000006f) 
0 3 000000008000052c (0x0000006f) 
0 3 000000008000052c (0x0000006f) 
0 3 000000008000052c (0x0000006f) 
0 3 000000008000052c (0x0000006f) 
0 3 000000008000052c (0x0000006f) 
0 3 000000008000052c (0x0000006f) 
0 3 000000008000052c (0x0000006f) 
0 3 000000008000052c (0x0000006f) 
0 3 000000008000052c (0x0000006f) 
0 3 000000008000052c (0x0000006f) 
0 3 000000008000052c (0x0000006f) 
0 3 000000008000052c (0x0000006f) 
0 3 000000008000052c (0x0000006f) 
0 3 000000008000052c (0x0000006f) 
0 3 000000008000052c (0x0000006f) 
0 3 000000008000052c (0x0000006f) 
0 3 000000008000052c (0x0000006f) 
0 3 000000008000052c (0x0000006f) 
0 3 000000008000052c (0x0000006f) 
0 3 000000008000052c (0x0000006f) 
0 3 000000008000052c (0x0000006f) 
0 3 000000008000052c (0x0000006f) 
0 3 000000008000052c (0x0000006f) 
0 3 000000008000052c (0x0000006f) 
0 3 000000008000052c (0x0000006f) 
0 3 000000008000052c (0x0000006f) 
0 3 000000008000052c (0x0000006f) 
0 3 000000008000052c (0x0000006f) 
0 3 000000008000052c (0x0000006f) 
0 3 000000008000052c (0x0000006f) 
0 3 000000008000052c (0x0000006f) 
0 3 000000008000052c (0x0000006f) 
0 3 000000008000052c (0x0000006f) 
0 3 000000008000052c (0x0000006f) 
0 3 000000008000052c (0x0000006f) 
0 3 000000008000052c (0x0000006f) 
0 3 000000008000052c (0x0000006f) 
0 3 000000008000052c (0x0000006f) 
0 3 000000008000052c (0x0000006f) 
0 3 000000008000052c (0x0000006f) 
0 3 000000008000052c (0x0000006f) 
0 3 000000008000052c (0x0000006f) 
0 3 000000008000052c (0x0000006f) 
0 3 000000008000052c (0x0000006f) 
0 3 000000008000052c (0x0000006f) 
0 3 000000008000052c (0x0000006f) 
0 3 000000008000052c (0x0000006f) 
0 3 000000008000052c (0x0000006f) 
0 3 000000008000052c (0x0000006f) 
0 3 000000008000052c (0x0000006f) 
0 3 000000008000052c (0x0000006f) 
0 3 000000008000052c (0x0000006f) 
0 3 000000008000052c (0x0000006f) 
0 3 000000008000052c (0x0000006f) 
0 3 000000008000052c (0x0000006f) 
0 3 000000008000052c (0x0000006f) 
0 3 000000008000052c (0x0000006f) 
0 3 000000008000052c (0x0000006f) 
0 3 000000008000052c (0x0000006f) 
0 3 000000008000052c (0x0000006f) 
0 3 000000008000052c (0x0000006f) 
0 3 000000008000052c (0x0000006f) 
0 3 000000008000052c (0x0000006f) 
0 3 000000008000052c (0x0000006f) 
0 3 000000008000052c (0x0000006f) 
0 3 000000008000052c (0x0000006f) 
0 3 000000008000052c (0x0000006f) 
0 3 000000008000052c (0x0000006f) 
0 3 000000008000052c (0x0000006f) 
0 3 000000008000052c (0x0000006f) 
0 3 000000008000052c (0x0000006f) 
0 3 000000008000052c (0x0000006f) 
0 3 000000008000052c (0x0000006f) 
0 3 000000008000052c (0x0000006f) 
0 3 000000008000052c (0x0000006f) 
0 3 000000008000052c (0x0000006f) 
0 3 000000008000052c (0x0000006f) 
0 3 000000008000052c (0x0000006f) 
0 3 000000008000052c (0x0000006f) 
0 3 000000008000052c (0x0000006f) 
0 3 000000008000052c (0x0000006f) 
0 3 000000008000052c (0x0000006f) 
0 3 000000008000052c (0x0000006f) 
0 3 000000008000052c (0x0000006f) 
0 3 000000008000052c (0x0000006f) 
0 3 000000008000052c (0x0000006f) 
0 3 000000008000052c (0x0000006f) 
0 3 000000008000052c (0x0000006f) 
0 3 000000008000052c (0x0000006f) 
0 3 000000008000052c (0x0000006f) 
0 3 000000008000052c (0x0000006f) 
0 3 000000008000052c (0x0000006f) 
0 3 000000008000052c (0x0000006f) 
0 3 000000008000052c (0x0000006f) 
0 3 000000008000052c (0x0000006f) 
0 3 000000008000052c (0x0000006f) 
0 3 000000008000052c (0x0000006f) 
0 3 000000008000052c (0x0000006f) 
0 3 000000008000052c (0x0000006f) 
0 3 000000008000052c (0x0000006f) 
0 3 000000008000052c (0x0000006f) 
0 3 000000008000052c (0x0000006f) 
0 3 000000008000052c (0x0000006f) 
0 3 000000008000052c (0x0000006f) 
0 3 000000008000052c (0x0000006f) 
0 3 000000008000052c (0x0000006f) 
0 3 000000008000052c (0x0000006f) 
0 3 000000008000052c (0x0000006f) 
0 3 000000008000052c (0x0000006f) 
0 3 000000008000052c (0x0000006f) 
0 3 000000008000052c (0x0000006f) 
0 3 000000008000052c (0x0000006f) 
0 3 000000008000052c (0x0000006f) 
0 3 000000008000052c (0x0000006f) 
0 3 000000008000052c (0x0000006f) 
0 3 000000008000052c (0x0000006f) 
0 3 000000008000052c (0x0000006f) 
0 3 000000008000052c (0x0000006f) 
0 3 000000008000052c (0x0000006f) 
0 3 000000008000052c (0x0000006f) 
0 3 000000008000052c (0x0000006f) 
0 3 000000008000052c (0x0000006f) 
0 3 000000008000052c (0x0000006f) 
0 3 000000008000052c (0x0000006f) 
0 3 000000008000052c (0x0000006f) 
0 3 000000008000052c (0x0000006f) 
0 3 000000008000052c (0x0000006f) 
0 3 000000008000052c (0x0000006f) 
0 3 000000008000052c (0x0000006f) 
0 3 000000008000052c (0x0000006f) 
0 3 000000008000052c (0x0000006f) 
0 3 000000008000052c (0x0000006f) 
0 3 000000008000052c (0x0000006f) 
0 3 000000008000052c (0x0000006f) 
0 3 000000008000052c (0x0000006f) 
0 3 000000008000052c (0x0000006f) 
0 3 000000008000052c (0x0000006f) 
0 3 000000008000052c (0x0000006f) 
0 3 000000008000052c (0x0000006f) 
0 3 000000008000052c (0x0000006f) 
0 3 000000008000052c (0x0000006f) 
0 3 000000008000052c (0x0000006f) 
0 3 000000008000052c (0x0000006f) 
0 3 000000008000052c (0x0000006f) 
0 3 000000008000052c (0x0000006f) 
0 3 000000008000052c (0x0000006f) 
0 3 000000008000052c (0x0000006f) 
0 3 000000008000052c (0x0000006f) 
0 3 000000008000052c (0x0000006f) 
0 3 000000008000052c (0x0000006f) 
0 3 000000008000052c (0x0000006f) 
0 3 000000008000052c (0x0000006f) 
0 3 000000008000052c (0x0000006f) 
0 3 000000008000052c (0x0000006f) 
0 3 000000008000052c (0x0000006f) 
0 3 000000008000052c (0x0000006f) 
0 3 000000008000052c (0x0000006f) 
0 3 000000008000052c (0x0000006f) 
0 3 000000008000052c (0x0000006f) 
0 3 000000008000052c (0x0000006f) 
0 3 000000008000052c (0x0000006f) 
0 3 000000008000052c (0x0000006f) 
0 3 000000008000052c (0x0000006f) 
0 3 000000008000052c (0x0000006f) 
0 3 000000008000052c (0x0000006f) 
0 3 000000008000052c (0x0000006f) 
0 3 000000008000052c (0x0000006f) 
0 3 000000008000052c (0x0000006f) 
0 3 000000008000052c (0x0000006f) 
0 3 000000008000052c (0x0000006f) 
0 3 000000008000052c (0x0000006f) 
0 3 000000008000052c (0x0000006f) 
0 3 000000008000052c (0x0000006f) 
0 3 000000008000052c (0x0000006f) 
0 3 000000008000052c (0x0000006f) 
0 3 000000008000052c (0x0000006f) 
0 3 000000008000052c (0x0000006f) 
0 3 000000008000052c (0x0000006f) 
0 3 000000008000052c (0x0000006f) 
0 3 000000008000052c (0x0000006f) 
0 3 000000008000052c (0x0000006f) 
0 3 000000008000052c (0x0000006f) 
0 3 000000008000052c (0x0000006f) 
0 3 000000008000052c (0x0000006f) 
0 3 000000008000052c (0x0000006f) 
0 3 000000008000052c (0x0000006f) 
0 3 000000008000052c (0x0000006f) 
0 3 000000008000052c (0x0000006f) 
0 3 000000008000052c (0x0000006f) 
0 3 000000008000052c (0x0000006f) 
0 3 000000008000052c (0x0000006f) 
0 3 000000008000052c (0x0000006f) 
0 3 000000008000052c (0x0000006f) 
0 3 000000008000052c (0x0000006f) 
0 3 000000008000052c (0x0000006f) 
0 3 000000008000052c (0x0000006f) 
0 3 000000008000052c (0x0000006f) 
0 3 000000008000052c (0x0000006f) 
0 3 000000008000052c (0x0000006f) 
0 3 000000008000052c (0x0000006f) 
0 3 000000008000052c (0x0000006f) 
0 3 000000008000052c (0x0000006f) 
0 3 000000008000052c (0x0000006f) 
0 3 000000008000052c (0x0000006f) 
0 3 000000008000052c (0x0000006f) 
0 3 000000008000052c (0x0000006f) 
0 3 000000008000052c (0x0000006f) 
0 3 000000008000052c (0x0000006f) 
0 3 000000008000052c (0x0000006f) 
0 3 000000008000052c (0x0000006f) 
0 3 000000008000052c (0x0000006f) 
0 3 000000008000052c (0x0000006f) 
0 3 000000008000052c (0x0000006f) 
0 3 000000008000052c (0x0000006f) 
0 3 000000008000052c (0x0000006f) 
0 3 000000008000052c (0x0000006f) 
0 3 000000008000052c (0x0000006f) 
0 3 000000008000052c (0x0000006f) 
0 3 000000008000052c (0x0000006f) 
0 3 000000008000052c (0x0000006f) 
0 3 000000008000052c (0x0000006f) 
0 3 000000008000052c (0x0000006f) 
0 3 000000008000052c (0x0000006f) 
0 3 000000008000052c (0x0000006f) 
0 3 000000008000052c (0x0000006f) 
0 3 000000008000052c (0x0000006f) 
0 3 000000008000052c (0x0000006f) 
0 3 000000008000052c (0x0000006f) 
0 3 000000008000052c (0x0000006f) 
0 3 000000008000052c (0x0000006f) 
0 3 000000008000052c (0x0000006f) 
0 3 000000008000052c (0x0000006f) 
0 3 000000008000052c (0x0000006f) 
0 3 000000008000052c (0x0000006f) 
0 3 000000008000052c (0x0000006f) 
0 3 000000008000052c (0x0000006f) 
0 3 000000008000052c (0x0000006f) 
0 3 000000008000052c (0x0000006f) 
0 3 000000008000052c (0x0000006f) 
0 3 000000008000052c (0x0000006f) 
0 3 000000008000052c (0x0000006f) 
0 3 000000008000052c (0x0000006f) 
0 3 000000008000052c (0x0000006f) 
0 3 000000008000052c (0x0000006f) 
0 3 000000008000052c (0x0000006f) 
0 3 000000008000052c (0x0000006f) 
0 3 000000008000052c (0x0000006f) 
0 3 000000008000052c (0x0000006f) 
0 3 000000008000052c (0x0000006f) 
0 3 000000008000052c (0x0000006f) 
0 3 000000008000052c (0x0000006f) 
0 3 000000008000052c (0x0000006f) 
0 3 000000008000052c (0x0000006f) 
0 3 000000008000052c (0x0000006f) 
0 3 000000008000052c (0x0000006f) 
0 3 000000008000052c (0x0000006f) 
0 3 000000008000052c (0x0000006f) 
0 3 000000008000052c (0x0000006f) 
0 3 000000008000052c (0x0000006f) 
0 3 000000008000052c (0x0000006f) 
0 3 000000008000052c (0x0000006f) 
0 3 000000008000052c (0x0000006f) 
0 3 000000008000052c (0x0000006f) 
0 3 000000008000052c (0x0000006f) 
0 3 000000008000052c (0x0000006f) 
0 3 000000008000052c (0x0000006f) 
0 3 000000008000052c (0x0000006f) 
0 3 000000008000052c (0x0000006f) 
0 3 000000008000052c (0x0000006f) 
0 3 000000008000052c (0x0000006f) 
0 3 000000008000052c (0x0000006f) 
0 3 000000008000052c (0x0000006f) 
0 3 000000008000052c (0x0000006f) 
0 3 000000008000052c (0x0000006f) 
0 3 000000008000052c (0x0000006f) 
0 3 000000008000052c (0x0000006f) 
0 3 000000008000052c (0x0000006f) 
0 3 000000008000052c (0x0000006f) 
0 3 000000008000052c (0x0000006f) 
0 3 000000008000052c (0x0000006f) 
0 3 000000008000052c (0x0000006f) 
0 3 000000008000052c (0x0000006f) 
0 3 000000008000052c (0x0000006f) 
0 3 000000008000052c (0x0000006f) 
0 3 000000008000052c (0x0000006f) 
0 3 000000008000052c (0x0000006f) 
0 3 000000008000052c (0x0000006f) 
0 3 000000008000052c (0x0000006f) 
0 3 000000008000052c (0x0000006f) 
0 3 000000008000052c (0x0000006f) 
0 3 000000008000052c (0x0000006f) 
0 3 000000008000052c (0x0000006f) 
0 3 000000008000052c (0x0000006f) 
0 3 000000008000052c (0x0000006f) 
0 3 000000008000052c (0x0000006f) 
0 3 000000008000052c (0x0000006f) 
0 3 000000008000052c (0x0000006f) 
0 3 000000008000052c (0x0000006f) 
0 3 000000008000052c (0x0000006f) 
0 3 000000008000052c (0x0000006f) 
0 3 000000008000052c (0x0000006f) 
0 3 000000008000052c (0x0000006f) 
0 3 000000008000052c (0x0000006f) 
0 3 000000008000052c (0x0000006f) 
0 3 000000008000052c (0x0000006f) 
0 3 000000008000052c (0x0000006f) 
0 3 000000008000052c (0x0000006f) 
0 3 000000008000052c (0x0000006f) 
0 3 000000008000052c (0x0000006f) 
0 3 000000008000052c (0x0000006f) 
0 3 000000008000052c (0x0000006f) 
0 3 000000008000052c (0x0000006f) 
0 3 000000008000052c (0x0000006f) 
0 3 000000008000052c (0x0000006f) 
0 3 000000008000052c (0x0000006f) 
0 3 000000008000052c (0x0000006f) 
0 3 000000008000052c (0x0000006f) 
0 3 000000008000052c (0x0000006f) 
0 3 000000008000052c (0x0000006f) 
0 3 000000008000052c (0x0000006f) 
0 3 000000008000052c (0x0000006f) 
0 3 000000008000052c (0x0000006f) 
0 3 000000008000052c (0x0000006f) 
0 3 000000008000052c (0x0000006f) 
0 3 000000008000052c (0x0000006f) 
0 3 000000008000052c (0x0000006f) 
0 3 000000008000052c (0x0000006f) 
0 3 000000008000052c (0x0000006f) 
0 3 000000008000052c (0x0000006f) 
0 3 000000008000052c (0x0000006f) 
0 3 000000008000052c (0x0000006f) 
0 3 000000008000052c (0x0000006f) 
0 3 000000008000052c (0x0000006f) 
0 3 000000008000052c (0x0000006f) 
0 3 000000008000052c (0x0000006f) 
0 3 000000008000052c (0x0000006f) 
0 3 000000008000052c (0x0000006f) 
0 3 000000008000052c (0x0000006f) 
0 3 000000008000052c (0x0000006f) 
0 3 000000008000052c (0x0000006f) 
0 3 000000008000052c (0x0000006f) 
0 3 000000008000052c (0x0000006f) 
0 3 000000008000052c (0x0000006f) 
0 3 000000008000052c (0x0000006f) 
0 3 000000008000052c (0x0000006f) 
0 3 000000008000052c (0x0000006f) 
0 3 000000008000052c (0x0000006f) 
0 3 000000008000052c (0x0000006f) 
0 3 000000008000052c (0x0000006f) 
0 3 000000008000052c (0x0000006f) 
0 3 000000008000052c (0x0000006f) 
0 3 000000008000052c (0x0000006f) 
0 3 000000008000052c (0x0000006f) 
0 3 000000008000052c (0x0000006f) 
0 3 000000008000052c (0x0000006f) 
0 3 000000008000052c (0x0000006f) 
0 3 000000008000052c (0x0000006f) 
0 3 000000008000052c (0x0000006f) 
0 3 000000008000052c (0x0000006f) 
0 3 000000008000052c (0x0000006f) 
0 3 000000008000052c (0x0000006f) 
0 3 000000008000052c (0x0000006f) 
0 3 000000008000052c (0x0000006f) 
0 3 000000008000052c (0x0000006f) 
0 3 000000008000052c (0x0000006f) 
0 3 000000008000052c (0x0000006f) 
0 3 000000008000052c (0x0000006f) 
0 3 000000008000052c (0x0000006f) 
0 3 000000008000052c (0x0000006f) 
0 3 000000008000052c (0x0000006f) 
0 3 000000008000052c (0x0000006f) 
0 3 000000008000052c (0x0000006f) 
0 3 000000008000052c (0x0000006f) 
0 3 000000008000052c (0x0000006f) 
0 3 000000008000052c (0x0000006f) 
0 3 000000008000052c (0x0000006f) 
0 3 000000008000052c (0x0000006f) 
0 3 000000008000052c (0x0000006f) 
0 3 000000008000052c (0x0000006f) 
0 3 000000008000052c (0x0000006f) 
0 3 000000008000052c (0x0000006f) 
0 3 000000008000052c (0x0000006f) 
0 3 000000008000052c (0x0000006f) 
0 3 000000008000052c (0x0000006f) 
0 3 000000008000052c (0x0000006f) 
0 3 000000008000052c (0x0000006f) 
0 3 000000008000052c (0x0000006f) 
0 3 000000008000052c (0x0000006f) 
0 3 000000008000052c (0x0000006f) 
0 3 000000008000052c (0x0000006f) 
0 3 000000008000052c (0x0000006f) 
0 3 000000008000052c (0x0000006f) 
0 3 000000008000052c (0x0000006f) 
0 3 000000008000052c (0x0000006f) 
0 3 000000008000052c (0x0000006f) 
0 3 000000008000052c (0x0000006f) 
0 3 000000008000052c (0x0000006f) 
0 3 000000008000052c (0x0000006f) 
0 3 000000008000052c (0x0000006f) 
0 3 000000008000052c (0x0000006f) 
0 3 000000008000052c (0x0000006f) 
0 3 000000008000052c (0x0000006f) 
0 3 000000008000052c (0x0000006f) 
0 3 000000008000052c (0x0000006f) 
0 3 000000008000052c (0x0000006f) 
0 3 000000008000052c (0x0000006f) 
0 3 000000008000052c (0x0000006f) 
0 3 000000008000052c (0x0000006f) 
0 3 000000008000052c (0x0000006f) 
0 3 000000008000052c (0x0000006f) 
0 3 000000008000052c (0x0000006f) 
0 3 000000008000052c (0x0000006f) 
0 3 000000008000052c (0x0000006f) 
0 3 000000008000052c (0x0000006f) 
0 3 000000008000052c (0x0000006f) 
0 3 000000008000052c (0x0000006f) 
0 3 000000008000052c (0x0000006f) 
0 3 000000008000052c (0x0000006f) 
0 3 000000008000052c (0x0000006f) 
0 3 000000008000052c (0x0000006f) 
0 3 000000008000052c (0x0000006f) 
0 3 000000008000052c (0x0000006f) 
0 3 000000008000052c (0x0000006f) 
0 3 000000008000052c (0x0000006f) 
0 3 000000008000052c (0x0000006f) 
0 3 000000008000052c (0x0000006f) 
0 3 000000008000052c (0x0000006f) 
0 3 000000008000052c (0x00000000) exception (8000000000000007) -> 0x0080000340
0 3 0000000080000340 (0xeb010113) x02 0000000081026e80
0 3 0000000080000342 (0x14113423) 
0 3 0000000080000344 (0x14513023) 
0 3 0000000080000346 (0x003022f3) x05 0000000000000000
0 3 000000008000034a (0x12512c23) 
0 3 000000008000034e (0x12613823) 
0 3 0000000080000350 (0x12713423) 
0 3 0000000080000352 (0x12813023) 
0 3 0000000080000354 (0x10a13c23) 
0 3 0000000080000356 (0x10b13823) 
0 3 0000000080000358 (0x10c13423) 
0 3 000000008000035a (0x10d13023) 
0 3 000000008000035c (0x0ee13c23) 
0 3 000000008000035e (0x0ef13823) 
0 3 0000000080000360 (0x0f013423) 
0 3 0000000080000362 (0x0f113023) 
0 3 0000000080000364 (0x0dc13c23) 
0 3 0000000080000366 (0x0dd13823) 
0 3 0000000080000368 (0x0de13423) 
0 3 000000008000036a (0x0df13023) 
0 3 000000008000036c (0x0a013427) 
0 3 000000008000036e (0x0a113027) 
0 3 0000000080000370 (0x08213c27) 
0 3 0000000080000372 (0x08313827) 
0 3 0000000080000374 (0x08413427) 
0 3 0000000080000376 (0x08513027) 
0 3 0000000080000378 (0x06613c27) 
0 3 000000008000037a (0x06713827) 
0 3 000000008000037c (0x06a13427) 
0 3 000000008000037e (0x06b13027) 
0 3 0000000080000380 (0x04c13c27) 
0 3 0000000080000382 (0x04d13827) 
0 3 0000000080000384 (0x04e13427) 
0 3 0000000080000386 (0x04f13027) 
0 3 0000000080000388 (0x03013c27) 
0 3 000000008000038a (0x03113827) 
0 3 000000008000038c (0x03c13427) 
0 3 000000008000038e (0x03d13027) 
0 3 0000000080000390 (0x01e13c27) 
0 3 0000000080000392 (0x01f13827) 
0 3 0000000080000394 (0x15010413) x08 0000000081026fd0
0 3 0000000080000396 (0x342027f3) x0f 8000000000000007
0 3 000000008000039a (0xeaf43c23) 
0 3 000000008000039e (0x00005517) x0a 000000008000539e
0 3 00000000800003a2 (0x65a50513) x0a 00000000800059f8
0 3 00000000800003a6 (0x17e050ef) x01 00000000800003aa
0 3 0000000080005524 (0xfe010113) x02 0000000081026e60
0 3 0000000080005526 (0x00113c23) 
0 3 0000000080005528 (0x00813823) 
0 3 000000008000552a (0x02010413) x08 0000000081026e80
0 3 000000008000552c (0xfea43423) 
0 3 0000000080005530 (0x01c0006f) 
0 3 000000008000554c (0xfe843783) x0f 00000000800059f8
0 3 0000000080005550 (0x0007c783) x0f 0000000000000049
0 3 0000000080005554 (0xfc079fe3) 
0 3 0000000080005532 (0xfe843783) x0f 00000000800059f8
0 3 0000000080005536 (0x0007c783) x0f 0000000000000049
0 3 000000008000553a (0x0007879b) x0f 0000000000000049
0 3 000000008000553c (0x00f00533) x0a 0000000000000049
0 3 000000008000553e (0xf5fff0ef) x01 0000000080005542
0 3 000000008000549c (0xfe010113) x02 0000000081026e40
0 3 000000008000549e (0x00813c23) 
0 3 00000000800054a0 (0x02010413) x08 0000000081026e60
0 3 00000000800054a2 (0x00a007b3) x0f 0000000000000049
0 3 00000000800054a4 (0xfef42623) 
0 3 00000000800054a8 (0x001017b7) x0f 0000000000101000
0 3 00000000800054ac (0xfec42703) x0e 0000000000000049
0 3 00000000800054b0 (0x0ff77713) x0e 0000000000000049
0 3 00000000800054b4 (0x00e78023) 
0 3 00000000800054b8 (0x00000013) 
0 3 00000000800054ba (0x01813403) x08 0000000081026e80
0 3 00000000800054bc (0x02010113) x02 0000000081026e60
0 3 00000000800054be (0x00008067) 
0 3 0000000080005542 (0xfe843783) x0f 00000000800059f8
0 3 0000000080005546 (0x00178793) x0f 00000000800059f9
0 3 0000000080005548 (0xfef43423) 
0 3 000000008000554c (0xfe843783) x0f 00000000800059f9
0 3 0000000080005550 (0x0007c783) x0f 000000000000006e
0 3 0000000080005554 (0xfc079fe3) 
0 3 0000000080005532 (0xfe843783) x0f 00000000800059f9
0 3 0000000080005536 (0x0007c783) x0f 000000000000006e
0 3 000000008000553a (0x0007879b) x0f 000000000000006e
0 3 000000008000553c (0x00f00533) x0a 000000000000006e
0 3 000000008000553e (0xf5fff0ef) x01 0000000080005542
0 3 000000008000549c (0xfe010113) x02 0000000081026e40
0 3 000000008000549e (0x00813c23) 
0 3 00000000800054a0 (0x02010413) x08 0000000081026e60
0 3 00000000800054a2 (0x00a007b3) x0f 000000000000006e
0 3 00000000800054a4 (0xfef42623) 
0 3 00000000800054a8 (0x001017b7) x0f 0000000000101000
0 3 00000000800054ac (0xfec42703) x0e 000000000000006e
0 3 00000000800054b0 (0x0ff77713) x0e 000000000000006e
0 3 00000000800054b4 (0x00e78023) 
0 3 00000000800054b8 (0x00000013) 
0 3 00000000800054ba (0x01813403) x08 0000000081026e80
0 3 00000000800054bc (0x02010113) x02 0000000081026e60
0 3 00000000800054be (0x00008067) 
0 3 0000000080005542 (0xfe843783) x0f 00000000800059f9
0 3 0000000080005546 (0x00178793) x0f 00000000800059fa
0 3 0000000080005548 (0xfef43423) 
0 3 000000008000554c (0xfe843783) x0f 00000000800059fa
0 3 0000000080005550 (0x0007c783) x0f 0000000000000074
0 3 0000000080005554 (0xfc079fe3) 
0 3 0000000080005532 (0xfe843783) x0f 00000000800059fa
0 3 0000000080005536 (0x0007c783) x0f 0000000000000074
0 3 000000008000553a (0x0007879b) x0f 0000000000000074
0 3 000000008000553c (0x00f00533) x0a 0000000000000074
0 3 000000008000553e (0xf5fff0ef) x01 0000000080005542
0 3 000000008000549c (0xfe010113) x02 0000000081026e40
0 3 000000008000549e (0x00813c23) 
0 3 00000000800054a0 (0x02010413) x08 0000000081026e60
0 3 00000000800054a2 (0x00a007b3) x0f 0000000000000074
0 3 00000000800054a4 (0xfef42623) 
0 3 00000000800054a8 (0x001017b7) x0f 0000000000101000
0 3 00000000800054ac (0xfec42703) x0e 0000000000000074
0 3 00000000800054b0 (0x0ff77713) x0e 0000000000000074
0 3 00000000800054b4 (0x00e78023) 
0 3 00000000800054b8 (0x00000013) 
0 3 00000000800054ba (0x01813403) x08 0000000081026e80
0 3 00000000800054bc (0x02010113) x02 0000000081026e60
0 3 00000000800054be (0x00008067) 
0 3 0000000080005542 (0xfe843783) x0f 00000000800059fa
0 3 0000000080005546 (0x00178793) x0f 00000000800059fb
0 3 0000000080005548 (0xfef43423) 
0 3 000000008000554c (0xfe843783) x0f 00000000800059fb
0 3 0000000080005550 (0x0007c783) x0f 0000000000000065
0 3 0000000080005554 (0xfc079fe3) 
0 3 0000000080005532 (0xfe843783) x0f 00000000800059fb
0 3 0000000080005536 (0x0007c783) x0f 0000000000000065
0 3 000000008000553a (0x0007879b) x0f 0000000000000065
0 3 000000008000553c (0x00f00533) x0a 0000000000000065
0 3 000000008000553e (0xf5fff0ef) x01 0000000080005542
0 3 000000008000549c (0xfe010113) x02 0000000081026e40
0 3 000000008000549e (0x00813c23) 
0 3 00000000800054a0 (0x02010413) x08 0000000081026e60
0 3 00000000800054a2 (0x00a007b3) x0f 0000000000000065
0 3 00000000800054a4 (0xfef42623) 
0 3 00000000800054a8 (0x001017b7) x0f 0000000000101000
0 3 00000000800054ac (0xfec42703) x0e 0000000000000065
0 3 00000000800054b0 (0x0ff77713) x0e 0000000000000065
0 3 00000000800054b4 (0x00e78023) 
0 3 00000000800054b8 (0x00000013) 
0 3 00000000800054ba (0x01813403) x08 0000000081026e80
0 3 00000000800054bc (0x02010113) x02 0000000081026e60
0 3 00000000800054be (0x00008067) 
0 3 0000000080005542 (0xfe843783) x0f 00000000800059fb
0 3 0000000080005546 (0x00178793) x0f 00000000800059fc
0 3 0000000080005548 (0xfef43423) 
0 3 000000008000554c (0xfe843783) x0f 00000000800059fc
0 3 0000000080005550 (0x0007c783) x0f 0000000000000072
0 3 0000000080005554 (0xfc079fe3) 
0 3 0000000080005532 (0xfe843783) x0f 00000000800059fc
0 3 0000000080005536 (0x0007c783) x0f 0000000000000072
0 3 000000008000553a (0x0007879b) x0f 0000000000000072
0 3 000000008000553c (0x00f00533) x0a 0000000000000072
0 3 000000008000553e (0xf5fff0ef) x01 0000000080005542
0 3 000000008000549c (0xfe010113) x02 0000000081026e40
0 3 000000008000549e (0x00813c23) 
0 3 00000000800054a0 (0x02010413) x08 0000000081026e60
0 3 00000000800054a2 (0x00a007b3) x0f 0000000000000072
0 3 00000000800054a4 (0xfef42623) 
0 3 00000000800054a8 (0x001017b7) x0f 0000000000101000
0 3 00000000800054ac (0xfec42703) x0e 0000000000000072
0 3 00000000800054b0 (0x0ff77713) x0e 0000000000000072
0 3 00000000800054b4 (0x00e78023) 
0 3 00000000800054b8 (0x00000013) 
0 3 00000000800054ba (0x01813403) x08 0000000081026e80
0 3 00000000800054bc (0x02010113) x02 0000000081026e60
0 3 00000000800054be (0x00008067) 
0 3 0000000080005542 (0xfe843783) x0f 00000000800059fc
0 3 0000000080005546 (0x00178793) x0f 00000000800059fd
0 3 0000000080005548 (0xfef43423) 
0 3 000000008000554c (0xfe843783) x0f 00000000800059fd
0 3 0000000080005550 (0x0007c783) x0f 0000000000000072
0 3 0000000080005554 (0xfc079fe3) 
0 3 0000000080005532 (0xfe843783) x0f 00000000800059fd
0 3 0000000080005536 (0x0007c783) x0f 0000000000000072
0 3 000000008000553a (0x0007879b) x0f 0000000000000072
0 3 000000008000553c (0x00f00533) x0a 0000000000000072
0 3 000000008000553e (0xf5fff0ef) x01 0000000080005542
0 3 000000008000549c (0xfe010113) x02 0000000081026e40
0 3 000000008000549e (0x00813c23) 
0 3 00000000800054a0 (0x02010413) x08 0000000081026e60
0 3 00000000800054a2 (0x00a007b3) x0f 0000000000000072
0 3 00000000800054a4 (0xfef42623) 
0 3 00000000800054a8 (0x001017b7) x0f 0000000000101000
0 3 00000000800054ac (0xfec42703) x0e 0000000000000072
0 3 00000000800054b0 (0x0ff77713) x0e 0000000000000072
0 3 00000000800054b4 (0x00e78023) 
0 3 00000000800054b8 (0x00000013) 
0 3 00000000800054ba (0x01813403) x08 0000000081026e80
0 3 00000000800054bc (0x02010113) x02 0000000081026e60
0 3 00000000800054be (0x00008067) 
0 3 0000000080005542 (0xfe843783) x0f 00000000800059fd
0 3 0000000080005546 (0x00178793) x0f 00000000800059fe
0 3 0000000080005548 (0xfef43423) 
0 3 000000008000554c (0xfe843783) x0f 00000000800059fe
0 3 0000000080005550 (0x0007c783) x0f 0000000000000075
0 3 0000000080005554 (0xfc079fe3) 
0 3 0000000080005532 (0xfe843783) x0f 00000000800059fe
0 3 0000000080005536 (0x0007c783) x0f 0000000000000075
0 3 000000008000553a (0x0007879b) x0f 0000000000000075
0 3 000000008000553c (0x00f00533) x0a 0000000000000075
0 3 000000008000553e (0xf5fff0ef) x01 0000000080005542
0 3 000000008000549c (0xfe010113) x02 0000000081026e40
0 3 000000008000549e (0x00813c23) 
0 3 00000000800054a0 (0x02010413) x08 0000000081026e60
0 3 00000000800054a2 (0x00a007b3) x0f 0000000000000075
0 3 00000000800054a4 (0xfef42623) 
0 3 00000000800054a8 (0x001017b7) x0f 0000000000101000
0 3 00000000800054ac (0xfec42703) x0e 0000000000000075
0 3 00000000800054b0 (0x0ff77713) x0e 0000000000000075
0 3 00000000800054b4 (0x00e78023) 
0 3 00000000800054b8 (0x00000013) 
0 3 00000000800054ba (0x01813403) x08 0000000081026e80
0 3 00000000800054bc (0x02010113) x02 0000000081026e60
0 3 00000000800054be (0x00008067) 
0 3 0000000080005542 (0xfe843783) x0f 00000000800059fe
0 3 0000000080005546 (0x00178793) x0f 00000000800059ff
0 3 0000000080005548 (0xfef43423) 
0 3 000000008000554c (0xfe843783) x0f 00000000800059ff
0 3 0000000080005550 (0x0007c783) x0f 0000000000000070
0 3 0000000080005554 (0xfc079fe3) 
0 3 0000000080005532 (0xfe843783) x0f 00000000800059ff
0 3 0000000080005536 (0x0007c783) x0f 0000000000000070
0 3 000000008000553a (0x0007879b) x0f 0000000000000070
0 3 000000008000553c (0x00f00533) x0a 0000000000000070
0 3 000000008000553e (0xf5fff0ef) x01 0000000080005542
0 3 000000008000549c (0xfe010113) x02 0000000081026e40
0 3 000000008000549e (0x00813c23) 
0 3 00000000800054a0 (0x02010413) x08 0000000081026e60
0 3 00000000800054a2 (0x00a007b3) x0f 0000000000000070
0 3 00000000800054a4 (0xfef42623) 
0 3 00000000800054a8 (0x001017b7) x0f 0000000000101000
0 3 00000000800054ac (0xfec42703) x0e 0000000000000070
0 3 00000000800054b0 (0x0ff77713) x0e 0000000000000070
0 3 00000000800054b4 (0x00e78023) 
0 3 00000000800054b8 (0x00000013) 
0 3 00000000800054ba (0x01813403) x08 0000000081026e80
0 3 00000000800054bc (0x02010113) x02 0000000081026e60
0 3 00000000800054be (0x00008067) 
0 3 0000000080005542 (0xfe843783) x0f 00000000800059ff
0 3 0000000080005546 (0x00178793) x0f 0000000080005a00
0 3 0000000080005548 (0xfef43423) 
0 3 000000008000554c (0xfe843783) x0f 0000000080005a00
0 3 0000000080005550 (0x0007c783) x0f 0000000000000074
0 3 0000000080005554 (0xfc079fe3) 
0 3 0000000080005532 (0xfe843783) x0f 0000000080005a00
0 3 0000000080005536 (0x0007c783) x0f 0000000000000074
0 3 000000008000553a (0x0007879b) x0f 0000000000000074
0 3 000000008000553c (0x00f00533) x0a 0000000000000074
0 3 000000008000553e (0xf5fff0ef) x01 0000000080005542
0 3 000000008000549c (0xfe010113) x02 0000000081026e40
0 3 000000008000549e (0x00813c23) 
0 3 00000000800054a0 (0x02010413) x08 0000000081026e60
0 3 00000000800054a2 (0x00a007b3) x0f 0000000000000074
0 3 00000000800054a4 (0xfef42623) 
0 3 00000000800054a8 (0x001017b7) x0f 0000000000101000
0 3 00000000800054ac (0xfec42703) x0e 0000000000000074
0 3 00000000800054b0 (0x0ff77713) x0e 0000000000000074
0 3 00000000800054b4 (0x00e78023) 
0 3 00000000800054b8 (0x00000013) 
0 3 00000000800054ba (0x01813403) x08 0000000081026e80
0 3 00000000800054bc (0x02010113) x02 0000000081026e60
0 3 00000000800054be (0x00008067) 
0 3 0000000080005542 (0xfe843783) x0f 0000000080005a00
0 3 0000000080005546 (0x00178793) x0f 0000000080005a01
0 3 0000000080005548 (0xfef43423) 
0 3 000000008000554c (0xfe843783) x0f 0000000080005a01
0 3 0000000080005550 (0x0007c783) x0f 000000000000000a
0 3 0000000080005554 (0xfc079fe3) 
0 3 0000000080005532 (0xfe843783) x0f 0000000080005a01
0 3 0000000080005536 (0x0007c783) x0f 000000000000000a
0 3 000000008000553a (0x0007879b) x0f 000000000000000a
0 3 000000008000553c (0x00f00533) x0a 000000000000000a
0 3 000000008000553e (0xf5fff0ef) x01 0000000080005542
0 3 000000008000549c (0xfe010113) x02 0000000081026e40
0 3 000000008000549e (0x00813c23) 
0 3 00000000800054a0 (0x02010413) x08 0000000081026e60
0 3 00000000800054a2 (0x00a007b3) x0f 000000000000000a
0 3 00000000800054a4 (0xfef42623) 
0 3 00000000800054a8 (0x001017b7) x0f 0000000000101000
0 3 00000000800054ac (0xfec42703) x0e 000000000000000a
0 3 00000000800054b0 (0x0ff77713) x0e 000000000000000a
0 3 00000000800054b4 (0x00e78023) 
0 3 00000000800054b8 (0x00000013) 
0 3 00000000800054ba (0x01813403) x08 0000000081026e80
0 3 00000000800054bc (0x02010113) x02 0000000081026e60
0 3 00000000800054be (0x00008067) 
0 3 0000000080005542 (0xfe843783) x0f 0000000080005a01
0 3 0000000080005546 (0x00178793) x0f 0000000080005a02
0 3 0000000080005548 (0xfef43423) 
0 3 000000008000554c (0xfe843783) x0f 0000000080005a02
0 3 0000000080005550 (0x0007c783) x0f 0000000000000000
0 3 0000000080005554 (0xfc079fe3) 
0 3 0000000080005556 (0x00000013) 
0 3 0000000080005558 (0x00000013) 
0 3 000000008000555a (0x01813083) x01 00000000800003aa
0 3 000000008000555c (0x01013403) x08 0000000081026fd0
0 3 000000008000555e (0x02010113) x02 0000000081026e80
0 3 0000000080005560 (0x00008067) 
0 3 00000000800003aa (0xeb843783) x0f 8000000000000007
0 3 00000000800003ae (0x03f7d713) x0e 0000000000000001
0 3 00000000800003b2 (0x00100793) x0f 0000000000000001
0 3 00000000800003b4 (0x08f71b63) 
0 3 00000000800003b8 (0xeb843783) x0f 8000000000000007
0 3 00000000800003bc (0x0077f713) x0e 0000000000000007
0 3 00000000800003c0 (0x00400793) x0f 0000000000000004
0 3 00000000800003c2 (0x02f70063) 
0 3 00000000800003c6 (0xeb843783) x0f 8000000000000007
0 3 00000000800003ca (0x0077f713) x0e 0000000000000007
0 3 00000000800003ce (0x00500793) x0f 0000000000000005
0 3 00000000800003d0 (0x00f70963) 
0 3 00000000800003d4 (0xeb843783) x0f 8000000000000007
0 3 00000000800003d8 (0x0077f713) x0e 0000000000000007
0 3 00000000800003dc (0x00700793) x0f 0000000000000007
0 3 00000000800003de (0x02f71163) 
0 3 00000000800003e2 (0x00006797) x0f 00000000800063e2
0 3 00000000800003e6 (0x46678793) x0f 0000000080006848
0 3 00000000800003ea (0x0007c783) x0f 0000000000000035
0 3 00000000800003ee (0x0017879b) x0f 0000000000000036
0 3 00000000800003f0 (0x0ff7f713) x0e 0000000000000036
0 3 00000000800003f4 (0x00006797) x0f 00000000800063f4
0 3 00000000800003f8 (0x45478793) x0f 0000000080006848
0 3 00000000800003fc (0x00e78023) 
0 3 0000000080000400 (0x81818793) x0f 0000000080006858
0 3 0000000080000404 (0x0007b783) x0f 000000000030bff8
0 3 0000000080000406 (0x0007b703) x0e 0000000000005e67
0 3 0000000080000408 (0x81018793) x0f 0000000080006850
0 3 000000008000040c (0x0007b783) x0f 0000000000304000
0 3 000000008000040e (0x40070713) x0e 0000000000006267
0 3 0000000080000412 (0x00e7b023) 
0 3 0000000080000414 (0x00006797) x0f 0000000080006414
0 3 0000000080000418 (0x43478793) x0f 0000000080006848
0 3 000000008000041c (0x0007c783) x0f 0000000000000036
0 3 0000000080000420 (0x0007879b) x0f 0000000000000036
0 3 0000000080000422 (0x00f00533) x0a 0000000000000036
0 3 0000000080000424 (0x078050ef) x01 0000000080000428
0 3 000000008000549c (0xfe010113) x02 0000000081026e60
0 3 000000008000549e (0x00813c23) 
0 3 00000000800054a0 (0x02010413) x08 0000000081026e80
0 3 00000000800054a2 (0x00a007b3) x0f 0000000000000036
0 3 00000000800054a4 (0xfef42623) 
0 3 00000000800054a8 (0x001017b7) x0f 0000000000101000
0 3 00000000800054ac (0xfec42703) x0e 0000000000000036
0 3 00000000800054b0 (0x0ff77713) x0e 0000000000000036
0 3 00000000800054b4 (0x00e78023) 
0 3 00000000800054b8 (0x00000013) 
0 3 00000000800054ba (0x01813403) x08 0000000081026fd0
0 3 00000000800054bc (0x02010113) x02 0000000081026e80
0 3 00000000800054be (0x00008067) 
0 3 0000000080000428 (0x00a00513) x0a 000000000000000a
0 3 000000008000042a (0x072050ef) x01 000000008000042e
0 3 000000008000549c (0xfe010113) x02 0000000081026e60
0 3 000000008000549e (0x00813c23) 
0 3 00000000800054a0 (0x02010413) x08 0000000081026e80
0 3 00000000800054a2 (0x00a007b3) x0f 000000000000000a
0 3 00000000800054a4 (0xfef42623) 
0 3 00000000800054a8 (0x001017b7) x0f 0000000000101000
0 3 00000000800054ac (0xfec42703) x0e 000000000000000a
0 3 00000000800054b0 (0x0ff77713) x0e 000000000000000a
0 3 00000000800054b4 (0x00e78023) 
0 3 00000000800054b8 (0x00000013) 
0 3 00000000800054ba (0x01813403) x08 0000000081026fd0
0 3 00000000800054bc (0x02010113) x02 0000000081026e80
0 3 00000000800054be (0x00008067) 
0 3 000000008000042e (0x00006797) x0f 000000008000642e
0 3 0000000080000432 (0x41a78793) x0f 0000000080006848
0 3 0000000080000436 (0x0007c783) x0f 0000000000000036
0 3 000000008000043a (0x00f00733) x0e 0000000000000036
0 3 000000008000043c (0x03800793) x0f 0000000000000038
0 3 0000000080000440 (0x02f71463) 
0 3 0000000080000468 (0x00000013) 
0 3 000000008000046a (0x14813083) x01 000000008000051c
0 3 000000008000046c (0x13812283) x05 0000000000000000
0 3 0000000080000470 (0x00329073) 
0 3 0000000080000474 (0x14013283) x05 ffffffffffffffff
0 3 0000000080000476 (0x13013303) x06 0000000080006f40
0 3 0000000080000478 (0x12813383) x07 0000000000000000
0 3 000000008000047a (0x12013403) x08 0000000081027000
0 3 000000008000047c (0x11813503) x0a 000000000000000a
0 3 000000008000047e (0x11013583) x0b 00000000800059d8
0 3 0000000080000480 (0x10813603) x0c 0000000000000000
0 3 0000000080000482 (0x10013683) x0d 0000000080000c02
0 3 0000000080000484 (0x0f813703) x0e 000000000000000a
0 3 0000000080000486 (0x0f013783) x0f 000000000000600b
0 3 0000000080000488 (0x0e813803) x10 0000000000000000
0 3 000000008000048a (0x0e013883) x11 0000000080027000
0 3 000000008000048c (0x0d813e03) x1c 0000000000000000
0 3 000000008000048e (0x0d013e83) x1d 0000000000000000
0 3 0000000080000490 (0x0c813f03) x1e 0000000000000000
0 3 0000000080000492 (0x0c013f83) x1f 0000000000000000
0 3 0000000080000494 (0x0a813007) f00 ffffffff00000000
0 3 0000000080000496 (0x0a013087) f01 ffffffff00000000
0 3 0000000080000498 (0x09813107) f02 ffffffff00000000
0 3 000000008000049a (0x09013187) f03 ffffffff00000000
0 3 000000008000049c (0x08813207) f04 ffffffff00000000
0 3 000000008000049e (0x08013287) f05 ffffffff00000000
0 3 00000000800004a0 (0x07813307) f06 ffffffff00000000
0 3 00000000800004a2 (0x07013387) f07 ffffffff00000000
0 3 00000000800004a4 (0x06813507) f0a ffffffff00000000
0 3 00000000800004a6 (0x06013587) f0b ffffffff00000000
0 3 00000000800004a8 (0x05813607) f0c ffffffff00000000
0 3 00000000800004aa (0x05013687) f0d ffffffff00000000
0 3 00000000800004ac (0x04813707) f0e ffffffff00000000
0 3 00000000800004ae (0x04013787) f0f ffffffff00000000
0 3 00000000800004b0 (0x03813807) f10 ffffffff00000000
0 3 00000000800004b2 (0x03013887) f11 ffffffff00000000
0 3 00000000800004b4 (0x02813e07) f1c ffffffff00000000
0 3 00000000800004b6 (0x02013e87) f1d ffffffff00000000
0 3 00000000800004b8 (0x01813f07) f1e ffffffff00000000
0 3 00000000800004ba (0x01013f87) f1f ffffffff00000000
0 3 00000000800004bc (0x15010113) x02 0000000081026fd0
0 3 00000000800004be (0x30200073) 
0 3 000000008000052c (0x0000006f) 
0 3 000000008000052c (0x0000006f) 
0 3 000000008000052c (0x0000006f) 
0 3 000000008000052c (0x0000006f) 
0 3 000000008000052c (0x0000006f) 
0 3 000000008000052c (0x0000006f) 
0 3 000000008000052c (0x0000006f) 
0 3 000000008000052c (0x0000006f) 
0 3 000000008000052c (0x0000006f) 
0 3 000000008000052c (0x0000006f) 
0 3 000000008000052c (0x0000006f) 
0 3 000000008000052c (0x0000006f) 
0 3 000000008000052c (0x0000006f) 
0 3 000000008000052c (0x0000006f) 
0 3 000000008000052c (0x0000006f) 
0 3 000000008000052c (0x0000006f) 
0 3 000000008000052c (0x0000006f) 
0 3 000000008000052c (0x0000006f) 
0 3 000000008000052c (0x0000006f) 
0 3 000000008000052c (0x0000006f) 
0 3 000000008000052c (0x0000006f) 
0 3 000000008000052c (0x0000006f) 
0 3 000000008000052c (0x0000006f) 
0 3 000000008000052c (0x0000006f) 
0 3 000000008000052c (0x0000006f) 
0 3 000000008000052c (0x0000006f) 
0 3 000000008000052c (0x0000006f) 
0 3 000000008000052c (0x0000006f) 
0 3 000000008000052c (0x0000006f) 
0 3 000000008000052c (0x0000006f) 
0 3 000000008000052c (0x0000006f) 
0 3 000000008000052c (0x0000006f) 
0 3 000000008000052c (0x0000006f) 
0 3 000000008000052c (0x0000006f) 
0 3 000000008000052c (0x0000006f) 
0 3 000000008000052c (0x0000006f) 
0 3 000000008000052c (0x0000006f) 
0 3 000000008000052c (0x0000006f) 
0 3 000000008000052c (0x0000006f) 
0 3 000000008000052c (0x0000006f) 
0 3 000000008000052c (0x0000006f) 
0 3 000000008000052c (0x0000006f) 
0 3 000000008000052c (0x0000006f) 
0 3 000000008000052c (0x0000006f) 
0 3 000000008000052c (0x0000006f) 
0 3 000000008000052c (0x0000006f) 
0 3 000000008000052c (0x0000006f) 
0 3 000000008000052c (0x0000006f) 
0 3 000000008000052c (0x0000006f) 
0 3 000000008000052c (0x0000006f) 
0 3 000000008000052c (0x0000006f) 
0 3 000000008000052c (0x0000006f) 
0 3 000000008000052c (0x0000006f) 
0 3 000000008000052c (0x0000006f) 
0 3 000000008000052c (0x0000006f) 
0 3 000000008000052c (0x0000006f) 
0 3 000000008000052c (0x0000006f) 
0 3 000000008000052c (0x0000006f) 
0 3 000000008000052c (0x0000006f) 
0 3 000000008000052c (0x0000006f) 
0 3 000000008000052c (0x0000006f) 
0 3 000000008000052c (0x0000006f) 
0 3 000000008000052c (0x0000006f) 
0 3 000000008000052c (0x0000006f) 
0 3 000000008000052c (0x0000006f) 
0 3 000000008000052c (0x0000006f) 
0 3 000000008000052c (0x0000006f) 
0 3 000000008000052c (0x0000006f) 
0 3 000000008000052c (0x0000006f) 
0 3 000000008000052c (0x0000006f) 
0 3 000000008000052c (0x0000006f) 
0 3 000000008000052c (0x0000006f) 
0 3 000000008000052c (0x0000006f) 
0 3 000000008000052c (0x0000006f) 
0 3 000000008000052c (0x0000006f) 
0 3 000000008000052c (0x0000006f) 
0 3 000000008000052c (0x0000006f) 
0 3 000000008000052c (0x0000006f) 
0 3 000000008000052c (0x0000006f) 
0 3 000000008000052c (0x0000006f) 
0 3 000000008000052c (0x0000006f) 
0 3 000000008000052c (0x0000006f) 
0 3 000000008000052c (0x0000006f) 
0 3 000000008000052c (0x0000006f) 
0 3 000000008000052c (0x0000006f) 
0 3 000000008000052c (0x0000006f) 
0 3 000000008000052c (0x0000006f) 
0 3 000000008000052c (0x0000006f) 
0 3 000000008000052c (0x0000006f) 
0 3 000000008000052c (0x0000006f) 
0 3 000000008000052c (0x0000006f) 
0 3 000000008000052c (0x0000006f) 
0 3 000000008000052c (0x0000006f) 
0 3 000000008000052c (0x0000006f) 
0 3 000000008000052c (0x0000006f) 
0 3 000000008000052c (0x0000006f) 
0 3 000000008000052c (0x0000006f) 
0 3 000000008000052c (0x0000006f) 
0 3 000000008000052c (0x0000006f) 
0 3 000000008000052c (0x0000006f) 
0 3 000000008000052c (0x0000006f) 
0 3 000000008000052c (0x0000006f) 
0 3 000000008000052c (0x0000006f) 
0 3 000000008000052c (0x0000006f) 
0 3 000000008000052c (0x0000006f) 
0 3 000000008000052c (0x0000006f) 
0 3 000000008000052c (0x0000006f) 
0 3 000000008000052c (0x0000006f) 
0 3 000000008000052c (0x0000006f) 
0 3 000000008000052c (0x0000006f) 
0 3 000000008000052c (0x0000006f) 
0 3 000000008000052c (0x0000006f) 
0 3 000000008000052c (0x0000006f) 
0 3 000000008000052c (0x0000006f) 
0 3 000000008000052c (0x0000006f) 
0 3 000000008000052c (0x0000006f) 
0 3 000000008000052c (0x0000006f) 
0 3 000000008000052c (0x0000006f) 
0 3 000000008000052c (0x0000006f) 
0 3 000000008000052c (0x0000006f) 
0 3 000000008000052c (0x0000006f) 
0 3 000000008000052c (0x0000006f) 
0 3 000000008000052c (0x0000006f) 
0 3 000000008000052c (0x0000006f) 
0 3 000000008000052c (0x0000006f) 
0 3 000000008000052c (0x0000006f) 
0 3 000000008000052c (0x0000006f) 
0 3 000000008000052c (0x0000006f) 
0 3 000000008000052c (0x0000006f) 
0 3 000000008000052c (0x0000006f) 
0 3 000000008000052c (0x0000006f) 
0 3 000000008000052c (0x0000006f) 
0 3 000000008000052c (0x0000006f) 
0 3 000000008000052c (0x0000006f) 
0 3 000000008000052c (0x0000006f) 
0 3 000000008000052c (0x0000006f) 
0 3 000000008000052c (0x0000006f) 
0 3 000000008000052c (0x0000006f) 
0 3 000000008000052c (0x0000006f) 
0 3 000000008000052c (0x0000006f) 
0 3 000000008000052c (0x0000006f) 
0 3 000000008000052c (0x0000006f) 
0 3 000000008000052c (0x0000006f) 
0 3 000000008000052c (0x0000006f) 
0 3 000000008000052c (0x0000006f) 
0 3 000000008000052c (0x0000006f) 
0 3 000000008000052c (0x0000006f) 
0 3 000000008000052c (0x0000006f) 
0 3 000000008000052c (0x0000006f) 
0 3 000000008000052c (0x0000006f) 
0 3 000000008000052c (0x0000006f) 
0 3 000000008000052c (0x0000006f) 
0 3 000000008000052c (0x0000006f) 
0 3 000000008000052c (0x0000006f) 
0 3 000000008000052c (0x0000006f) 
0 3 000000008000052c (0x0000006f) 
0 3 000000008000052c (0x0000006f) 
0 3 000000008000052c (0x0000006f) 
0 3 000000008000052c (0x0000006f) 
0 3 000000008000052c (0x0000006f) 
0 3 000000008000052c (0x0000006f) 
0 3 000000008000052c (0x0000006f) 
0 3 000000008000052c (0x0000006f) 
0 3 000000008000052c (0x0000006f) 
0 3 000000008000052c (0x0000006f) 
0 3 000000008000052c (0x0000006f) 
0 3 000000008000052c (0x0000006f) 
0 3 000000008000052c (0x0000006f) 
0 3 000000008000052c (0x0000006f) 
0 3 000000008000052c (0x0000006f) 
0 3 000000008000052c (0x0000006f) 
0 3 000000008000052c (0x0000006f) 
0 3 000000008000052c (0x0000006f) 
0 3 000000008000052c (0x0000006f) 
0 3 000000008000052c (0x0000006f) 
0 3 000000008000052c (0x0000006f) 
0 3 000000008000052c (0x0000006f) 
0 3 000000008000052c (0x0000006f) 
0 3 000000008000052c (0x0000006f) 
0 3 000000008000052c (0x0000006f) 
0 3 000000008000052c (0x0000006f) 
0 3 000000008000052c (0x0000006f) 
0 3 000000008000052c (0x0000006f) 
0 3 000000008000052c (0x0000006f) 
0 3 000000008000052c (0x0000006f) 
0 3 000000008000052c (0x0000006f) 
0 3 000000008000052c (0x0000006f) 
0 3 000000008000052c (0x0000006f) 
0 3 000000008000052c (0x0000006f) 
0 3 000000008000052c (0x0000006f) 
0 3 000000008000052c (0x0000006f) 
0 3 000000008000052c (0x0000006f) 
0 3 000000008000052c (0x0000006f) 
0 3 000000008000052c (0x0000006f) 
0 3 000000008000052c (0x0000006f) 
0 3 000000008000052c (0x0000006f) 
0 3 000000008000052c (0x0000006f) 
0 3 000000008000052c (0x0000006f) 
0 3 000000008000052c (0x0000006f) 
0 3 000000008000052c (0x0000006f) 
0 3 000000008000052c (0x0000006f) 
0 3 000000008000052c (0x0000006f) 
0 3 000000008000052c (0x0000006f) 
0 3 000000008000052c (0x0000006f) 
0 3 000000008000052c (0x0000006f) 
0 3 000000008000052c (0x0000006f) 
0 3 000000008000052c (0x0000006f) 
0 3 000000008000052c (0x0000006f) 
0 3 000000008000052c (0x0000006f) 
0 3 000000008000052c (0x0000006f) 
0 3 000000008000052c (0x0000006f) 
0 3 000000008000052c (0x0000006f) 
0 3 000000008000052c (0x0000006f) 
0 3 000000008000052c (0x0000006f) 
0 3 000000008000052c (0x0000006f) 
0 3 000000008000052c (0x0000006f) 
0 3 000000008000052c (0x0000006f) 
0 3 000000008000052c (0x0000006f) 
0 3 000000008000052c (0x0000006f) 
0 3 000000008000052c (0x0000006f) 
0 3 000000008000052c (0x0000006f) 
0 3 000000008000052c (0x0000006f) 
0 3 000000008000052c (0x0000006f) 
0 3 000000008000052c (0x0000006f) 
0 3 000000008000052c (0x0000006f) 
0 3 000000008000052c (0x0000006f) 
0 3 000000008000052c (0x0000006f) 
0 3 000000008000052c (0x0000006f) 
0 3 000000008000052c (0x0000006f) 
0 3 000000008000052c (0x0000006f) 
0 3 000000008000052c (0x0000006f) 
0 3 000000008000052c (0x0000006f) 
0 3 000000008000052c (0x0000006f) 
0 3 000000008000052c (0x0000006f) 
0 3 000000008000052c (0x0000006f) 
0 3 000000008000052c (0x0000006f) 
0 3 000000008000052c (0x0000006f) 
0 3 000000008000052c (0x0000006f) 
0 3 000000008000052c (0x0000006f) 
0 3 000000008000052c (0x0000006f) 
0 3 000000008000052c (0x0000006f) 
0 3 000000008000052c (0x0000006f) 
0 3 000000008000052c (0x0000006f) 
0 3 000000008000052c (0x0000006f) 
0 3 000000008000052c (0x0000006f) 
0 3 000000008000052c (0x0000006f) 
0 3 000000008000052c (0x0000006f) 
0 3 000000008000052c (0x0000006f) 
0 3 000000008000052c (0x0000006f) 
0 3 000000008000052c (0x0000006f) 
0 3 000000008000052c (0x0000006f) 
0 3 000000008000052c (0x0000006f) 
0 3 000000008000052c (0x0000006f) 
0 3 000000008000052c (0x0000006f) 
0 3 000000008000052c (0x0000006f) 
0 3 000000008000052c (0x0000006f) 
0 3 000000008000052c (0x0000006f) 
0 3 000000008000052c (0x0000006f) 
0 3 000000008000052c (0x0000006f) 
0 3 000000008000052c (0x0000006f) 
0 3 000000008000052c (0x0000006f) 
0 3 000000008000052c (0x0000006f) 
0 3 000000008000052c (0x0000006f) 
0 3 000000008000052c (0x0000006f) 
0 3 000000008000052c (0x0000006f) 
0 3 000000008000052c (0x0000006f) 
0 3 000000008000052c (0x0000006f) 
0 3 000000008000052c (0x0000006f) 
0 3 000000008000052c (0x0000006f) 
0 3 000000008000052c (0x0000006f) 
0 3 000000008000052c (0x0000006f) 
0 3 000000008000052c (0x0000006f) 
0 3 000000008000052c (0x0000006f) 
0 3 000000008000052c (0x0000006f) 
0 3 000000008000052c (0x0000006f) 
0 3 000000008000052c (0x0000006f) 
0 3 000000008000052c (0x0000006f) 
0 3 000000008000052c (0x0000006f) 
0 3 000000008000052c (0x0000006f) 
0 3 000000008000052c (0x0000006f) 
0 3 000000008000052c (0x0000006f) 
0 3 000000008000052c (0x0000006f) 
0 3 000000008000052c (0x0000006f) 
0 3 000000008000052c (0x0000006f) 
0 3 000000008000052c (0x0000006f) 
0 3 000000008000052c (0x0000006f) 
0 3 000000008000052c (0x0000006f) 
0 3 000000008000052c (0x0000006f) 
0 3 000000008000052c (0x0000006f) 
0 3 000000008000052c (0x0000006f) 
0 3 000000008000052c (0x0000006f) 
0 3 000000008000052c (0x0000006f) 
0 3 000000008000052c (0x0000006f) 
0 3 000000008000052c (0x0000006f) 
0 3 000000008000052c (0x0000006f) 
0 3 000000008000052c (0x0000006f) 
0 3 000000008000052c (0x0000006f) 
0 3 000000008000052c (0x0000006f) 
0 3 000000008000052c (0x0000006f) 
0 3 000000008000052c (0x0000006f) 
0 3 000000008000052c (0x0000006f) 
0 3 000000008000052c (0x0000006f) 
0 3 000000008000052c (0x0000006f) 
0 3 000000008000052c (0x0000006f) 
0 3 000000008000052c (0x0000006f) 
0 3 000000008000052c (0x0000006f) 
0 3 000000008000052c (0x0000006f) 
0 3 000000008000052c (0x0000006f) 
0 3 000000008000052c (0x0000006f) 
0 3 000000008000052c (0x0000006f) 
0 3 000000008000052c (0x0000006f) 
0 3 000000008000052c (0x0000006f) 
0 3 000000008000052c (0x0000006f) 
0 3 000000008000052c (0x0000006f) 
0 3 000000008000052c (0x0000006f) 
0 3 000000008000052c (0x0000006f) 
0 3 000000008000052c (0x0000006f) 
0 3 000000008000052c (0x0000006f) 
0 3 000000008000052c (0x0000006f) 
0 3 000000008000052c (0x0000006f) 
0 3 000000008000052c (0x0000006f) 
0 3 000000008000052c (0x0000006f) 
0 3 000000008000052c (0x0000006f) 
0 3 000000008000052c (0x0000006f) 
0 3 000000008000052c (0x0000006f) 
0 3 000000008000052c (0x0000006f) 
0 3 000000008000052c (0x0000006f) 
0 3 000000008000052c (0x0000006f) 
0 3 000000008000052c (0x0000006f) 
0 3 000000008000052c (0x0000006f) 
0 3 000000008000052c (0x0000006f) 
0 3 000000008000052c (0x0000006f) 
0 3 000000008000052c (0x0000006f) 
0 3 000000008000052c (0x0000006f) 
0 3 000000008000052c (0x0000006f) 
0 3 000000008000052c (0x0000006f) 
0 3 000000008000052c (0x0000006f) 
0 3 000000008000052c (0x0000006f) 
0 3 000000008000052c (0x0000006f) 
0 3 000000008000052c (0x0000006f) 
0 3 000000008000052c (0x0000006f) 
0 3 000000008000052c (0x0000006f) 
0 3 000000008000052c (0x0000006f) 
0 3 000000008000052c (0x0000006f) 
0 3 000000008000052c (0x0000006f) 
0 3 000000008000052c (0x0000006f) 
0 3 000000008000052c (0x0000006f) 
0 3 000000008000052c (0x0000006f) 
0 3 000000008000052c (0x0000006f) 
0 3 000000008000052c (0x0000006f) 
0 3 000000008000052c (0x0000006f) 
0 3 000000008000052c (0x0000006f) 
0 3 000000008000052c (0x0000006f) 
0 3 000000008000052c (0x0000006f) 
0 3 000000008000052c (0x0000006f) 
0 3 000000008000052c (0x0000006f) 
0 3 000000008000052c (0x0000006f) 
0 3 000000008000052c (0x0000006f) 
0 3 000000008000052c (0x0000006f) 
0 3 000000008000052c (0x0000006f) 
0 3 000000008000052c (0x0000006f) 
0 3 000000008000052c (0x0000006f) 
0 3 000000008000052c (0x0000006f) 
0 3 000000008000052c (0x0000006f) 
0 3 000000008000052c (0x0000006f) 
0 3 000000008000052c (0x0000006f) 
0 3 000000008000052c (0x0000006f) 
0 3 000000008000052c (0x0000006f) 
0 3 000000008000052c (0x0000006f) 
0 3 000000008000052c (0x0000006f) 
0 3 000000008000052c (0x0000006f) 
0 3 000000008000052c (0x0000006f) 
0 3 000000008000052c (0x0000006f) 
0 3 000000008000052c (0x0000006f) 
0 3 000000008000052c (0x0000006f) 
0 3 000000008000052c (0x0000006f) 
0 3 000000008000052c (0x0000006f) 
0 3 000000008000052c (0x0000006f) 
0 3 000000008000052c (0x0000006f) 
0 3 000000008000052c (0x0000006f) 
0 3 000000008000052c (0x0000006f) 
0 3 000000008000052c (0x0000006f) 
0 3 000000008000052c (0x0000006f) 
0 3 000000008000052c (0x0000006f) 
0 3 000000008000052c (0x0000006f) 
0 3 000000008000052c (0x0000006f) 
0 3 000000008000052c (0x0000006f) 
0 3 000000008000052c (0x0000006f) 
0 3 000000008000052c (0x0000006f) 
0 3 000000008000052c (0x0000006f) 
0 3 000000008000052c (0x0000006f) 
0 3 000000008000052c (0x0000006f) 
0 3 000000008000052c (0x0000006f) 
0 3 000000008000052c (0x0000006f) 
0 3 000000008000052c (0x0000006f) 
0 3 000000008000052c (0x0000006f) 
0 3 000000008000052c (0x0000006f) 
0 3 000000008000052c (0x0000006f) 
0 3 000000008000052c (0x0000006f) 
0 3 000000008000052c (0x0000006f) 
0 3 000000008000052c (0x0000006f) 
0 3 000000008000052c (0x0000006f) 
0 3 000000008000052c (0x0000006f) 
0 3 000000008000052c (0x0000006f) 
0 3 000000008000052c (0x0000006f) 
0 3 000000008000052c (0x0000006f) 
0 3 000000008000052c (0x0000006f) 
0 3 000000008000052c (0x0000006f) 
0 3 000000008000052c (0x0000006f) 
0 3 000000008000052c (0x0000006f) 
0 3 000000008000052c (0x0000006f) 
0 3 000000008000052c (0x0000006f) 
0 3 000000008000052c (0x0000006f) 
0 3 000000008000052c (0x0000006f) 
0 3 000000008000052c (0x0000006f) 
0 3 000000008000052c (0x0000006f) 
0 3 000000008000052c (0x0000006f) 
0 3 000000008000052c (0x0000006f) 
0 3 000000008000052c (0x0000006f) 
0 3 000000008000052c (0x0000006f) 
0 3 000000008000052c (0x0000006f) 
0 3 000000008000052c (0x0000006f) 
0 3 000000008000052c (0x0000006f) 
0 3 000000008000052c (0x0000006f) 
0 3 000000008000052c (0x0000006f) 
0 3 000000008000052c (0x0000006f) 
0 3 000000008000052c (0x0000006f) 
0 3 000000008000052c (0x0000006f) 
0 3 000000008000052c (0x0000006f) 
0 3 000000008000052c (0x0000006f) 
0 3 000000008000052c (0x0000006f) 
0 3 000000008000052c (0x0000006f) 
0 3 000000008000052c (0x0000006f) 
0 3 000000008000052c (0x0000006f) 
0 3 000000008000052c (0x0000006f) 
0 3 000000008000052c (0x0000006f) 
0 3 000000008000052c (0x0000006f) 
0 3 000000008000052c (0x0000006f) 
0 3 000000008000052c (0x0000006f) 
0 3 000000008000052c (0x0000006f) 
0 3 000000008000052c (0x0000006f) 
0 3 000000008000052c (0x0000006f) 
0 3 000000008000052c (0x0000006f) 
0 3 000000008000052c (0x0000006f) 
0 3 000000008000052c (0x0000006f) 
0 3 000000008000052c (0x0000006f) 
0 3 000000008000052c (0x0000006f) 
0 3 000000008000052c (0x0000006f) 
0 3 000000008000052c (0x0000006f) 
0 3 000000008000052c (0x0000006f) 
0 3 000000008000052c (0x0000006f) 
0 3 000000008000052c (0x0000006f) 
0 3 000000008000052c (0x0000006f) 
0 3 000000008000052c (0x0000006f) 
0 3 000000008000052c (0x0000006f) 
0 3 000000008000052c (0x0000006f) 
0 3 000000008000052c (0x0000006f) 
0 3 000000008000052c (0x0000006f) 
0 3 000000008000052c (0x0000006f) 
0 3 000000008000052c (0x0000006f) 
0 3 000000008000052c (0x0000006f) 
0 3 000000008000052c (0x0000006f) 
0 3 000000008000052c (0x0000006f) 
0 3 000000008000052c (0x0000006f) 
0 3 000000008000052c (0x0000006f) 
0 3 000000008000052c (0x0000006f) 
0 3 000000008000052c (0x0000006f) 
0 3 000000008000052c (0x0000006f) 
0 3 000000008000052c (0x0000006f) 
0 3 000000008000052c (0x0000006f) 
0 3 000000008000052c (0x0000006f) 
0 3 000000008000052c (0x0000006f) 
0 3 000000008000052c (0x0000006f) 
0 3 000000008000052c (0x0000006f) 
0 3 000000008000052c (0x0000006f) 
0 3 000000008000052c (0x0000006f) 
0 3 000000008000052c (0x0000006f) 
0 3 000000008000052c (0x0000006f) 
0 3 000000008000052c (0x0000006f) 
0 3 000000008000052c (0x0000006f) 
0 3 000000008000052c (0x0000006f) 
0 3 000000008000052c (0x0000006f) 
0 3 000000008000052c (0x0000006f) 
0 3 000000008000052c (0x0000006f) 
0 3 000000008000052c (0x0000006f) 
0 3 000000008000052c (0x0000006f) 
0 3 000000008000052c (0x0000006f) 
0 3 000000008000052c (0x0000006f) 
0 3 000000008000052c (0x0000006f) 
0 3 000000008000052c (0x0000006f) 
0 3 000000008000052c (0x0000006f) 
0 3 000000008000052c (0x0000006f) 
0 3 000000008000052c (0x0000006f) 
0 3 000000008000052c (0x0000006f) 
0 3 000000008000052c (0x0000006f) 
0 3 000000008000052c (0x0000006f) 
0 3 000000008000052c (0x0000006f) 
0 3 000000008000052c (0x0000006f) 
0 3 000000008000052c (0x0000006f) 
0 3 000000008000052c (0x0000006f) 
0 3 000000008000052c (0x0000006f) 
0 3 000000008000052c (0x0000006f) 
0 3 000000008000052c (0x0000006f) 
0 3 000000008000052c (0x0000006f) 
0 3 000000008000052c (0x0000006f) 
0 3 000000008000052c (0x0000006f) 
0 3 000000008000052c (0x0000006f) 
0 3 000000008000052c (0x0000006f) 
0 3 000000008000052c (0x0000006f) 
0 3 000000008000052c (0x0000006f) 
0 3 000000008000052c (0x0000006f) 
0 3 000000008000052c (0x0000006f) 
0 3 000000008000052c (0x0000006f) 
0 3 000000008000052c (0x0000006f) 
0 3 000000008000052c (0x0000006f) 
0 3 000000008000052c (0x0000006f) 
0 3 000000008000052c (0x0000006f) 
0 3 000000008000052c (0x0000006f) 
0 3 000000008000052c (0x0000006f) 
0 3 000000008000052c (0x0000006f) 
0 3 000000008000052c (0x0000006f) 
0 3 000000008000052c (0x0000006f) 
0 3 000000008000052c (0x0000006f) 
0 3 000000008000052c (0x0000006f) 
0 3 000000008000052c (0x0000006f) 
0 3 000000008000052c (0x0000006f) 
0 3 000000008000052c (0x0000006f) 
0 3 000000008000052c (0x0000006f) 
0 3 000000008000052c (0x0000006f) 
0 3 000000008000052c (0x0000006f) 
0 3 000000008000052c (0x0000006f) 
0 3 000000008000052c (0x0000006f) 
0 3 000000008000052c (0x0000006f) 
0 3 000000008000052c (0x0000006f) 
0 3 000000008000052c (0x0000006f) 
0 3 000000008000052c (0x0000006f) 
0 3 000000008000052c (0x0000006f) 
0 3 000000008000052c (0x0000006f) 
0 3 000000008000052c (0x0000006f) 
0 3 000000008000052c (0x0000006f) 
0 3 000000008000052c (0x0000006f) 
0 3 000000008000052c (0x0000006f) 
0 3 000000008000052c (0x0000006f) 
0 3 000000008000052c (0x0000006f) 
0 3 000000008000052c (0x0000006f) 
0 3 000000008000052c (0x0000006f) 
0 3 000000008000052c (0x0000006f) 
0 3 000000008000052c (0x0000006f) 
0 3 000000008000052c (0x0000006f) 
0 3 000000008000052c (0x0000006f) 
0 3 000000008000052c (0x0000006f) 
0 3 000000008000052c (0x0000006f) 
0 3 000000008000052c (0x0000006f) 
0 3 000000008000052c (0x0000006f) 
0 3 000000008000052c (0x0000006f) 
0 3 000000008000052c (0x0000006f) 
0 3 000000008000052c (0x0000006f) 
0 3 000000008000052c (0x0000006f) 
0 3 000000008000052c (0x0000006f) 
0 3 000000008000052c (0x0000006f) 
0 3 000000008000052c (0x0000006f) 
0 3 000000008000052c (0x0000006f) 
0 3 000000008000052c (0x0000006f) 
0 3 000000008000052c (0x0000006f) 
0 3 000000008000052c (0x0000006f) 
0 3 000000008000052c (0x0000006f) 
0 3 000000008000052c (0x0000006f) 
0 3 000000008000052c (0x0000006f) 
0 3 000000008000052c (0x0000006f) 
0 3 000000008000052c (0x0000006f) 
0 3 000000008000052c (0x0000006f) 
0 3 000000008000052c (0x0000006f) 
0 3 000000008000052c (0x0000006f) 
0 3 000000008000052c (0x0000006f) 
0 3 000000008000052c (0x0000006f) 
0 3 000000008000052c (0x0000006f) 
0 3 000000008000052c (0x0000006f) 
0 3 000000008000052c (0x0000006f) 
0 3 000000008000052c (0x0000006f) 
0 3 000000008000052c (0x0000006f) 
0 3 000000008000052c (0x0000006f) 
0 3 000000008000052c (0x0000006f) 
0 3 000000008000052c (0x0000006f) 
0 3 000000008000052c (0x0000006f) 
0 3 000000008000052c (0x0000006f) 
0 3 000000008000052c (0x0000006f) 
0 3 000000008000052c (0x0000006f) 
0 3 000000008000052c (0x0000006f) 
0 3 000000008000052c (0x0000006f) 
0 3 000000008000052c (0x0000006f) 
0 3 000000008000052c (0x0000006f) 
0 3 000000008000052c (0x0000006f) 
0 3 000000008000052c (0x0000006f) 
0 3 000000008000052c (0x0000006f) 
0 3 000000008000052c (0x0000006f) 
0 3 000000008000052c (0x0000006f) 
0 3 000000008000052c (0x0000006f) 
0 3 000000008000052c (0x0000006f) 
0 3 000000008000052c (0x0000006f) 
0 3 000000008000052c (0x0000006f) 
0 3 000000008000052c (0x0000006f) 
0 3 000000008000052c (0x0000006f) 
0 3 000000008000052c (0x0000006f) 
0 3 000000008000052c (0x0000006f) 
0 3 000000008000052c (0x0000006f) 
0 3 000000008000052c (0x0000006f) 
0 3 000000008000052c (0x0000006f) 
0 3 000000008000052c (0x0000006f) 
0 3 000000008000052c (0x0000006f) 
0 3 000000008000052c (0x0000006f) 
0 3 000000008000052c (0x0000006f) 
0 3 000000008000052c (0x0000006f) 
0 3 000000008000052c (0x0000006f) 
0 3 000000008000052c (0x0000006f) 
0 3 000000008000052c (0x0000006f) 
0 3 000000008000052c (0x0000006f) 
0 3 000000008000052c (0x0000006f) 
0 3 000000008000052c (0x0000006f) 
0 3 000000008000052c (0x0000006f) 
0 3 000000008000052c (0x0000006f) 
0 3 000000008000052c (0x0000006f) 
0 3 000000008000052c (0x0000006f) 
0 3 000000008000052c (0x0000006f) 
0 3 000000008000052c (0x0000006f) 
0 3 000000008000052c (0x0000006f) 
0 3 000000008000052c (0x0000006f) 
0 3 000000008000052c (0x0000006f) 
0 3 000000008000052c (0x0000006f) 
0 3 000000008000052c (0x0000006f) 
0 3 000000008000052c (0x0000006f) 
0 3 000000008000052c (0x0000006f) 
0 3 000000008000052c (0x0000006f) 
0 3 000000008000052c (0x0000006f) 
0 3 000000008000052c (0x0000006f) 
0 3 000000008000052c (0x0000006f) 
0 3 000000008000052c (0x0000006f) 
0 3 000000008000052c (0x0000006f) 
0 3 000000008000052c (0x0000006f) 
0 3 000000008000052c (0x0000006f) 
0 3 000000008000052c (0x0000006f) 
0 3 000000008000052c (0x0000006f) 
0 3 000000008000052c (0x0000006f) 
0 3 000000008000052c (0x0000006f) 
0 3 000000008000052c (0x0000006f) 
0 3 000000008000052c (0x0000006f) 
0 3 000000008000052c (0x0000006f) 
0 3 000000008000052c (0x0000006f) 
0 3 000000008000052c (0x0000006f) 
0 3 000000008000052c (0x0000006f) 
0 3 000000008000052c (0x0000006f) 
0 3 000000008000052c (0x0000006f) 
0 3 000000008000052c (0x0000006f) 
0 3 000000008000052c (0x0000006f) 
0 3 000000008000052c (0x0000006f) 
0 3 000000008000052c (0x0000006f) 
0 3 000000008000052c (0x0000006f) 
0 3 000000008000052c (0x0000006f) 
0 3 000000008000052c (0x0000006f) 
0 3 000000008000052c (0x0000006f) 
0 3 000000008000052c (0x0000006f) 
0 3 000000008000052c (0x0000006f) 
0 3 000000008000052c (0x0000006f) 
0 3 000000008000052c (0x0000006f) 
0 3 000000008000052c (0x0000006f) 
0 3 000000008000052c (0x0000006f) 
0 3 000000008000052c (0x0000006f) 
0 3 000000008000052c (0x0000006f) 
0 3 000000008000052c (0x0000006f) 
0 3 000000008000052c (0x0000006f) 
0 3 000000008000052c (0x0000006f) 
0 3 000000008000052c (0x0000006f) 
0 3 000000008000052c (0x0000006f) 
0 3 000000008000052c (0x0000006f) 
0 3 000000008000052c (0x0000006f) 
0 3 000000008000052c (0x0000006f) 
0 3 000000008000052c (0x0000006f) 
0 3 000000008000052c (0x0000006f) 
0 3 000000008000052c (0x0000006f) 
0 3 000000008000052c (0x0000006f) 
0 3 000000008000052c (0x0000006f) 
0 3 000000008000052c (0x0000006f) 
0 3 000000008000052c (0x0000006f) 
0 3 000000008000052c (0x0000006f) 
0 3 000000008000052c (0x0000006f) 
0 3 000000008000052c (0x0000006f) 
0 3 000000008000052c (0x0000006f) 
0 3 000000008000052c (0x0000006f) 
0 3 000000008000052c (0x0000006f) 
0 3 000000008000052c (0x0000006f) 
0 3 000000008000052c (0x0000006f) 
0 3 000000008000052c (0x0000006f) 
0 3 000000008000052c (0x0000006f) 
0 3 000000008000052c (0x0000006f) 
0 3 000000008000052c (0x0000006f) 
0 3 000000008000052c (0x0000006f) 
0 3 000000008000052c (0x0000006f) 
0 3 000000008000052c (0x0000006f) 
0 3 000000008000052c (0x0000006f) 
0 3 000000008000052c (0x0000006f) 
0 3 000000008000052c (0x0000006f) 
0 3 000000008000052c (0x0000006f) 
0 3 000000008000052c (0x0000006f) 
0 3 000000008000052c (0x0000006f) 
0 3 000000008000052c (0x0000006f) 
0 3 000000008000052c (0x0000006f) 
0 3 000000008000052c (0x0000006f) 
0 3 000000008000052c (0x0000006f) 
0 3 000000008000052c (0x0000006f) 
0 3 000000008000052c (0x0000006f) 
0 3 000000008000052c (0x0000006f) 
0 3 000000008000052c (0x0000006f) 
0 3 000000008000052c (0x0000006f) 
0 3 000000008000052c (0x0000006f) 
0 3 000000008000052c (0x0000006f) 
0 3 000000008000052c (0x0000006f) 
0 3 000000008000052c (0x0000006f) 
0 3 000000008000052c (0x0000006f) 
0 3 000000008000052c (0x0000006f) 
0 3 000000008000052c (0x0000006f) 
0 3 000000008000052c (0x0000006f) 
0 3 000000008000052c (0x0000006f) 
0 3 000000008000052c (0x0000006f) 
0 3 000000008000052c (0x0000006f) 
0 3 000000008000052c (0x0000006f) 
0 3 000000008000052c (0x0000006f) 
0 3 000000008000052c (0x0000006f) 
0 3 000000008000052c (0x0000006f) 
0 3 000000008000052c (0x0000006f) 
0 3 000000008000052c (0x0000006f) 
0 3 000000008000052c (0x0000006f) 
0 3 000000008000052c (0x0000006f) 
0 3 000000008000052c (0x0000006f) 
0 3 000000008000052c (0x0000006f) 
0 3 000000008000052c (0x0000006f) 
0 3 000000008000052c (0x0000006f) 
0 3 000000008000052c (0x0000006f) 
0 3 000000008000052c (0x0000006f) 
0 3 000000008000052c (0x0000006f) 
0 3 000000008000052c (0x0000006f) 
0 3 000000008000052c (0x0000006f) 
0 3 000000008000052c (0x0000006f) 
0 3 000000008000052c (0x0000006f) 
0 3 000000008000052c (0x0000006f) 
0 3 000000008000052c (0x0000006f) 
0 3 000000008000052c (0x0000006f) 
0 3 000000008000052c (0x0000006f) 
0 3 000000008000052c (0x0000006f) 
0 3 000000008000052c (0x0000006f) 
0 3 000000008000052c (0x0000006f) 
0 3 000000008000052c (0x0000006f) 
0 3 000000008000052c (0x0000006f) 
0 3 000000008000052c (0x0000006f) 
0 3 000000008000052c (0x0000006f) 
0 3 000000008000052c (0x0000006f) 
0 3 000000008000052c (0x0000006f) 
0 3 000000008000052c (0x0000006f) 
0 3 000000008000052c (0x0000006f) 
0 3 000000008000052c (0x0000006f) 
0 3 000000008000052c (0x0000006f) 
0 3 000000008000052c (0x0000006f) 
0 3 000000008000052c (0x0000006f) 
0 3 000000008000052c (0x0000006f) 
0 3 000000008000052c (0x0000006f) 
0 3 000000008000052c (0x0000006f) 
0 3 000000008000052c (0x0000006f) 
0 3 000000008000052c (0x0000006f) 
0 3 000000008000052c (0x0000006f) 
0 3 000000008000052c (0x0000006f) 
0 3 000000008000052c (0x0000006f) 
0 3 000000008000052c (0x0000006f) 
0 3 000000008000052c (0x0000006f) 
0 3 000000008000052c (0x0000006f) 
0 3 000000008000052c (0x0000006f) 
0 3 000000008000052c (0x0000006f) 
0 3 000000008000052c (0x0000006f) 
0 3 000000008000052c (0x0000006f) 
0 3 000000008000052c (0x0000006f) 
0 3 000000008000052c (0x0000006f) 
0 3 000000008000052c (0x0000006f) 
0 3 000000008000052c (0x0000006f) 
0 3 000000008000052c (0x0000006f) 
0 3 000000008000052c (0x0000006f) 
0 3 000000008000052c (0x0000006f) 
0 3 000000008000052c (0x0000006f) 
0 3 000000008000052c (0x0000006f) 
0 3 000000008000052c (0x0000006f) 
0 3 000000008000052c (0x0000006f) 
0 3 000000008000052c (0x0000006f) 
0 3 000000008000052c (0x0000006f) 
0 3 000000008000052c (0x0000006f) 
0 3 000000008000052c (0x0000006f) 
0 3 000000008000052c (0x0000006f) 
0 3 000000008000052c (0x0000006f) 
0 3 000000008000052c (0x0000006f) 
0 3 000000008000052c (0x0000006f) 
0 3 000000008000052c (0x0000006f) 
0 3 000000008000052c (0x0000006f) 
0 3 000000008000052c (0x0000006f) 
0 3 000000008000052c (0x0000006f) 
0 3 000000008000052c (0x0000006f) 
0 3 000000008000052c (0x0000006f) 
0 3 000000008000052c (0x0000006f) 
0 3 000000008000052c (0x0000006f) 
0 3 000000008000052c (0x0000006f) 
0 3 000000008000052c (0x0000006f) 
0 3 000000008000052c (0x0000006f) 
0 3 000000008000052c (0x0000006f) 
0 3 000000008000052c (0x0000006f) 
0 3 000000008000052c (0x0000006f) 
0 3 000000008000052c (0x0000006f) 
0 3 000000008000052c (0x0000006f) 
0 3 000000008000052c (0x0000006f) 
0 3 000000008000052c (0x0000006f) 
0 3 000000008000052c (0x0000006f) 
0 3 000000008000052c (0x0000006f) 
0 3 000000008000052c (0x0000006f) 
0 3 000000008000052c (0x0000006f) 
0 3 000000008000052c (0x0000006f) 
0 3 000000008000052c (0x0000006f) 
0 3 000000008000052c (0x0000006f) 
0 3 000000008000052c (0x0000006f) 
0 3 000000008000052c (0x0000006f) 
0 3 000000008000052c (0x0000006f) 
0 3 000000008000052c (0x0000006f) 
0 3 000000008000052c (0x0000006f) 
0 3 000000008000052c (0x0000006f) 
0 3 000000008000052c (0x0000006f) 
0 3 000000008000052c (0x0000006f) 
0 3 000000008000052c (0x0000006f) 
0 3 000000008000052c (0x0000006f) 
0 3 000000008000052c (0x0000006f) 
0 3 000000008000052c (0x0000006f) 
0 3 000000008000052c (0x0000006f) 
0 3 000000008000052c (0x0000006f) 
0 3 000000008000052c (0x0000006f) 
0 3 000000008000052c (0x0000006f) 
0 3 000000008000052c (0x0000006f) 
0 3 000000008000052c (0x0000006f) 
0 3 000000008000052c (0x0000006f) 
0 3 000000008000052c (0x0000006f) 
0 3 000000008000052c (0x0000006f) 
0 3 000000008000052c (0x0000006f) 
0 3 000000008000052c (0x0000006f) 
0 3 000000008000052c (0x0000006f) 
0 3 000000008000052c (0x0000006f) 
0 3 000000008000052c (0x0000006f) 
0 3 000000008000052c (0x0000006f) 
0 3 000000008000052c (0x0000006f) 
0 3 000000008000052c (0x0000006f) 
0 3 000000008000052c (0x0000006f) 
0 3 000000008000052c (0x0000006f) 
0 3 000000008000052c (0x0000006f) 
0 3 000000008000052c (0x0000006f) 
0 3 000000008000052c (0x0000006f) 
0 3 000000008000052c (0x0000006f) 
0 3 000000008000052c (0x0000006f) 
0 3 000000008000052c (0x0000006f) 
0 3 000000008000052c (0x0000006f) 
0 3 000000008000052c (0x0000006f) 
0 3 000000008000052c (0x0000006f) 
0 3 000000008000052c (0x0000006f) 
0 3 000000008000052c (0x0000006f) 
0 3 000000008000052c (0x0000006f) 
0 3 000000008000052c (0x0000006f) 
0 3 000000008000052c (0x0000006f) 
0 3 000000008000052c (0x0000006f) 
0 3 000000008000052c (0x0000006f) 
0 3 000000008000052c (0x0000006f) 
0 3 000000008000052c (0x0000006f) 
0 3 000000008000052c (0x0000006f) 
0 3 000000008000052c (0x0000006f) 
0 3 000000008000052c (0x0000006f) 
0 3 000000008000052c (0x0000006f) 
0 3 000000008000052c (0x0000006f) 
0 3 000000008000052c (0x0000006f) 
0 3 000000008000052c (0x0000006f) 
0 3 000000008000052c (0x0000006f) 
0 3 000000008000052c (0x0000006f) 
0 3 000000008000052c (0x0000006f) 
0 3 000000008000052c (0x0000006f) 
0 3 000000008000052c (0x0000006f) 
0 3 000000008000052c (0x0000006f) 
0 3 000000008000052c (0x0000006f) 
0 3 000000008000052c (0x0000006f) 
0 3 000000008000052c (0x0000006f) 
0 3 000000008000052c (0x0000006f) 
0 3 000000008000052c (0x0000006f) 
0 3 000000008000052c (0x0000006f) 
0 3 000000008000052c (0x0000006f) 
0 3 000000008000052c (0x0000006f) 
0 3 000000008000052c (0x0000006f) 
0 3 000000008000052c (0x0000006f) 
0 3 000000008000052c (0x0000006f) 
0 3 000000008000052c (0x0000006f) 
0 3 000000008000052c (0x0000006f) 
0 3 000000008000052c (0x0000006f) 
0 3 000000008000052c (0x0000006f) 
0 3 000000008000052c (0x0000006f) 
0 3 000000008000052c (0x0000006f) 
0 3 000000008000052c (0x0000006f) 
0 3 000000008000052c (0x0000006f) 
0 3 000000008000052c (0x0000006f) 
0 3 000000008000052c (0x0000006f) 
0 3 000000008000052c (0x0000006f) 
0 3 000000008000052c (0x0000006f) 
0 3 000000008000052c (0x0000006f) 
0 3 000000008000052c (0x0000006f) 
0 3 000000008000052c (0x0000006f) 
0 3 000000008000052c (0x0000006f) 
0 3 000000008000052c (0x0000006f) 
0 3 000000008000052c (0x0000006f) 
0 3 000000008000052c (0x0000006f) 
0 3 000000008000052c (0x0000006f) 
0 3 000000008000052c (0x0000006f) 
0 3 000000008000052c (0x0000006f) 
0 3 000000008000052c (0x0000006f) 
0 3 000000008000052c (0x0000006f) 
0 3 000000008000052c (0x00000000) exception (8000000000000007) -> 0x0080000340
0 3 0000000080000340 (0xeb010113) x02 0000000081026e80
0 3 0000000080000342 (0x14113423) 
0 3 0000000080000344 (0x14513023) 
0 3 0000000080000346 (0x003022f3) x05 0000000000000000
0 3 000000008000034a (0x12512c23) 
0 3 000000008000034e (0x12613823) 
0 3 0000000080000350 (0x12713423) 
0 3 0000000080000352 (0x12813023) 
0 3 0000000080000354 (0x10a13c23) 
0 3 0000000080000356 (0x10b13823) 
0 3 0000000080000358 (0x10c13423) 
0 3 000000008000035a (0x10d13023) 
0 3 000000008000035c (0x0ee13c23) 
0 3 000000008000035e (0x0ef13823) 
0 3 0000000080000360 (0x0f013423) 
0 3 0000000080000362 (0x0f113023) 
0 3 0000000080000364 (0x0dc13c23) 
0 3 0000000080000366 (0x0dd13823) 
0 3 0000000080000368 (0x0de13423) 
0 3 000000008000036a (0x0df13023) 
0 3 000000008000036c (0x0a013427) 
0 3 000000008000036e (0x0a113027) 
0 3 0000000080000370 (0x08213c27) 
0 3 0000000080000372 (0x08313827) 
0 3 0000000080000374 (0x08413427) 
0 3 0000000080000376 (0x08513027) 
0 3 0000000080000378 (0x06613c27) 
0 3 000000008000037a (0x06713827) 
0 3 000000008000037c (0x06a13427) 
0 3 000000008000037e (0x06b13027) 
0 3 0000000080000380 (0x04c13c27) 
0 3 0000000080000382 (0x04d13827) 
0 3 0000000080000384 (0x04e13427) 
0 3 0000000080000386 (0x04f13027) 
0 3 0000000080000388 (0x03013c27) 
0 3 000000008000038a (0x03113827) 
0 3 000000008000038c (0x03c13427) 
0 3 000000008000038e (0x03d13027) 
0 3 0000000080000390 (0x01e13c27) 
0 3 0000000080000392 (0x01f13827) 
0 3 0000000080000394 (0x15010413) x08 0000000081026fd0
0 3 0000000080000396 (0x342027f3) x0f 8000000000000007
0 3 000000008000039a (0xeaf43c23) 
0 3 000000008000039e (0x00005517) x0a 000000008000539e
0 3 00000000800003a2 (0x65a50513) x0a 00000000800059f8
0 3 00000000800003a6 (0x17e050ef) x01 00000000800003aa
0 3 0000000080005524 (0xfe010113) x02 0000000081026e60
0 3 0000000080005526 (0x00113c23) 
0 3 0000000080005528 (0x00813823) 
0 3 000000008000552a (0x02010413) x08 0000000081026e80
0 3 000000008000552c (0xfea43423) 
0 3 0000000080005530 (0x01c0006f) 
0 3 000000008000554c (0xfe843783) x0f 00000000800059f8
0 3 0000000080005550 (0x0007c783) x0f 0000000000000049
0 3 0000000080005554 (0xfc079fe3) 
0 3 0000000080005532 (0xfe843783) x0f 00000000800059f8
0 3 0000000080005536 (0x0007c783) x0f 0000000000000049
0 3 000000008000553a (0x0007879b) x0f 0000000000000049
0 3 000000008000553c (0x00f00533) x0a 0000000000000049
0 3 000000008000553e (0xf5fff0ef) x01 0000000080005542
0 3 000000008000549c (0xfe010113) x02 0000000081026e40
0 3 000000008000549e (0x00813c23) 
0 3 00000000800054a0 (0x02010413) x08 0000000081026e60
0 3 00000000800054a2 (0x00a007b3) x0f 0000000000000049
0 3 00000000800054a4 (0xfef42623) 
0 3 00000000800054a8 (0x001017b7) x0f 0000000000101000
0 3 00000000800054ac (0xfec42703) x0e 0000000000000049
0 3 00000000800054b0 (0x0ff77713) x0e 0000000000000049
0 3 00000000800054b4 (0x00e78023) 
0 3 00000000800054b8 (0x00000013) 
0 3 00000000800054ba (0x01813403) x08 0000000081026e80
0 3 00000000800054bc (0x02010113) x02 0000000081026e60
0 3 00000000800054be (0x00008067) 
0 3 0000000080005542 (0xfe843783) x0f 00000000800059f8
0 3 0000000080005546 (0x00178793) x0f 00000000800059f9
0 3 0000000080005548 (0xfef43423) 
0 3 000000008000554c (0xfe843783) x0f 00000000800059f9
0 3 0000000080005550 (0x0007c783) x0f 000000000000006e
0 3 0000000080005554 (0xfc079fe3) 
0 3 0000000080005532 (0xfe843783) x0f 00000000800059f9
0 3 0000000080005536 (0x0007c783) x0f 000000000000006e
0 3 000000008000553a (0x0007879b) x0f 000000000000006e
0 3 000000008000553c (0x00f00533) x0a 000000000000006e
0 3 000000008000553e (0xf5fff0ef) x01 0000000080005542
0 3 000000008000549c (0xfe010113) x02 0000000081026e40
0 3 000000008000549e (0x00813c23) 
0 3 00000000800054a0 (0x02010413) x08 0000000081026e60
0 3 00000000800054a2 (0x00a007b3) x0f 000000000000006e
0 3 00000000800054a4 (0xfef42623) 
0 3 00000000800054a8 (0x001017b7) x0f 0000000000101000
0 3 00000000800054ac (0xfec42703) x0e 000000000000006e
0 3 00000000800054b0 (0x0ff77713) x0e 000000000000006e
0 3 00000000800054b4 (0x00e78023) 
0 3 00000000800054b8 (0x00000013) 
0 3 00000000800054ba (0x01813403) x08 0000000081026e80
0 3 00000000800054bc (0x02010113) x02 0000000081026e60
0 3 00000000800054be (0x00008067) 
0 3 0000000080005542 (0xfe843783) x0f 00000000800059f9
0 3 0000000080005546 (0x00178793) x0f 00000000800059fa
0 3 0000000080005548 (0xfef43423) 
0 3 000000008000554c (0xfe843783) x0f 00000000800059fa
0 3 0000000080005550 (0x0007c783) x0f 0000000000000074
0 3 0000000080005554 (0xfc079fe3) 
0 3 0000000080005532 (0xfe843783) x0f 00000000800059fa
0 3 0000000080005536 (0x0007c783) x0f 0000000000000074
0 3 000000008000553a (0x0007879b) x0f 0000000000000074
0 3 000000008000553c (0x00f00533) x0a 0000000000000074
0 3 000000008000553e (0xf5fff0ef) x01 0000000080005542
0 3 000000008000549c (0xfe010113) x02 0000000081026e40
0 3 000000008000549e (0x00813c23) 
0 3 00000000800054a0 (0x02010413) x08 0000000081026e60
0 3 00000000800054a2 (0x00a007b3) x0f 0000000000000074
0 3 00000000800054a4 (0xfef42623) 
0 3 00000000800054a8 (0x001017b7) x0f 0000000000101000
0 3 00000000800054ac (0xfec42703) x0e 0000000000000074
0 3 00000000800054b0 (0x0ff77713) x0e 0000000000000074
0 3 00000000800054b4 (0x00e78023) 
0 3 00000000800054b8 (0x00000013) 
0 3 00000000800054ba (0x01813403) x08 0000000081026e80
0 3 00000000800054bc (0x02010113) x02 0000000081026e60
0 3 00000000800054be (0x00008067) 
0 3 0000000080005542 (0xfe843783) x0f 00000000800059fa
0 3 0000000080005546 (0x00178793) x0f 00000000800059fb
0 3 0000000080005548 (0xfef43423) 
0 3 000000008000554c (0xfe843783) x0f 00000000800059fb
0 3 0000000080005550 (0x0007c783) x0f 0000000000000065
0 3 0000000080005554 (0xfc079fe3) 
0 3 0000000080005532 (0xfe843783) x0f 00000000800059fb
0 3 0000000080005536 (0x0007c783) x0f 0000000000000065
0 3 000000008000553a (0x0007879b) x0f 0000000000000065
0 3 000000008000553c (0x00f00533) x0a 0000000000000065
0 3 000000008000553e (0xf5fff0ef) x01 0000000080005542
0 3 000000008000549c (0xfe010113) x02 0000000081026e40
0 3 000000008000549e (0x00813c23) 
0 3 00000000800054a0 (0x02010413) x08 0000000081026e60
0 3 00000000800054a2 (0x00a007b3) x0f 0000000000000065
0 3 00000000800054a4 (0xfef42623) 
0 3 00000000800054a8 (0x001017b7) x0f 0000000000101000
0 3 00000000800054ac (0xfec42703) x0e 0000000000000065
0 3 00000000800054b0 (0x0ff77713) x0e 0000000000000065
0 3 00000000800054b4 (0x00e78023) 
0 3 00000000800054b8 (0x00000013) 
0 3 00000000800054ba (0x01813403) x08 0000000081026e80
0 3 00000000800054bc (0x02010113) x02 0000000081026e60
0 3 00000000800054be (0x00008067) 
0 3 0000000080005542 (0xfe843783) x0f 00000000800059fb
0 3 0000000080005546 (0x00178793) x0f 00000000800059fc
0 3 0000000080005548 (0xfef43423) 
0 3 000000008000554c (0xfe843783) x0f 00000000800059fc
0 3 0000000080005550 (0x0007c783) x0f 0000000000000072
0 3 0000000080005554 (0xfc079fe3) 
0 3 0000000080005532 (0xfe843783) x0f 00000000800059fc
0 3 0000000080005536 (0x0007c783) x0f 0000000000000072
0 3 000000008000553a (0x0007879b) x0f 0000000000000072
0 3 000000008000553c (0x00f00533) x0a 0000000000000072
0 3 000000008000553e (0xf5fff0ef) x01 0000000080005542
0 3 000000008000549c (0xfe010113) x02 0000000081026e40
0 3 000000008000549e (0x00813c23) 
0 3 00000000800054a0 (0x02010413) x08 0000000081026e60
0 3 00000000800054a2 (0x00a007b3) x0f 0000000000000072
0 3 00000000800054a4 (0xfef42623) 
0 3 00000000800054a8 (0x001017b7) x0f 0000000000101000
0 3 00000000800054ac (0xfec42703) x0e 0000000000000072
0 3 00000000800054b0 (0x0ff77713) x0e 0000000000000072
0 3 00000000800054b4 (0x00e78023) 
0 3 00000000800054b8 (0x00000013) 
0 3 00000000800054ba (0x01813403) x08 0000000081026e80
0 3 00000000800054bc (0x02010113) x02 0000000081026e60
0 3 00000000800054be (0x00008067) 
0 3 0000000080005542 (0xfe843783) x0f 00000000800059fc
0 3 0000000080005546 (0x00178793) x0f 00000000800059fd
0 3 0000000080005548 (0xfef43423) 
0 3 000000008000554c (0xfe843783) x0f 00000000800059fd
0 3 0000000080005550 (0x0007c783) x0f 0000000000000072
0 3 0000000080005554 (0xfc079fe3) 
0 3 0000000080005532 (0xfe843783) x0f 00000000800059fd
0 3 0000000080005536 (0x0007c783) x0f 0000000000000072
0 3 000000008000553a (0x0007879b) x0f 0000000000000072
0 3 000000008000553c (0x00f00533) x0a 0000000000000072
0 3 000000008000553e (0xf5fff0ef) x01 0000000080005542
0 3 000000008000549c (0xfe010113) x02 0000000081026e40
0 3 000000008000549e (0x00813c23) 
0 3 00000000800054a0 (0x02010413) x08 0000000081026e60
0 3 00000000800054a2 (0x00a007b3) x0f 0000000000000072
0 3 00000000800054a4 (0xfef42623) 
0 3 00000000800054a8 (0x001017b7) x0f 0000000000101000
0 3 00000000800054ac (0xfec42703) x0e 0000000000000072
0 3 00000000800054b0 (0x0ff77713) x0e 0000000000000072
0 3 00000000800054b4 (0x00e78023) 
0 3 00000000800054b8 (0x00000013) 
0 3 00000000800054ba (0x01813403) x08 0000000081026e80
0 3 00000000800054bc (0x02010113) x02 0000000081026e60
0 3 00000000800054be (0x00008067) 
0 3 0000000080005542 (0xfe843783) x0f 00000000800059fd
0 3 0000000080005546 (0x00178793) x0f 00000000800059fe
0 3 0000000080005548 (0xfef43423) 
0 3 000000008000554c (0xfe843783) x0f 00000000800059fe
0 3 0000000080005550 (0x0007c783) x0f 0000000000000075
0 3 0000000080005554 (0xfc079fe3) 
0 3 0000000080005532 (0xfe843783) x0f 00000000800059fe
0 3 0000000080005536 (0x0007c783) x0f 0000000000000075
0 3 000000008000553a (0x0007879b) x0f 0000000000000075
0 3 000000008000553c (0x00f00533) x0a 0000000000000075
0 3 000000008000553e (0xf5fff0ef) x01 0000000080005542
0 3 000000008000549c (0xfe010113) x02 0000000081026e40
0 3 000000008000549e (0x00813c23) 
0 3 00000000800054a0 (0x02010413) x08 0000000081026e60
0 3 00000000800054a2 (0x00a007b3) x0f 0000000000000075
0 3 00000000800054a4 (0xfef42623) 
0 3 00000000800054a8 (0x001017b7) x0f 0000000000101000
0 3 00000000800054ac (0xfec42703) x0e 0000000000000075
0 3 00000000800054b0 (0x0ff77713) x0e 0000000000000075
0 3 00000000800054b4 (0x00e78023) 
0 3 00000000800054b8 (0x00000013) 
0 3 00000000800054ba (0x01813403) x08 0000000081026e80
0 3 00000000800054bc (0x02010113) x02 0000000081026e60
0 3 00000000800054be (0x00008067) 
0 3 0000000080005542 (0xfe843783) x0f 00000000800059fe
0 3 0000000080005546 (0x00178793) x0f 00000000800059ff
0 3 0000000080005548 (0xfef43423) 
0 3 000000008000554c (0xfe843783) x0f 00000000800059ff
0 3 0000000080005550 (0x0007c783) x0f 0000000000000070
0 3 0000000080005554 (0xfc079fe3) 
0 3 0000000080005532 (0xfe843783) x0f 00000000800059ff
0 3 0000000080005536 (0x0007c783) x0f 0000000000000070
0 3 000000008000553a (0x0007879b) x0f 0000000000000070
0 3 000000008000553c (0x00f00533) x0a 0000000000000070
0 3 000000008000553e (0xf5fff0ef) x01 0000000080005542
0 3 000000008000549c (0xfe010113) x02 0000000081026e40
0 3 000000008000549e (0x00813c23) 
0 3 00000000800054a0 (0x02010413) x08 0000000081026e60
0 3 00000000800054a2 (0x00a007b3) x0f 0000000000000070
0 3 00000000800054a4 (0xfef42623) 
0 3 00000000800054a8 (0x001017b7) x0f 0000000000101000
0 3 00000000800054ac (0xfec42703) x0e 0000000000000070
0 3 00000000800054b0 (0x0ff77713) x0e 0000000000000070
0 3 00000000800054b4 (0x00e78023) 
0 3 00000000800054b8 (0x00000013) 
0 3 00000000800054ba (0x01813403) x08 0000000081026e80
0 3 00000000800054bc (0x02010113) x02 0000000081026e60
0 3 00000000800054be (0x00008067) 
0 3 0000000080005542 (0xfe843783) x0f 00000000800059ff
0 3 0000000080005546 (0x00178793) x0f 0000000080005a00
0 3 0000000080005548 (0xfef43423) 
0 3 000000008000554c (0xfe843783) x0f 0000000080005a00
0 3 0000000080005550 (0x0007c783) x0f 0000000000000074
0 3 0000000080005554 (0xfc079fe3) 
0 3 0000000080005532 (0xfe843783) x0f 0000000080005a00
0 3 0000000080005536 (0x0007c783) x0f 0000000000000074
0 3 000000008000553a (0x0007879b) x0f 0000000000000074
0 3 000000008000553c (0x00f00533) x0a 0000000000000074
0 3 000000008000553e (0xf5fff0ef) x01 0000000080005542
0 3 000000008000549c (0xfe010113) x02 0000000081026e40
0 3 000000008000549e (0x00813c23) 
0 3 00000000800054a0 (0x02010413) x08 0000000081026e60
0 3 00000000800054a2 (0x00a007b3) x0f 0000000000000074
0 3 00000000800054a4 (0xfef42623) 
0 3 00000000800054a8 (0x001017b7) x0f 0000000000101000
0 3 00000000800054ac (0xfec42703) x0e 0000000000000074
0 3 00000000800054b0 (0x0ff77713) x0e 0000000000000074
0 3 00000000800054b4 (0x00e78023) 
0 3 00000000800054b8 (0x00000013) 
0 3 00000000800054ba (0x01813403) x08 0000000081026e80
0 3 00000000800054bc (0x02010113) x02 0000000081026e60
0 3 00000000800054be (0x00008067) 
0 3 0000000080005542 (0xfe843783) x0f 0000000080005a00
0 3 0000000080005546 (0x00178793) x0f 0000000080005a01
0 3 0000000080005548 (0xfef43423) 
0 3 000000008000554c (0xfe843783) x0f 0000000080005a01
0 3 0000000080005550 (0x0007c783) x0f 000000000000000a
0 3 0000000080005554 (0xfc079fe3) 
0 3 0000000080005532 (0xfe843783) x0f 0000000080005a01
0 3 0000000080005536 (0x0007c783) x0f 000000000000000a
0 3 000000008000553a (0x0007879b) x0f 000000000000000a
0 3 000000008000553c (0x00f00533) x0a 000000000000000a
0 3 000000008000553e (0xf5fff0ef) x01 0000000080005542
0 3 000000008000549c (0xfe010113) x02 0000000081026e40
0 3 000000008000549e (0x00813c23) 
0 3 00000000800054a0 (0x02010413) x08 0000000081026e60
0 3 00000000800054a2 (0x00a007b3) x0f 000000000000000a
0 3 00000000800054a4 (0xfef42623) 
0 3 00000000800054a8 (0x001017b7) x0f 0000000000101000
0 3 00000000800054ac (0xfec42703) x0e 000000000000000a
0 3 00000000800054b0 (0x0ff77713) x0e 000000000000000a
0 3 00000000800054b4 (0x00e78023) 
0 3 00000000800054b8 (0x00000013) 
0 3 00000000800054ba (0x01813403) x08 0000000081026e80
0 3 00000000800054bc (0x02010113) x02 0000000081026e60
0 3 00000000800054be (0x00008067) 
0 3 0000000080005542 (0xfe843783) x0f 0000000080005a01
0 3 0000000080005546 (0x00178793) x0f 0000000080005a02
0 3 0000000080005548 (0xfef43423) 
0 3 000000008000554c (0xfe843783) x0f 0000000080005a02
0 3 0000000080005550 (0x0007c783) x0f 0000000000000000
0 3 0000000080005554 (0xfc079fe3) 
0 3 0000000080005556 (0x00000013) 
0 3 0000000080005558 (0x00000013) 
0 3 000000008000555a (0x01813083) x01 00000000800003aa
0 3 000000008000555c (0x01013403) x08 0000000081026fd0
0 3 000000008000555e (0x02010113) x02 0000000081026e80
0 3 0000000080005560 (0x00008067) 
0 3 00000000800003aa (0xeb843783) x0f 8000000000000007
0 3 00000000800003ae (0x03f7d713) x0e 0000000000000001
0 3 00000000800003b2 (0x00100793) x0f 0000000000000001
0 3 00000000800003b4 (0x08f71b63) 
0 3 00000000800003b8 (0xeb843783) x0f 8000000000000007
0 3 00000000800003bc (0x0077f713) x0e 0000000000000007
0 3 00000000800003c0 (0x00400793) x0f 0000000000000004
0 3 00000000800003c2 (0x02f70063) 
0 3 00000000800003c6 (0xeb843783) x0f 8000000000000007
0 3 00000000800003ca (0x0077f713) x0e 0000000000000007
0 3 00000000800003ce (0x00500793) x0f 0000000000000005
0 3 00000000800003d0 (0x00f70963) 
0 3 00000000800003d4 (0xeb843783) x0f 8000000000000007
0 3 00000000800003d8 (0x0077f713) x0e 0000000000000007
0 3 00000000800003dc (0x00700793) x0f 0000000000000007
0 3 00000000800003de (0x02f71163) 
0 3 00000000800003e2 (0x00006797) x0f 00000000800063e2
0 3 00000000800003e6 (0x46678793) x0f 0000000080006848
0 3 00000000800003ea (0x0007c783) x0f 0000000000000036
0 3 00000000800003ee (0x0017879b) x0f 0000000000000037
0 3 00000000800003f0 (0x0ff7f713) x0e 0000000000000037
0 3 00000000800003f4 (0x00006797) x0f 00000000800063f4
0 3 00000000800003f8 (0x45478793) x0f 0000000080006848
0 3 00000000800003fc (0x00e78023) 
0 3 0000000080000400 (0x81818793) x0f 0000000080006858
0 3 0000000080000404 (0x0007b783) x0f 000000000030bff8
0 3 0000000080000406 (0x0007b703) x0e 00000000000063e1
0 3 0000000080000408 (0x81018793) x0f 0000000080006850
0 3 000000008000040c (0x0007b783) x0f 0000000000304000
0 3 000000008000040e (0x40070713) x0e 00000000000067e1
0 3 0000000080000412 (0x00e7b023) 
0 3 0000000080000414 (0x00006797) x0f 0000000080006414
0 3 0000000080000418 (0x43478793) x0f 0000000080006848
0 3 000000008000041c (0x0007c783) x0f 0000000000000037
0 3 0000000080000420 (0x0007879b) x0f 0000000000000037
0 3 0000000080000422 (0x00f00533) x0a 0000000000000037
0 3 0000000080000424 (0x078050ef) x01 0000000080000428
0 3 000000008000549c (0xfe010113) x02 0000000081026e60
0 3 000000008000549e (0x00813c23) 
0 3 00000000800054a0 (0x02010413) x08 0000000081026e80
0 3 00000000800054a2 (0x00a007b3) x0f 0000000000000037
0 3 00000000800054a4 (0xfef42623) 
0 3 00000000800054a8 (0x001017b7) x0f 0000000000101000
0 3 00000000800054ac (0xfec42703) x0e 0000000000000037
0 3 00000000800054b0 (0x0ff77713) x0e 0000000000000037
0 3 00000000800054b4 (0x00e78023) 
0 3 00000000800054b8 (0x00000013) 
0 3 00000000800054ba (0x01813403) x08 0000000081026fd0
0 3 00000000800054bc (0x02010113) x02 0000000081026e80
0 3 00000000800054be (0x00008067) 
0 3 0000000080000428 (0x00a00513) x0a 000000000000000a
0 3 000000008000042a (0x072050ef) x01 000000008000042e
0 3 000000008000549c (0xfe010113) x02 0000000081026e60
0 3 000000008000549e (0x00813c23) 
0 3 00000000800054a0 (0x02010413) x08 0000000081026e80
0 3 00000000800054a2 (0x00a007b3) x0f 000000000000000a
0 3 00000000800054a4 (0xfef42623) 
0 3 00000000800054a8 (0x001017b7) x0f 0000000000101000
0 3 00000000800054ac (0xfec42703) x0e 000000000000000a
0 3 00000000800054b0 (0x0ff77713) x0e 000000000000000a
0 3 00000000800054b4 (0x00e78023) 
0 3 00000000800054b8 (0x00000013) 
0 3 00000000800054ba (0x01813403) x08 0000000081026fd0
0 3 00000000800054bc (0x02010113) x02 0000000081026e80
0 3 00000000800054be (0x00008067) 
0 3 000000008000042e (0x00006797) x0f 000000008000642e
0 3 0000000080000432 (0x41a78793) x0f 0000000080006848
0 3 0000000080000436 (0x0007c783) x0f 0000000000000037
0 3 000000008000043a (0x00f00733) x0e 0000000000000037
0 3 000000008000043c (0x03800793) x0f 0000000000000038
0 3 0000000080000440 (0x02f71463) 
0 3 0000000080000468 (0x00000013) 
0 3 000000008000046a (0x14813083) x01 000000008000051c
0 3 000000008000046c (0x13812283) x05 0000000000000000
0 3 0000000080000470 (0x00329073) 
0 3 0000000080000474 (0x14013283) x05 ffffffffffffffff
0 3 0000000080000476 (0x13013303) x06 0000000080006f40
0 3 0000000080000478 (0x12813383) x07 0000000000000000
0 3 000000008000047a (0x12013403) x08 0000000081027000
0 3 000000008000047c (0x11813503) x0a 000000000000000a
0 3 000000008000047e (0x11013583) x0b 00000000800059d8
0 3 0000000080000480 (0x10813603) x0c 0000000000000000
0 3 0000000080000482 (0x10013683) x0d 0000000080000c02
0 3 0000000080000484 (0x0f813703) x0e 000000000000000a
0 3 0000000080000486 (0x0f013783) x0f 000000000000600b
0 3 0000000080000488 (0x0e813803) x10 0000000000000000
0 3 000000008000048a (0x0e013883) x11 0000000080027000
0 3 000000008000048c (0x0d813e03) x1c 0000000000000000
0 3 000000008000048e (0x0d013e83) x1d 0000000000000000
0 3 0000000080000490 (0x0c813f03) x1e 0000000000000000
0 3 0000000080000492 (0x0c013f83) x1f 0000000000000000
0 3 0000000080000494 (0x0a813007) f00 ffffffff00000000
0 3 0000000080000496 (0x0a013087) f01 ffffffff00000000
0 3 0000000080000498 (0x09813107) f02 ffffffff00000000
0 3 000000008000049a (0x09013187) f03 ffffffff00000000
0 3 000000008000049c (0x08813207) f04 ffffffff00000000
0 3 000000008000049e (0x08013287) f05 ffffffff00000000
0 3 00000000800004a0 (0x07813307) f06 ffffffff00000000
0 3 00000000800004a2 (0x07013387) f07 ffffffff00000000
0 3 00000000800004a4 (0x06813507) f0a ffffffff00000000
0 3 00000000800004a6 (0x06013587) f0b ffffffff00000000
0 3 00000000800004a8 (0x05813607) f0c ffffffff00000000
0 3 00000000800004aa (0x05013687) f0d ffffffff00000000
0 3 00000000800004ac (0x04813707) f0e ffffffff00000000
0 3 00000000800004ae (0x04013787) f0f ffffffff00000000
0 3 00000000800004b0 (0x03813807) f10 ffffffff00000000
0 3 00000000800004b2 (0x03013887) f11 ffffffff00000000
0 3 00000000800004b4 (0x02813e07) f1c ffffffff00000000
0 3 00000000800004b6 (0x02013e87) f1d ffffffff00000000
0 3 00000000800004b8 (0x01813f07) f1e ffffffff00000000
0 3 00000000800004ba (0x01013f87) f1f ffffffff00000000
0 3 00000000800004bc (0x15010113) x02 0000000081026fd0
0 3 00000000800004be (0x30200073) 
0 3 000000008000052c (0x0000006f) 
0 3 000000008000052c (0x0000006f) 
0 3 000000008000052c (0x0000006f) 
0 3 000000008000052c (0x0000006f) 
0 3 000000008000052c (0x0000006f) 
0 3 000000008000052c (0x0000006f) 
0 3 000000008000052c (0x0000006f) 
0 3 000000008000052c (0x0000006f) 
0 3 000000008000052c (0x0000006f) 
0 3 000000008000052c (0x0000006f) 
0 3 000000008000052c (0x0000006f) 
0 3 000000008000052c (0x0000006f) 
0 3 000000008000052c (0x0000006f) 
0 3 000000008000052c (0x0000006f) 
0 3 000000008000052c (0x0000006f) 
0 3 000000008000052c (0x0000006f) 
0 3 000000008000052c (0x0000006f) 
0 3 000000008000052c (0x0000006f) 
0 3 000000008000052c (0x0000006f) 
0 3 000000008000052c (0x0000006f) 
0 3 000000008000052c (0x0000006f) 
0 3 000000008000052c (0x0000006f) 
0 3 000000008000052c (0x0000006f) 
0 3 000000008000052c (0x0000006f) 
0 3 000000008000052c (0x0000006f) 
0 3 000000008000052c (0x0000006f) 
0 3 000000008000052c (0x0000006f) 
0 3 000000008000052c (0x0000006f) 
0 3 000000008000052c (0x0000006f) 
0 3 000000008000052c (0x0000006f) 
0 3 000000008000052c (0x0000006f) 
0 3 000000008000052c (0x0000006f) 
0 3 000000008000052c (0x0000006f) 
0 3 000000008000052c (0x0000006f) 
0 3 000000008000052c (0x0000006f) 
0 3 000000008000052c (0x0000006f) 
0 3 000000008000052c (0x0000006f) 
0 3 000000008000052c (0x0000006f) 
0 3 000000008000052c (0x0000006f) 
0 3 000000008000052c (0x0000006f) 
0 3 000000008000052c (0x0000006f) 
0 3 000000008000052c (0x0000006f) 
0 3 000000008000052c (0x0000006f) 
0 3 000000008000052c (0x0000006f) 
0 3 000000008000052c (0x0000006f) 
0 3 000000008000052c (0x0000006f) 
0 3 000000008000052c (0x0000006f) 
0 3 000000008000052c (0x0000006f) 
0 3 000000008000052c (0x0000006f) 
0 3 000000008000052c (0x0000006f) 
0 3 000000008000052c (0x0000006f) 
0 3 000000008000052c (0x0000006f) 
0 3 000000008000052c (0x0000006f) 
0 3 000000008000052c (0x0000006f) 
0 3 000000008000052c (0x0000006f) 
0 3 000000008000052c (0x0000006f) 
0 3 000000008000052c (0x0000006f) 
0 3 000000008000052c (0x0000006f) 
0 3 000000008000052c (0x0000006f) 
0 3 000000008000052c (0x0000006f) 
0 3 000000008000052c (0x0000006f) 
0 3 000000008000052c (0x0000006f) 
0 3 000000008000052c (0x0000006f) 
0 3 000000008000052c (0x0000006f) 
0 3 000000008000052c (0x0000006f) 
0 3 000000008000052c (0x0000006f) 
0 3 000000008000052c (0x0000006f) 
0 3 000000008000052c (0x0000006f) 
0 3 000000008000052c (0x0000006f) 
0 3 000000008000052c (0x0000006f) 
0 3 000000008000052c (0x0000006f) 
0 3 000000008000052c (0x0000006f) 
0 3 000000008000052c (0x0000006f) 
0 3 000000008000052c (0x0000006f) 
0 3 000000008000052c (0x0000006f) 
0 3 000000008000052c (0x0000006f) 
0 3 000000008000052c (0x0000006f) 
0 3 000000008000052c (0x0000006f) 
0 3 000000008000052c (0x0000006f) 
0 3 000000008000052c (0x0000006f) 
0 3 000000008000052c (0x0000006f) 
0 3 000000008000052c (0x0000006f) 
0 3 000000008000052c (0x0000006f) 
0 3 000000008000052c (0x0000006f) 
0 3 000000008000052c (0x0000006f) 
0 3 000000008000052c (0x0000006f) 
0 3 000000008000052c (0x0000006f) 
0 3 000000008000052c (0x0000006f) 
0 3 000000008000052c (0x0000006f) 
0 3 000000008000052c (0x0000006f) 
0 3 000000008000052c (0x0000006f) 
0 3 000000008000052c (0x0000006f) 
0 3 000000008000052c (0x0000006f) 
0 3 000000008000052c (0x0000006f) 
0 3 000000008000052c (0x0000006f) 
0 3 000000008000052c (0x0000006f) 
0 3 000000008000052c (0x0000006f) 
0 3 000000008000052c (0x0000006f) 
0 3 000000008000052c (0x0000006f) 
0 3 000000008000052c (0x0000006f) 
0 3 000000008000052c (0x0000006f) 
0 3 000000008000052c (0x0000006f) 
0 3 000000008000052c (0x0000006f) 
0 3 000000008000052c (0x0000006f) 
0 3 000000008000052c (0x0000006f) 
0 3 000000008000052c (0x0000006f) 
0 3 000000008000052c (0x0000006f) 
0 3 000000008000052c (0x0000006f) 
0 3 000000008000052c (0x0000006f) 
0 3 000000008000052c (0x0000006f) 
0 3 000000008000052c (0x0000006f) 
0 3 000000008000052c (0x0000006f) 
0 3 000000008000052c (0x0000006f) 
0 3 000000008000052c (0x0000006f) 
0 3 000000008000052c (0x0000006f) 
0 3 000000008000052c (0x0000006f) 
0 3 000000008000052c (0x0000006f) 
0 3 000000008000052c (0x0000006f) 
0 3 000000008000052c (0x0000006f) 
0 3 000000008000052c (0x0000006f) 
0 3 000000008000052c (0x0000006f) 
0 3 000000008000052c (0x0000006f) 
0 3 000000008000052c (0x0000006f) 
0 3 000000008000052c (0x0000006f) 
0 3 000000008000052c (0x0000006f) 
0 3 000000008000052c (0x0000006f) 
0 3 000000008000052c (0x0000006f) 
0 3 000000008000052c (0x0000006f) 
0 3 000000008000052c (0x0000006f) 
0 3 000000008000052c (0x0000006f) 
0 3 000000008000052c (0x0000006f) 
0 3 000000008000052c (0x0000006f) 
0 3 000000008000052c (0x0000006f) 
0 3 000000008000052c (0x0000006f) 
0 3 000000008000052c (0x0000006f) 
0 3 000000008000052c (0x0000006f) 
0 3 000000008000052c (0x0000006f) 
0 3 000000008000052c (0x0000006f) 
0 3 000000008000052c (0x0000006f) 
0 3 000000008000052c (0x0000006f) 
0 3 000000008000052c (0x0000006f) 
0 3 000000008000052c (0x0000006f) 
0 3 000000008000052c (0x0000006f) 
0 3 000000008000052c (0x0000006f) 
0 3 000000008000052c (0x0000006f) 
0 3 000000008000052c (0x0000006f) 
0 3 000000008000052c (0x0000006f) 
0 3 000000008000052c (0x0000006f) 
0 3 000000008000052c (0x0000006f) 
0 3 000000008000052c (0x0000006f) 
0 3 000000008000052c (0x0000006f) 
0 3 000000008000052c (0x0000006f) 
0 3 000000008000052c (0x0000006f) 
0 3 000000008000052c (0x0000006f) 
0 3 000000008000052c (0x0000006f) 
0 3 000000008000052c (0x0000006f) 
0 3 000000008000052c (0x0000006f) 
0 3 000000008000052c (0x0000006f) 
0 3 000000008000052c (0x0000006f) 
0 3 000000008000052c (0x0000006f) 
0 3 000000008000052c (0x0000006f) 
0 3 000000008000052c (0x0000006f) 
0 3 000000008000052c (0x0000006f) 
0 3 000000008000052c (0x0000006f) 
0 3 000000008000052c (0x0000006f) 
0 3 000000008000052c (0x0000006f) 
0 3 000000008000052c (0x0000006f) 
0 3 000000008000052c (0x0000006f) 
0 3 000000008000052c (0x0000006f) 
0 3 000000008000052c (0x0000006f) 
0 3 000000008000052c (0x0000006f) 
0 3 000000008000052c (0x0000006f) 
0 3 000000008000052c (0x0000006f) 
0 3 000000008000052c (0x0000006f) 
0 3 000000008000052c (0x0000006f) 
0 3 000000008000052c (0x0000006f) 
0 3 000000008000052c (0x0000006f) 
0 3 000000008000052c (0x0000006f) 
0 3 000000008000052c (0x0000006f) 
0 3 000000008000052c (0x0000006f) 
0 3 000000008000052c (0x0000006f) 
0 3 000000008000052c (0x0000006f) 
0 3 000000008000052c (0x0000006f) 
0 3 000000008000052c (0x0000006f) 
0 3 000000008000052c (0x0000006f) 
0 3 000000008000052c (0x0000006f) 
0 3 000000008000052c (0x0000006f) 
0 3 000000008000052c (0x0000006f) 
0 3 000000008000052c (0x0000006f) 
0 3 000000008000052c (0x0000006f) 
0 3 000000008000052c (0x0000006f) 
0 3 000000008000052c (0x0000006f) 
0 3 000000008000052c (0x0000006f) 
0 3 000000008000052c (0x0000006f) 
0 3 000000008000052c (0x0000006f) 
0 3 000000008000052c (0x0000006f) 
0 3 000000008000052c (0x0000006f) 
0 3 000000008000052c (0x0000006f) 
0 3 000000008000052c (0x0000006f) 
0 3 000000008000052c (0x0000006f) 
0 3 000000008000052c (0x0000006f) 
0 3 000000008000052c (0x0000006f) 
0 3 000000008000052c (0x0000006f) 
0 3 000000008000052c (0x0000006f) 
0 3 000000008000052c (0x0000006f) 
0 3 000000008000052c (0x0000006f) 
0 3 000000008000052c (0x0000006f) 
0 3 000000008000052c (0x0000006f) 
0 3 000000008000052c (0x0000006f) 
0 3 000000008000052c (0x0000006f) 
0 3 000000008000052c (0x0000006f) 
0 3 000000008000052c (0x0000006f) 
0 3 000000008000052c (0x0000006f) 
0 3 000000008000052c (0x0000006f) 
0 3 000000008000052c (0x0000006f) 
0 3 000000008000052c (0x0000006f) 
0 3 000000008000052c (0x0000006f) 
0 3 000000008000052c (0x0000006f) 
0 3 000000008000052c (0x0000006f) 
0 3 000000008000052c (0x0000006f) 
0 3 000000008000052c (0x0000006f) 
0 3 000000008000052c (0x0000006f) 
0 3 000000008000052c (0x0000006f) 
0 3 000000008000052c (0x0000006f) 
0 3 000000008000052c (0x0000006f) 
0 3 000000008000052c (0x0000006f) 
0 3 000000008000052c (0x0000006f) 
0 3 000000008000052c (0x0000006f) 
0 3 000000008000052c (0x0000006f) 
0 3 000000008000052c (0x0000006f) 
0 3 000000008000052c (0x0000006f) 
0 3 000000008000052c (0x0000006f) 
0 3 000000008000052c (0x0000006f) 
0 3 000000008000052c (0x0000006f) 
0 3 000000008000052c (0x0000006f) 
0 3 000000008000052c (0x0000006f) 
0 3 000000008000052c (0x0000006f) 
0 3 000000008000052c (0x0000006f) 
0 3 000000008000052c (0x0000006f) 
0 3 000000008000052c (0x0000006f) 
0 3 000000008000052c (0x0000006f) 
0 3 000000008000052c (0x0000006f) 
0 3 000000008000052c (0x0000006f) 
0 3 000000008000052c (0x0000006f) 
0 3 000000008000052c (0x0000006f) 
0 3 000000008000052c (0x0000006f) 
0 3 000000008000052c (0x0000006f) 
0 3 000000008000052c (0x0000006f) 
0 3 000000008000052c (0x0000006f) 
0 3 000000008000052c (0x0000006f) 
0 3 000000008000052c (0x0000006f) 
0 3 000000008000052c (0x0000006f) 
0 3 000000008000052c (0x0000006f) 
0 3 000000008000052c (0x0000006f) 
0 3 000000008000052c (0x0000006f) 
0 3 000000008000052c (0x0000006f) 
0 3 000000008000052c (0x0000006f) 
0 3 000000008000052c (0x0000006f) 
0 3 000000008000052c (0x0000006f) 
0 3 000000008000052c (0x0000006f) 
0 3 000000008000052c (0x0000006f) 
0 3 000000008000052c (0x0000006f) 
0 3 000000008000052c (0x0000006f) 
0 3 000000008000052c (0x0000006f) 
0 3 000000008000052c (0x0000006f) 
0 3 000000008000052c (0x0000006f) 
0 3 000000008000052c (0x0000006f) 
0 3 000000008000052c (0x0000006f) 
0 3 000000008000052c (0x0000006f) 
0 3 000000008000052c (0x0000006f) 
0 3 000000008000052c (0x0000006f) 
0 3 000000008000052c (0x0000006f) 
0 3 000000008000052c (0x0000006f) 
0 3 000000008000052c (0x0000006f) 
0 3 000000008000052c (0x0000006f) 
0 3 000000008000052c (0x0000006f) 
0 3 000000008000052c (0x0000006f) 
0 3 000000008000052c (0x0000006f) 
0 3 000000008000052c (0x0000006f) 
0 3 000000008000052c (0x0000006f) 
0 3 000000008000052c (0x0000006f) 
0 3 000000008000052c (0x0000006f) 
0 3 000000008000052c (0x0000006f) 
0 3 000000008000052c (0x0000006f) 
0 3 000000008000052c (0x0000006f) 
0 3 000000008000052c (0x0000006f) 
0 3 000000008000052c (0x0000006f) 
0 3 000000008000052c (0x0000006f) 
0 3 000000008000052c (0x0000006f) 
0 3 000000008000052c (0x0000006f) 
0 3 000000008000052c (0x0000006f) 
0 3 000000008000052c (0x0000006f) 
0 3 000000008000052c (0x0000006f) 
0 3 000000008000052c (0x0000006f) 
0 3 000000008000052c (0x0000006f) 
0 3 000000008000052c (0x0000006f) 
0 3 000000008000052c (0x0000006f) 
0 3 000000008000052c (0x0000006f) 
0 3 000000008000052c (0x0000006f) 
0 3 000000008000052c (0x0000006f) 
0 3 000000008000052c (0x0000006f) 
0 3 000000008000052c (0x0000006f) 
0 3 000000008000052c (0x0000006f) 
0 3 000000008000052c (0x0000006f) 
0 3 000000008000052c (0x0000006f) 
0 3 000000008000052c (0x0000006f) 
0 3 000000008000052c (0x0000006f) 
0 3 000000008000052c (0x0000006f) 
0 3 000000008000052c (0x0000006f) 
0 3 000000008000052c (0x0000006f) 
0 3 000000008000052c (0x0000006f) 
0 3 000000008000052c (0x0000006f) 
0 3 000000008000052c (0x0000006f) 
0 3 000000008000052c (0x0000006f) 
0 3 000000008000052c (0x0000006f) 
0 3 000000008000052c (0x0000006f) 
0 3 000000008000052c (0x0000006f) 
0 3 000000008000052c (0x0000006f) 
0 3 000000008000052c (0x0000006f) 
0 3 000000008000052c (0x0000006f) 
0 3 000000008000052c (0x0000006f) 
0 3 000000008000052c (0x0000006f) 
0 3 000000008000052c (0x0000006f) 
0 3 000000008000052c (0x0000006f) 
0 3 000000008000052c (0x0000006f) 
0 3 000000008000052c (0x0000006f) 
0 3 000000008000052c (0x0000006f) 
0 3 000000008000052c (0x0000006f) 
0 3 000000008000052c (0x0000006f) 
0 3 000000008000052c (0x0000006f) 
0 3 000000008000052c (0x0000006f) 
0 3 000000008000052c (0x0000006f) 
0 3 000000008000052c (0x0000006f) 
0 3 000000008000052c (0x0000006f) 
0 3 000000008000052c (0x0000006f) 
0 3 000000008000052c (0x0000006f) 
0 3 000000008000052c (0x0000006f) 
0 3 000000008000052c (0x0000006f) 
0 3 000000008000052c (0x0000006f) 
0 3 000000008000052c (0x0000006f) 
0 3 000000008000052c (0x0000006f) 
0 3 000000008000052c (0x0000006f) 
0 3 000000008000052c (0x0000006f) 
0 3 000000008000052c (0x0000006f) 
0 3 000000008000052c (0x0000006f) 
0 3 000000008000052c (0x0000006f) 
0 3 000000008000052c (0x0000006f) 
0 3 000000008000052c (0x0000006f) 
0 3 000000008000052c (0x0000006f) 
0 3 000000008000052c (0x0000006f) 
0 3 000000008000052c (0x0000006f) 
0 3 000000008000052c (0x0000006f) 
0 3 000000008000052c (0x0000006f) 
0 3 000000008000052c (0x0000006f) 
0 3 000000008000052c (0x0000006f) 
0 3 000000008000052c (0x0000006f) 
0 3 000000008000052c (0x0000006f) 
0 3 000000008000052c (0x0000006f) 
0 3 000000008000052c (0x0000006f) 
0 3 000000008000052c (0x0000006f) 
0 3 000000008000052c (0x0000006f) 
0 3 000000008000052c (0x0000006f) 
0 3 000000008000052c (0x0000006f) 
0 3 000000008000052c (0x0000006f) 
0 3 000000008000052c (0x0000006f) 
0 3 000000008000052c (0x0000006f) 
0 3 000000008000052c (0x0000006f) 
0 3 000000008000052c (0x0000006f) 
0 3 000000008000052c (0x0000006f) 
0 3 000000008000052c (0x0000006f) 
0 3 000000008000052c (0x0000006f) 
0 3 000000008000052c (0x0000006f) 
0 3 000000008000052c (0x0000006f) 
0 3 000000008000052c (0x0000006f) 
0 3 000000008000052c (0x0000006f) 
0 3 000000008000052c (0x0000006f) 
0 3 000000008000052c (0x0000006f) 
0 3 000000008000052c (0x0000006f) 
0 3 000000008000052c (0x0000006f) 
0 3 000000008000052c (0x0000006f) 
0 3 000000008000052c (0x0000006f) 
0 3 000000008000052c (0x0000006f) 
0 3 000000008000052c (0x0000006f) 
0 3 000000008000052c (0x0000006f) 
0 3 000000008000052c (0x0000006f) 
0 3 000000008000052c (0x0000006f) 
0 3 000000008000052c (0x0000006f) 
0 3 000000008000052c (0x0000006f) 
0 3 000000008000052c (0x0000006f) 
0 3 000000008000052c (0x0000006f) 
0 3 000000008000052c (0x0000006f) 
0 3 000000008000052c (0x0000006f) 
0 3 000000008000052c (0x0000006f) 
0 3 000000008000052c (0x0000006f) 
0 3 000000008000052c (0x0000006f) 
0 3 000000008000052c (0x0000006f) 
0 3 000000008000052c (0x0000006f) 
0 3 000000008000052c (0x0000006f) 
0 3 000000008000052c (0x0000006f) 
0 3 000000008000052c (0x0000006f) 
0 3 000000008000052c (0x0000006f) 
0 3 000000008000052c (0x0000006f) 
0 3 000000008000052c (0x0000006f) 
0 3 000000008000052c (0x0000006f) 
0 3 000000008000052c (0x0000006f) 
0 3 000000008000052c (0x0000006f) 
0 3 000000008000052c (0x0000006f) 
0 3 000000008000052c (0x0000006f) 
0 3 000000008000052c (0x0000006f) 
0 3 000000008000052c (0x0000006f) 
0 3 000000008000052c (0x0000006f) 
0 3 000000008000052c (0x0000006f) 
0 3 000000008000052c (0x0000006f) 
0 3 000000008000052c (0x0000006f) 
0 3 000000008000052c (0x0000006f) 
0 3 000000008000052c (0x0000006f) 
0 3 000000008000052c (0x0000006f) 
0 3 000000008000052c (0x0000006f) 
0 3 000000008000052c (0x0000006f) 
0 3 000000008000052c (0x0000006f) 
0 3 000000008000052c (0x0000006f) 
0 3 000000008000052c (0x0000006f) 
0 3 000000008000052c (0x0000006f) 
0 3 000000008000052c (0x0000006f) 
0 3 000000008000052c (0x0000006f) 
0 3 000000008000052c (0x0000006f) 
0 3 000000008000052c (0x0000006f) 
0 3 000000008000052c (0x0000006f) 
0 3 000000008000052c (0x0000006f) 
0 3 000000008000052c (0x0000006f) 
0 3 000000008000052c (0x0000006f) 
0 3 000000008000052c (0x0000006f) 
0 3 000000008000052c (0x0000006f) 
0 3 000000008000052c (0x0000006f) 
0 3 000000008000052c (0x0000006f) 
0 3 000000008000052c (0x0000006f) 
0 3 000000008000052c (0x0000006f) 
0 3 000000008000052c (0x0000006f) 
0 3 000000008000052c (0x0000006f) 
0 3 000000008000052c (0x0000006f) 
0 3 000000008000052c (0x0000006f) 
0 3 000000008000052c (0x0000006f) 
0 3 000000008000052c (0x0000006f) 
0 3 000000008000052c (0x0000006f) 
0 3 000000008000052c (0x0000006f) 
0 3 000000008000052c (0x0000006f) 
0 3 000000008000052c (0x0000006f) 
0 3 000000008000052c (0x0000006f) 
0 3 000000008000052c (0x0000006f) 
0 3 000000008000052c (0x0000006f) 
0 3 000000008000052c (0x0000006f) 
0 3 000000008000052c (0x0000006f) 
0 3 000000008000052c (0x0000006f) 
0 3 000000008000052c (0x0000006f) 
0 3 000000008000052c (0x0000006f) 
0 3 000000008000052c (0x0000006f) 
0 3 000000008000052c (0x0000006f) 
0 3 000000008000052c (0x0000006f) 
0 3 000000008000052c (0x0000006f) 
0 3 000000008000052c (0x0000006f) 
0 3 000000008000052c (0x0000006f) 
0 3 000000008000052c (0x0000006f) 
0 3 000000008000052c (0x0000006f) 
0 3 000000008000052c (0x0000006f) 
0 3 000000008000052c (0x0000006f) 
0 3 000000008000052c (0x0000006f) 
0 3 000000008000052c (0x0000006f) 
0 3 000000008000052c (0x0000006f) 
0 3 000000008000052c (0x0000006f) 
0 3 000000008000052c (0x0000006f) 
0 3 000000008000052c (0x0000006f) 
0 3 000000008000052c (0x0000006f) 
0 3 000000008000052c (0x0000006f) 
0 3 000000008000052c (0x0000006f) 
0 3 000000008000052c (0x0000006f) 
0 3 000000008000052c (0x0000006f) 
0 3 000000008000052c (0x0000006f) 
0 3 000000008000052c (0x0000006f) 
0 3 000000008000052c (0x0000006f) 
0 3 000000008000052c (0x0000006f) 
0 3 000000008000052c (0x0000006f) 
0 3 000000008000052c (0x0000006f) 
0 3 000000008000052c (0x0000006f) 
0 3 000000008000052c (0x0000006f) 
0 3 000000008000052c (0x0000006f) 
0 3 000000008000052c (0x0000006f) 
0 3 000000008000052c (0x0000006f) 
0 3 000000008000052c (0x0000006f) 
0 3 000000008000052c (0x0000006f) 
0 3 000000008000052c (0x0000006f) 
0 3 000000008000052c (0x0000006f) 
0 3 000000008000052c (0x0000006f) 
0 3 000000008000052c (0x0000006f) 
0 3 000000008000052c (0x0000006f) 
0 3 000000008000052c (0x0000006f) 
0 3 000000008000052c (0x0000006f) 
0 3 000000008000052c (0x0000006f) 
0 3 000000008000052c (0x0000006f) 
0 3 000000008000052c (0x0000006f) 
0 3 000000008000052c (0x0000006f) 
0 3 000000008000052c (0x0000006f) 
0 3 000000008000052c (0x0000006f) 
0 3 000000008000052c (0x0000006f) 
0 3 000000008000052c (0x0000006f) 
0 3 000000008000052c (0x0000006f) 
0 3 000000008000052c (0x0000006f) 
0 3 000000008000052c (0x0000006f) 
0 3 000000008000052c (0x0000006f) 
0 3 000000008000052c (0x0000006f) 
0 3 000000008000052c (0x0000006f) 
0 3 000000008000052c (0x0000006f) 
0 3 000000008000052c (0x0000006f) 
0 3 000000008000052c (0x0000006f) 
0 3 000000008000052c (0x0000006f) 
0 3 000000008000052c (0x0000006f) 
0 3 000000008000052c (0x0000006f) 
0 3 000000008000052c (0x0000006f) 
0 3 000000008000052c (0x0000006f) 
0 3 000000008000052c (0x0000006f) 
0 3 000000008000052c (0x0000006f) 
0 3 000000008000052c (0x0000006f) 
0 3 000000008000052c (0x0000006f) 
0 3 000000008000052c (0x0000006f) 
0 3 000000008000052c (0x0000006f) 
0 3 000000008000052c (0x0000006f) 
0 3 000000008000052c (0x0000006f) 
0 3 000000008000052c (0x0000006f) 
0 3 000000008000052c (0x0000006f) 
0 3 000000008000052c (0x0000006f) 
0 3 000000008000052c (0x0000006f) 
0 3 000000008000052c (0x0000006f) 
0 3 000000008000052c (0x0000006f) 
0 3 000000008000052c (0x0000006f) 
0 3 000000008000052c (0x0000006f) 
0 3 000000008000052c (0x0000006f) 
0 3 000000008000052c (0x0000006f) 
0 3 000000008000052c (0x0000006f) 
0 3 000000008000052c (0x0000006f) 
0 3 000000008000052c (0x0000006f) 
0 3 000000008000052c (0x0000006f) 
0 3 000000008000052c (0x0000006f) 
0 3 000000008000052c (0x0000006f) 
0 3 000000008000052c (0x0000006f) 
0 3 000000008000052c (0x0000006f) 
0 3 000000008000052c (0x0000006f) 
0 3 000000008000052c (0x0000006f) 
0 3 000000008000052c (0x0000006f) 
0 3 000000008000052c (0x0000006f) 
0 3 000000008000052c (0x0000006f) 
0 3 000000008000052c (0x0000006f) 
0 3 000000008000052c (0x0000006f) 
0 3 000000008000052c (0x0000006f) 
0 3 000000008000052c (0x0000006f) 
0 3 000000008000052c (0x0000006f) 
0 3 000000008000052c (0x0000006f) 
0 3 000000008000052c (0x0000006f) 
0 3 000000008000052c (0x0000006f) 
0 3 000000008000052c (0x0000006f) 
0 3 000000008000052c (0x0000006f) 
0 3 000000008000052c (0x0000006f) 
0 3 000000008000052c (0x0000006f) 
0 3 000000008000052c (0x0000006f) 
0 3 000000008000052c (0x0000006f) 
0 3 000000008000052c (0x0000006f) 
0 3 000000008000052c (0x0000006f) 
0 3 000000008000052c (0x0000006f) 
0 3 000000008000052c (0x0000006f) 
0 3 000000008000052c (0x0000006f) 
0 3 000000008000052c (0x0000006f) 
0 3 000000008000052c (0x0000006f) 
0 3 000000008000052c (0x0000006f) 
0 3 000000008000052c (0x0000006f) 
0 3 000000008000052c (0x0000006f) 
0 3 000000008000052c (0x0000006f) 
0 3 000000008000052c (0x0000006f) 
0 3 000000008000052c (0x0000006f) 
0 3 000000008000052c (0x0000006f) 
0 3 000000008000052c (0x0000006f) 
0 3 000000008000052c (0x0000006f) 
0 3 000000008000052c (0x0000006f) 
0 3 000000008000052c (0x0000006f) 
0 3 000000008000052c (0x0000006f) 
0 3 000000008000052c (0x0000006f) 
0 3 000000008000052c (0x0000006f) 
0 3 000000008000052c (0x0000006f) 
0 3 000000008000052c (0x0000006f) 
0 3 000000008000052c (0x0000006f) 
0 3 000000008000052c (0x0000006f) 
0 3 000000008000052c (0x0000006f) 
0 3 000000008000052c (0x0000006f) 
0 3 000000008000052c (0x0000006f) 
0 3 000000008000052c (0x0000006f) 
0 3 000000008000052c (0x0000006f) 
0 3 000000008000052c (0x0000006f) 
0 3 000000008000052c (0x0000006f) 
0 3 000000008000052c (0x0000006f) 
0 3 000000008000052c (0x0000006f) 
0 3 000000008000052c (0x0000006f) 
0 3 000000008000052c (0x0000006f) 
0 3 000000008000052c (0x0000006f) 
0 3 000000008000052c (0x0000006f) 
0 3 000000008000052c (0x0000006f) 
0 3 000000008000052c (0x0000006f) 
0 3 000000008000052c (0x0000006f) 
0 3 000000008000052c (0x0000006f) 
0 3 000000008000052c (0x0000006f) 
0 3 000000008000052c (0x0000006f) 
0 3 000000008000052c (0x0000006f) 
0 3 000000008000052c (0x0000006f) 
0 3 000000008000052c (0x0000006f) 
0 3 000000008000052c (0x0000006f) 
0 3 000000008000052c (0x0000006f) 
0 3 000000008000052c (0x0000006f) 
0 3 000000008000052c (0x0000006f) 
0 3 000000008000052c (0x0000006f) 
0 3 000000008000052c (0x0000006f) 
0 3 000000008000052c (0x0000006f) 
0 3 000000008000052c (0x0000006f) 
0 3 000000008000052c (0x0000006f) 
0 3 000000008000052c (0x0000006f) 
0 3 000000008000052c (0x0000006f) 
0 3 000000008000052c (0x0000006f) 
0 3 000000008000052c (0x0000006f) 
0 3 000000008000052c (0x0000006f) 
0 3 000000008000052c (0x0000006f) 
0 3 000000008000052c (0x0000006f) 
0 3 000000008000052c (0x0000006f) 
0 3 000000008000052c (0x0000006f) 
0 3 000000008000052c (0x0000006f) 
0 3 000000008000052c (0x0000006f) 
0 3 000000008000052c (0x0000006f) 
0 3 000000008000052c (0x0000006f) 
0 3 000000008000052c (0x0000006f) 
0 3 000000008000052c (0x0000006f) 
0 3 000000008000052c (0x0000006f) 
0 3 000000008000052c (0x0000006f) 
0 3 000000008000052c (0x0000006f) 
0 3 000000008000052c (0x0000006f) 
0 3 000000008000052c (0x0000006f) 
0 3 000000008000052c (0x0000006f) 
0 3 000000008000052c (0x0000006f) 
0 3 000000008000052c (0x0000006f) 
0 3 000000008000052c (0x0000006f) 
0 3 000000008000052c (0x0000006f) 
0 3 000000008000052c (0x0000006f) 
0 3 000000008000052c (0x0000006f) 
0 3 000000008000052c (0x0000006f) 
0 3 000000008000052c (0x0000006f) 
0 3 000000008000052c (0x0000006f) 
0 3 000000008000052c (0x0000006f) 
0 3 000000008000052c (0x0000006f) 
0 3 000000008000052c (0x0000006f) 
0 3 000000008000052c (0x0000006f) 
0 3 000000008000052c (0x0000006f) 
0 3 000000008000052c (0x0000006f) 
0 3 000000008000052c (0x0000006f) 
0 3 000000008000052c (0x0000006f) 
0 3 000000008000052c (0x0000006f) 
0 3 000000008000052c (0x0000006f) 
0 3 000000008000052c (0x0000006f) 
0 3 000000008000052c (0x0000006f) 
0 3 000000008000052c (0x0000006f) 
0 3 000000008000052c (0x0000006f) 
0 3 000000008000052c (0x0000006f) 
0 3 000000008000052c (0x0000006f) 
0 3 000000008000052c (0x0000006f) 
0 3 000000008000052c (0x0000006f) 
0 3 000000008000052c (0x0000006f) 
0 3 000000008000052c (0x0000006f) 
0 3 000000008000052c (0x0000006f) 
0 3 000000008000052c (0x0000006f) 
0 3 000000008000052c (0x0000006f) 
0 3 000000008000052c (0x0000006f) 
0 3 000000008000052c (0x0000006f) 
0 3 000000008000052c (0x0000006f) 
0 3 000000008000052c (0x0000006f) 
0 3 000000008000052c (0x0000006f) 
0 3 000000008000052c (0x0000006f) 
0 3 000000008000052c (0x0000006f) 
0 3 000000008000052c (0x0000006f) 
0 3 000000008000052c (0x0000006f) 
0 3 000000008000052c (0x0000006f) 
0 3 000000008000052c (0x0000006f) 
0 3 000000008000052c (0x0000006f) 
0 3 000000008000052c (0x0000006f) 
0 3 000000008000052c (0x0000006f) 
0 3 000000008000052c (0x0000006f) 
0 3 000000008000052c (0x0000006f) 
0 3 000000008000052c (0x0000006f) 
0 3 000000008000052c (0x0000006f) 
0 3 000000008000052c (0x0000006f) 
0 3 000000008000052c (0x0000006f) 
0 3 000000008000052c (0x0000006f) 
0 3 000000008000052c (0x0000006f) 
0 3 000000008000052c (0x0000006f) 
0 3 000000008000052c (0x0000006f) 
0 3 000000008000052c (0x0000006f) 
0 3 000000008000052c (0x0000006f) 
0 3 000000008000052c (0x0000006f) 
0 3 000000008000052c (0x0000006f) 
0 3 000000008000052c (0x0000006f) 
0 3 000000008000052c (0x0000006f) 
0 3 000000008000052c (0x0000006f) 
0 3 000000008000052c (0x0000006f) 
0 3 000000008000052c (0x0000006f) 
0 3 000000008000052c (0x0000006f) 
0 3 000000008000052c (0x0000006f) 
0 3 000000008000052c (0x0000006f) 
0 3 000000008000052c (0x0000006f) 
0 3 000000008000052c (0x0000006f) 
0 3 000000008000052c (0x0000006f) 
0 3 000000008000052c (0x0000006f) 
0 3 000000008000052c (0x0000006f) 
0 3 000000008000052c (0x0000006f) 
0 3 000000008000052c (0x0000006f) 
0 3 000000008000052c (0x0000006f) 
0 3 000000008000052c (0x0000006f) 
0 3 000000008000052c (0x0000006f) 
0 3 000000008000052c (0x0000006f) 
0 3 000000008000052c (0x0000006f) 
0 3 000000008000052c (0x0000006f) 
0 3 000000008000052c (0x0000006f) 
0 3 000000008000052c (0x0000006f) 
0 3 000000008000052c (0x0000006f) 
0 3 000000008000052c (0x0000006f) 
0 3 000000008000052c (0x0000006f) 
0 3 000000008000052c (0x0000006f) 
0 3 000000008000052c (0x0000006f) 
0 3 000000008000052c (0x0000006f) 
0 3 000000008000052c (0x0000006f) 
0 3 000000008000052c (0x0000006f) 
0 3 000000008000052c (0x0000006f) 
0 3 000000008000052c (0x0000006f) 
0 3 000000008000052c (0x0000006f) 
0 3 000000008000052c (0x0000006f) 
0 3 000000008000052c (0x0000006f) 
0 3 000000008000052c (0x0000006f) 
0 3 000000008000052c (0x0000006f) 
0 3 000000008000052c (0x0000006f) 
0 3 000000008000052c (0x0000006f) 
0 3 000000008000052c (0x0000006f) 
0 3 000000008000052c (0x0000006f) 
0 3 000000008000052c (0x0000006f) 
0 3 000000008000052c (0x0000006f) 
0 3 000000008000052c (0x0000006f) 
0 3 000000008000052c (0x0000006f) 
0 3 000000008000052c (0x0000006f) 
0 3 000000008000052c (0x0000006f) 
0 3 000000008000052c (0x0000006f) 
0 3 000000008000052c (0x0000006f) 
0 3 000000008000052c (0x0000006f) 
0 3 000000008000052c (0x0000006f) 
0 3 000000008000052c (0x0000006f) 
0 3 000000008000052c (0x0000006f) 
0 3 000000008000052c (0x0000006f) 
0 3 000000008000052c (0x0000006f) 
0 3 000000008000052c (0x0000006f) 
0 3 000000008000052c (0x0000006f) 
0 3 000000008000052c (0x0000006f) 
0 3 000000008000052c (0x0000006f) 
0 3 000000008000052c (0x0000006f) 
0 3 000000008000052c (0x0000006f) 
0 3 000000008000052c (0x0000006f) 
0 3 000000008000052c (0x0000006f) 
0 3 000000008000052c (0x0000006f) 
0 3 000000008000052c (0x0000006f) 
0 3 000000008000052c (0x0000006f) 
0 3 000000008000052c (0x0000006f) 
0 3 000000008000052c (0x0000006f) 
0 3 000000008000052c (0x0000006f) 
0 3 000000008000052c (0x0000006f) 
0 3 000000008000052c (0x0000006f) 
0 3 000000008000052c (0x0000006f) 
0 3 000000008000052c (0x0000006f) 
0 3 000000008000052c (0x0000006f) 
0 3 000000008000052c (0x0000006f) 
0 3 000000008000052c (0x0000006f) 
0 3 000000008000052c (0x0000006f) 
0 3 000000008000052c (0x0000006f) 
0 3 000000008000052c (0x0000006f) 
0 3 000000008000052c (0x0000006f) 
0 3 000000008000052c (0x0000006f) 
0 3 000000008000052c (0x0000006f) 
0 3 000000008000052c (0x0000006f) 
0 3 000000008000052c (0x0000006f) 
0 3 000000008000052c (0x0000006f) 
0 3 000000008000052c (0x0000006f) 
0 3 000000008000052c (0x0000006f) 
0 3 000000008000052c (0x0000006f) 
0 3 000000008000052c (0x0000006f) 
0 3 000000008000052c (0x0000006f) 
0 3 000000008000052c (0x0000006f) 
0 3 000000008000052c (0x0000006f) 
0 3 000000008000052c (0x0000006f) 
0 3 000000008000052c (0x0000006f) 
0 3 000000008000052c (0x0000006f) 
0 3 000000008000052c (0x0000006f) 
0 3 000000008000052c (0x0000006f) 
0 3 000000008000052c (0x0000006f) 
0 3 000000008000052c (0x0000006f) 
0 3 000000008000052c (0x0000006f) 
0 3 000000008000052c (0x0000006f) 
0 3 000000008000052c (0x0000006f) 
0 3 000000008000052c (0x0000006f) 
0 3 000000008000052c (0x0000006f) 
0 3 000000008000052c (0x0000006f) 
0 3 000000008000052c (0x0000006f) 
0 3 000000008000052c (0x0000006f) 
0 3 000000008000052c (0x0000006f) 
0 3 000000008000052c (0x0000006f) 
0 3 000000008000052c (0x0000006f) 
0 3 000000008000052c (0x0000006f) 
0 3 000000008000052c (0x0000006f) 
0 3 000000008000052c (0x0000006f) 
0 3 000000008000052c (0x0000006f) 
0 3 000000008000052c (0x0000006f) 
0 3 000000008000052c (0x0000006f) 
0 3 000000008000052c (0x0000006f) 
0 3 000000008000052c (0x0000006f) 
0 3 000000008000052c (0x0000006f) 
0 3 000000008000052c (0x0000006f) 
0 3 000000008000052c (0x0000006f) 
0 3 000000008000052c (0x0000006f) 
0 3 000000008000052c (0x0000006f) 
0 3 000000008000052c (0x0000006f) 
0 3 000000008000052c (0x0000006f) 
0 3 000000008000052c (0x0000006f) 
0 3 000000008000052c (0x0000006f) 
0 3 000000008000052c (0x0000006f) 
0 3 000000008000052c (0x0000006f) 
0 3 000000008000052c (0x0000006f) 
0 3 000000008000052c (0x0000006f) 
0 3 000000008000052c (0x0000006f) 
0 3 000000008000052c (0x0000006f) 
0 3 000000008000052c (0x0000006f) 
0 3 000000008000052c (0x0000006f) 
0 3 000000008000052c (0x0000006f) 
0 3 000000008000052c (0x0000006f) 
0 3 000000008000052c (0x0000006f) 
0 3 000000008000052c (0x0000006f) 
0 3 000000008000052c (0x0000006f) 
0 3 000000008000052c (0x0000006f) 
0 3 000000008000052c (0x0000006f) 
0 3 000000008000052c (0x0000006f) 
0 3 000000008000052c (0x0000006f) 
0 3 000000008000052c (0x0000006f) 
0 3 000000008000052c (0x0000006f) 
0 3 000000008000052c (0x0000006f) 
0 3 000000008000052c (0x0000006f) 
0 3 000000008000052c (0x0000006f) 
0 3 000000008000052c (0x0000006f) 
0 3 000000008000052c (0x0000006f) 
0 3 000000008000052c (0x0000006f) 
0 3 000000008000052c (0x0000006f) 
0 3 000000008000052c (0x0000006f) 
0 3 000000008000052c (0x0000006f) 
0 3 000000008000052c (0x0000006f) 
0 3 000000008000052c (0x0000006f) 
0 3 000000008000052c (0x0000006f) 
0 3 000000008000052c (0x0000006f) 
0 3 000000008000052c (0x0000006f) 
0 3 000000008000052c (0x0000006f) 
0 3 000000008000052c (0x0000006f) 
0 3 000000008000052c (0x0000006f) 
0 3 000000008000052c (0x0000006f) 
0 3 000000008000052c (0x0000006f) 
0 3 000000008000052c (0x0000006f) 
0 3 000000008000052c (0x0000006f) 
0 3 000000008000052c (0x0000006f) 
0 3 000000008000052c (0x0000006f) 
0 3 000000008000052c (0x0000006f) 
0 3 000000008000052c (0x0000006f) 
0 3 000000008000052c (0x0000006f) 
0 3 000000008000052c (0x0000006f) 
0 3 000000008000052c (0x0000006f) 
0 3 000000008000052c (0x0000006f) 
0 3 000000008000052c (0x0000006f) 
0 3 000000008000052c (0x0000006f) 
0 3 000000008000052c (0x0000006f) 
0 3 000000008000052c (0x0000006f) 
0 3 000000008000052c (0x0000006f) 
0 3 000000008000052c (0x0000006f) 
0 3 000000008000052c (0x0000006f) 
0 3 000000008000052c (0x0000006f) 
0 3 000000008000052c (0x0000006f) 
0 3 000000008000052c (0x0000006f) 
0 3 000000008000052c (0x0000006f) 
0 3 000000008000052c (0x0000006f) 
0 3 000000008000052c (0x0000006f) 
0 3 000000008000052c (0x0000006f) 
0 3 000000008000052c (0x0000006f) 
0 3 000000008000052c (0x0000006f) 
0 3 000000008000052c (0x0000006f) 
0 3 000000008000052c (0x0000006f) 
0 3 000000008000052c (0x0000006f) 
0 3 000000008000052c (0x0000006f) 
0 3 000000008000052c (0x0000006f) 
0 3 000000008000052c (0x0000006f) 
0 3 000000008000052c (0x0000006f) 
0 3 000000008000052c (0x0000006f) 
0 3 000000008000052c (0x0000006f) 
0 3 000000008000052c (0x0000006f) 
0 3 000000008000052c (0x0000006f) 
0 3 000000008000052c (0x0000006f) 
0 3 000000008000052c (0x0000006f) 
0 3 000000008000052c (0x0000006f) 
0 3 000000008000052c (0x0000006f) 
0 3 000000008000052c (0x0000006f) 
0 3 000000008000052c (0x0000006f) 
0 3 000000008000052c (0x0000006f) 
0 3 000000008000052c (0x0000006f) 
0 3 000000008000052c (0x0000006f) 
0 3 000000008000052c (0x0000006f) 
0 3 000000008000052c (0x0000006f) 
0 3 000000008000052c (0x0000006f) 
0 3 000000008000052c (0x0000006f) 
0 3 000000008000052c (0x0000006f) 
0 3 000000008000052c (0x00000000) exception (8000000000000007) -> 0x0080000340
0 3 0000000080000340 (0xeb010113) x02 0000000081026e80
0 3 0000000080000342 (0x14113423) 
0 3 0000000080000344 (0x14513023) 
0 3 0000000080000346 (0x003022f3) x05 0000000000000000
0 3 000000008000034a (0x12512c23) 
0 3 000000008000034e (0x12613823) 
0 3 0000000080000350 (0x12713423) 
0 3 0000000080000352 (0x12813023) 
0 3 0000000080000354 (0x10a13c23) 
0 3 0000000080000356 (0x10b13823) 
0 3 0000000080000358 (0x10c13423) 
0 3 000000008000035a (0x10d13023) 
0 3 000000008000035c (0x0ee13c23) 
0 3 000000008000035e (0x0ef13823) 
0 3 0000000080000360 (0x0f013423) 
0 3 0000000080000362 (0x0f113023) 
0 3 0000000080000364 (0x0dc13c23) 
0 3 0000000080000366 (0x0dd13823) 
0 3 0000000080000368 (0x0de13423) 
0 3 000000008000036a (0x0df13023) 
0 3 000000008000036c (0x0a013427) 
0 3 000000008000036e (0x0a113027) 
0 3 0000000080000370 (0x08213c27) 
0 3 0000000080000372 (0x08313827) 
0 3 0000000080000374 (0x08413427) 
0 3 0000000080000376 (0x08513027) 
0 3 0000000080000378 (0x06613c27) 
0 3 000000008000037a (0x06713827) 
0 3 000000008000037c (0x06a13427) 
0 3 000000008000037e (0x06b13027) 
0 3 0000000080000380 (0x04c13c27) 
0 3 0000000080000382 (0x04d13827) 
0 3 0000000080000384 (0x04e13427) 
0 3 0000000080000386 (0x04f13027) 
0 3 0000000080000388 (0x03013c27) 
0 3 000000008000038a (0x03113827) 
0 3 000000008000038c (0x03c13427) 
0 3 000000008000038e (0x03d13027) 
0 3 0000000080000390 (0x01e13c27) 
0 3 0000000080000392 (0x01f13827) 
0 3 0000000080000394 (0x15010413) x08 0000000081026fd0
0 3 0000000080000396 (0x342027f3) x0f 8000000000000007
0 3 000000008000039a (0xeaf43c23) 
0 3 000000008000039e (0x00005517) x0a 000000008000539e
0 3 00000000800003a2 (0x65a50513) x0a 00000000800059f8
0 3 00000000800003a6 (0x17e050ef) x01 00000000800003aa
0 3 0000000080005524 (0xfe010113) x02 0000000081026e60
0 3 0000000080005526 (0x00113c23) 
0 3 0000000080005528 (0x00813823) 
0 3 000000008000552a (0x02010413) x08 0000000081026e80
0 3 000000008000552c (0xfea43423) 
0 3 0000000080005530 (0x01c0006f) 
0 3 000000008000554c (0xfe843783) x0f 00000000800059f8
0 3 0000000080005550 (0x0007c783) x0f 0000000000000049
0 3 0000000080005554 (0xfc079fe3) 
0 3 0000000080005532 (0xfe843783) x0f 00000000800059f8
0 3 0000000080005536 (0x0007c783) x0f 0000000000000049
0 3 000000008000553a (0x0007879b) x0f 0000000000000049
0 3 000000008000553c (0x00f00533) x0a 0000000000000049
0 3 000000008000553e (0xf5fff0ef) x01 0000000080005542
0 3 000000008000549c (0xfe010113) x02 0000000081026e40
0 3 000000008000549e (0x00813c23) 
0 3 00000000800054a0 (0x02010413) x08 0000000081026e60
0 3 00000000800054a2 (0x00a007b3) x0f 0000000000000049
0 3 00000000800054a4 (0xfef42623) 
0 3 00000000800054a8 (0x001017b7) x0f 0000000000101000
0 3 00000000800054ac (0xfec42703) x0e 0000000000000049
0 3 00000000800054b0 (0x0ff77713) x0e 0000000000000049
0 3 00000000800054b4 (0x00e78023) 
0 3 00000000800054b8 (0x00000013) 
0 3 00000000800054ba (0x01813403) x08 0000000081026e80
0 3 00000000800054bc (0x02010113) x02 0000000081026e60
0 3 00000000800054be (0x00008067) 
0 3 0000000080005542 (0xfe843783) x0f 00000000800059f8
0 3 0000000080005546 (0x00178793) x0f 00000000800059f9
0 3 0000000080005548 (0xfef43423) 
0 3 000000008000554c (0xfe843783) x0f 00000000800059f9
0 3 0000000080005550 (0x0007c783) x0f 000000000000006e
0 3 0000000080005554 (0xfc079fe3) 
0 3 0000000080005532 (0xfe843783) x0f 00000000800059f9
0 3 0000000080005536 (0x0007c783) x0f 000000000000006e
0 3 000000008000553a (0x0007879b) x0f 000000000000006e
0 3 000000008000553c (0x00f00533) x0a 000000000000006e
0 3 000000008000553e (0xf5fff0ef) x01 0000000080005542
0 3 000000008000549c (0xfe010113) x02 0000000081026e40
0 3 000000008000549e (0x00813c23) 
0 3 00000000800054a0 (0x02010413) x08 0000000081026e60
0 3 00000000800054a2 (0x00a007b3) x0f 000000000000006e
0 3 00000000800054a4 (0xfef42623) 
0 3 00000000800054a8 (0x001017b7) x0f 0000000000101000
0 3 00000000800054ac (0xfec42703) x0e 000000000000006e
0 3 00000000800054b0 (0x0ff77713) x0e 000000000000006e
0 3 00000000800054b4 (0x00e78023) 
0 3 00000000800054b8 (0x00000013) 
0 3 00000000800054ba (0x01813403) x08 0000000081026e80
0 3 00000000800054bc (0x02010113) x02 0000000081026e60
0 3 00000000800054be (0x00008067) 
0 3 0000000080005542 (0xfe843783) x0f 00000000800059f9
0 3 0000000080005546 (0x00178793) x0f 00000000800059fa
0 3 0000000080005548 (0xfef43423) 
0 3 000000008000554c (0xfe843783) x0f 00000000800059fa
0 3 0000000080005550 (0x0007c783) x0f 0000000000000074
0 3 0000000080005554 (0xfc079fe3) 
0 3 0000000080005532 (0xfe843783) x0f 00000000800059fa
0 3 0000000080005536 (0x0007c783) x0f 0000000000000074
0 3 000000008000553a (0x0007879b) x0f 0000000000000074
0 3 000000008000553c (0x00f00533) x0a 0000000000000074
0 3 000000008000553e (0xf5fff0ef) x01 0000000080005542
0 3 000000008000549c (0xfe010113) x02 0000000081026e40
0 3 000000008000549e (0x00813c23) 
0 3 00000000800054a0 (0x02010413) x08 0000000081026e60
0 3 00000000800054a2 (0x00a007b3) x0f 0000000000000074
0 3 00000000800054a4 (0xfef42623) 
0 3 00000000800054a8 (0x001017b7) x0f 0000000000101000
0 3 00000000800054ac (0xfec42703) x0e 0000000000000074
0 3 00000000800054b0 (0x0ff77713) x0e 0000000000000074
0 3 00000000800054b4 (0x00e78023) 
0 3 00000000800054b8 (0x00000013) 
0 3 00000000800054ba (0x01813403) x08 0000000081026e80
0 3 00000000800054bc (0x02010113) x02 0000000081026e60
0 3 00000000800054be (0x00008067) 
0 3 0000000080005542 (0xfe843783) x0f 00000000800059fa
0 3 0000000080005546 (0x00178793) x0f 00000000800059fb
0 3 0000000080005548 (0xfef43423) 
0 3 000000008000554c (0xfe843783) x0f 00000000800059fb
0 3 0000000080005550 (0x0007c783) x0f 0000000000000065
0 3 0000000080005554 (0xfc079fe3) 
0 3 0000000080005532 (0xfe843783) x0f 00000000800059fb
0 3 0000000080005536 (0x0007c783) x0f 0000000000000065
0 3 000000008000553a (0x0007879b) x0f 0000000000000065
0 3 000000008000553c (0x00f00533) x0a 0000000000000065
0 3 000000008000553e (0xf5fff0ef) x01 0000000080005542
0 3 000000008000549c (0xfe010113) x02 0000000081026e40
0 3 000000008000549e (0x00813c23) 
0 3 00000000800054a0 (0x02010413) x08 0000000081026e60
0 3 00000000800054a2 (0x00a007b3) x0f 0000000000000065
0 3 00000000800054a4 (0xfef42623) 
0 3 00000000800054a8 (0x001017b7) x0f 0000000000101000
0 3 00000000800054ac (0xfec42703) x0e 0000000000000065
0 3 00000000800054b0 (0x0ff77713) x0e 0000000000000065
0 3 00000000800054b4 (0x00e78023) 
0 3 00000000800054b8 (0x00000013) 
0 3 00000000800054ba (0x01813403) x08 0000000081026e80
0 3 00000000800054bc (0x02010113) x02 0000000081026e60
0 3 00000000800054be (0x00008067) 
0 3 0000000080005542 (0xfe843783) x0f 00000000800059fb
0 3 0000000080005546 (0x00178793) x0f 00000000800059fc
0 3 0000000080005548 (0xfef43423) 
0 3 000000008000554c (0xfe843783) x0f 00000000800059fc
0 3 0000000080005550 (0x0007c783) x0f 0000000000000072
0 3 0000000080005554 (0xfc079fe3) 
0 3 0000000080005532 (0xfe843783) x0f 00000000800059fc
0 3 0000000080005536 (0x0007c783) x0f 0000000000000072
0 3 000000008000553a (0x0007879b) x0f 0000000000000072
0 3 000000008000553c (0x00f00533) x0a 0000000000000072
0 3 000000008000553e (0xf5fff0ef) x01 0000000080005542
0 3 000000008000549c (0xfe010113) x02 0000000081026e40
0 3 000000008000549e (0x00813c23) 
0 3 00000000800054a0 (0x02010413) x08 0000000081026e60
0 3 00000000800054a2 (0x00a007b3) x0f 0000000000000072
0 3 00000000800054a4 (0xfef42623) 
0 3 00000000800054a8 (0x001017b7) x0f 0000000000101000
0 3 00000000800054ac (0xfec42703) x0e 0000000000000072
0 3 00000000800054b0 (0x0ff77713) x0e 0000000000000072
0 3 00000000800054b4 (0x00e78023) 
0 3 00000000800054b8 (0x00000013) 
0 3 00000000800054ba (0x01813403) x08 0000000081026e80
0 3 00000000800054bc (0x02010113) x02 0000000081026e60
0 3 00000000800054be (0x00008067) 
0 3 0000000080005542 (0xfe843783) x0f 00000000800059fc
0 3 0000000080005546 (0x00178793) x0f 00000000800059fd
0 3 0000000080005548 (0xfef43423) 
0 3 000000008000554c (0xfe843783) x0f 00000000800059fd
0 3 0000000080005550 (0x0007c783) x0f 0000000000000072
0 3 0000000080005554 (0xfc079fe3) 
0 3 0000000080005532 (0xfe843783) x0f 00000000800059fd
0 3 0000000080005536 (0x0007c783) x0f 0000000000000072
0 3 000000008000553a (0x0007879b) x0f 0000000000000072
0 3 000000008000553c (0x00f00533) x0a 0000000000000072
0 3 000000008000553e (0xf5fff0ef) x01 0000000080005542
0 3 000000008000549c (0xfe010113) x02 0000000081026e40
0 3 000000008000549e (0x00813c23) 
0 3 00000000800054a0 (0x02010413) x08 0000000081026e60
0 3 00000000800054a2 (0x00a007b3) x0f 0000000000000072
0 3 00000000800054a4 (0xfef42623) 
0 3 00000000800054a8 (0x001017b7) x0f 0000000000101000
0 3 00000000800054ac (0xfec42703) x0e 0000000000000072
0 3 00000000800054b0 (0x0ff77713) x0e 0000000000000072
0 3 00000000800054b4 (0x00e78023) 
0 3 00000000800054b8 (0x00000013) 
0 3 00000000800054ba (0x01813403) x08 0000000081026e80
0 3 00000000800054bc (0x02010113) x02 0000000081026e60
0 3 00000000800054be (0x00008067) 
0 3 0000000080005542 (0xfe843783) x0f 00000000800059fd
0 3 0000000080005546 (0x00178793) x0f 00000000800059fe
0 3 0000000080005548 (0xfef43423) 
0 3 000000008000554c (0xfe843783) x0f 00000000800059fe
0 3 0000000080005550 (0x0007c783) x0f 0000000000000075
0 3 0000000080005554 (0xfc079fe3) 
0 3 0000000080005532 (0xfe843783) x0f 00000000800059fe
0 3 0000000080005536 (0x0007c783) x0f 0000000000000075
0 3 000000008000553a (0x0007879b) x0f 0000000000000075
0 3 000000008000553c (0x00f00533) x0a 0000000000000075
0 3 000000008000553e (0xf5fff0ef) x01 0000000080005542
0 3 000000008000549c (0xfe010113) x02 0000000081026e40
0 3 000000008000549e (0x00813c23) 
0 3 00000000800054a0 (0x02010413) x08 0000000081026e60
0 3 00000000800054a2 (0x00a007b3) x0f 0000000000000075
0 3 00000000800054a4 (0xfef42623) 
0 3 00000000800054a8 (0x001017b7) x0f 0000000000101000
0 3 00000000800054ac (0xfec42703) x0e 0000000000000075
0 3 00000000800054b0 (0x0ff77713) x0e 0000000000000075
0 3 00000000800054b4 (0x00e78023) 
0 3 00000000800054b8 (0x00000013) 
0 3 00000000800054ba (0x01813403) x08 0000000081026e80
0 3 00000000800054bc (0x02010113) x02 0000000081026e60
0 3 00000000800054be (0x00008067) 
0 3 0000000080005542 (0xfe843783) x0f 00000000800059fe
0 3 0000000080005546 (0x00178793) x0f 00000000800059ff
0 3 0000000080005548 (0xfef43423) 
0 3 000000008000554c (0xfe843783) x0f 00000000800059ff
0 3 0000000080005550 (0x0007c783) x0f 0000000000000070
0 3 0000000080005554 (0xfc079fe3) 
0 3 0000000080005532 (0xfe843783) x0f 00000000800059ff
0 3 0000000080005536 (0x0007c783) x0f 0000000000000070
0 3 000000008000553a (0x0007879b) x0f 0000000000000070
0 3 000000008000553c (0x00f00533) x0a 0000000000000070
0 3 000000008000553e (0xf5fff0ef) x01 0000000080005542
0 3 000000008000549c (0xfe010113) x02 0000000081026e40
0 3 000000008000549e (0x00813c23) 
0 3 00000000800054a0 (0x02010413) x08 0000000081026e60
0 3 00000000800054a2 (0x00a007b3) x0f 0000000000000070
0 3 00000000800054a4 (0xfef42623) 
0 3 00000000800054a8 (0x001017b7) x0f 0000000000101000
0 3 00000000800054ac (0xfec42703) x0e 0000000000000070
0 3 00000000800054b0 (0x0ff77713) x0e 0000000000000070
0 3 00000000800054b4 (0x00e78023) 
0 3 00000000800054b8 (0x00000013) 
0 3 00000000800054ba (0x01813403) x08 0000000081026e80
0 3 00000000800054bc (0x02010113) x02 0000000081026e60
0 3 00000000800054be (0x00008067) 
0 3 0000000080005542 (0xfe843783) x0f 00000000800059ff
0 3 0000000080005546 (0x00178793) x0f 0000000080005a00
0 3 0000000080005548 (0xfef43423) 
0 3 000000008000554c (0xfe843783) x0f 0000000080005a00
0 3 0000000080005550 (0x0007c783) x0f 0000000000000074
0 3 0000000080005554 (0xfc079fe3) 
0 3 0000000080005532 (0xfe843783) x0f 0000000080005a00
0 3 0000000080005536 (0x0007c783) x0f 0000000000000074
0 3 000000008000553a (0x0007879b) x0f 0000000000000074
0 3 000000008000553c (0x00f00533) x0a 0000000000000074
0 3 000000008000553e (0xf5fff0ef) x01 0000000080005542
0 3 000000008000549c (0xfe010113) x02 0000000081026e40
0 3 000000008000549e (0x00813c23) 
0 3 00000000800054a0 (0x02010413) x08 0000000081026e60
0 3 00000000800054a2 (0x00a007b3) x0f 0000000000000074
0 3 00000000800054a4 (0xfef42623) 
0 3 00000000800054a8 (0x001017b7) x0f 0000000000101000
0 3 00000000800054ac (0xfec42703) x0e 0000000000000074
0 3 00000000800054b0 (0x0ff77713) x0e 0000000000000074
0 3 00000000800054b4 (0x00e78023) 
0 3 00000000800054b8 (0x00000013) 
0 3 00000000800054ba (0x01813403) x08 0000000081026e80
0 3 00000000800054bc (0x02010113) x02 0000000081026e60
0 3 00000000800054be (0x00008067) 
0 3 0000000080005542 (0xfe843783) x0f 0000000080005a00
0 3 0000000080005546 (0x00178793) x0f 0000000080005a01
0 3 0000000080005548 (0xfef43423) 
0 3 000000008000554c (0xfe843783) x0f 0000000080005a01
0 3 0000000080005550 (0x0007c783) x0f 000000000000000a
0 3 0000000080005554 (0xfc079fe3) 
0 3 0000000080005532 (0xfe843783) x0f 0000000080005a01
0 3 0000000080005536 (0x0007c783) x0f 000000000000000a
0 3 000000008000553a (0x0007879b) x0f 000000000000000a
0 3 000000008000553c (0x00f00533) x0a 000000000000000a
0 3 000000008000553e (0xf5fff0ef) x01 0000000080005542
0 3 000000008000549c (0xfe010113) x02 0000000081026e40
0 3 000000008000549e (0x00813c23) 
0 3 00000000800054a0 (0x02010413) x08 0000000081026e60
0 3 00000000800054a2 (0x00a007b3) x0f 000000000000000a
0 3 00000000800054a4 (0xfef42623) 
0 3 00000000800054a8 (0x001017b7) x0f 0000000000101000
0 3 00000000800054ac (0xfec42703) x0e 000000000000000a
0 3 00000000800054b0 (0x0ff77713) x0e 000000000000000a
0 3 00000000800054b4 (0x00e78023) 
0 3 00000000800054b8 (0x00000013) 
0 3 00000000800054ba (0x01813403) x08 0000000081026e80
0 3 00000000800054bc (0x02010113) x02 0000000081026e60
0 3 00000000800054be (0x00008067) 
0 3 0000000080005542 (0xfe843783) x0f 0000000080005a01
0 3 0000000080005546 (0x00178793) x0f 0000000080005a02
0 3 0000000080005548 (0xfef43423) 
0 3 000000008000554c (0xfe843783) x0f 0000000080005a02
0 3 0000000080005550 (0x0007c783) x0f 0000000000000000
0 3 0000000080005554 (0xfc079fe3) 
0 3 0000000080005556 (0x00000013) 
0 3 0000000080005558 (0x00000013) 
0 3 000000008000555a (0x01813083) x01 00000000800003aa
0 3 000000008000555c (0x01013403) x08 0000000081026fd0
0 3 000000008000555e (0x02010113) x02 0000000081026e80
0 3 0000000080005560 (0x00008067) 
0 3 00000000800003aa (0xeb843783) x0f 8000000000000007
0 3 00000000800003ae (0x03f7d713) x0e 0000000000000001
0 3 00000000800003b2 (0x00100793) x0f 0000000000000001
0 3 00000000800003b4 (0x08f71b63) 
0 3 00000000800003b8 (0xeb843783) x0f 8000000000000007
0 3 00000000800003bc (0x0077f713) x0e 0000000000000007
0 3 00000000800003c0 (0x00400793) x0f 0000000000000004
0 3 00000000800003c2 (0x02f70063) 
0 3 00000000800003c6 (0xeb843783) x0f 8000000000000007
0 3 00000000800003ca (0x0077f713) x0e 0000000000000007
0 3 00000000800003ce (0x00500793) x0f 0000000000000005
0 3 00000000800003d0 (0x00f70963) 
0 3 00000000800003d4 (0xeb843783) x0f 8000000000000007
0 3 00000000800003d8 (0x0077f713) x0e 0000000000000007
0 3 00000000800003dc (0x00700793) x0f 0000000000000007
0 3 00000000800003de (0x02f71163) 
0 3 00000000800003e2 (0x00006797) x0f 00000000800063e2
0 3 00000000800003e6 (0x46678793) x0f 0000000080006848
0 3 00000000800003ea (0x0007c783) x0f 0000000000000037
0 3 00000000800003ee (0x0017879b) x0f 0000000000000038
0 3 00000000800003f0 (0x0ff7f713) x0e 0000000000000038
0 3 00000000800003f4 (0x00006797) x0f 00000000800063f4
0 3 00000000800003f8 (0x45478793) x0f 0000000080006848
0 3 00000000800003fc (0x00e78023) 
0 3 0000000080000400 (0x81818793) x0f 0000000080006858
0 3 0000000080000404 (0x0007b783) x0f 000000000030bff8
0 3 0000000080000406 (0x0007b703) x0e 000000000000695b
0 3 0000000080000408 (0x81018793) x0f 0000000080006850
0 3 000000008000040c (0x0007b783) x0f 0000000000304000
0 3 000000008000040e (0x40070713) x0e 0000000000006d5b
0 3 0000000080000412 (0x00e7b023) 
0 3 0000000080000414 (0x00006797) x0f 0000000080006414
0 3 0000000080000418 (0x43478793) x0f 0000000080006848
0 3 000000008000041c (0x0007c783) x0f 0000000000000038
0 3 0000000080000420 (0x0007879b) x0f 0000000000000038
0 3 0000000080000422 (0x00f00533) x0a 0000000000000038
0 3 0000000080000424 (0x078050ef) x01 0000000080000428
0 3 000000008000549c (0xfe010113) x02 0000000081026e60
0 3 000000008000549e (0x00813c23) 
0 3 00000000800054a0 (0x02010413) x08 0000000081026e80
0 3 00000000800054a2 (0x00a007b3) x0f 0000000000000038
0 3 00000000800054a4 (0xfef42623) 
0 3 00000000800054a8 (0x001017b7) x0f 0000000000101000
0 3 00000000800054ac (0xfec42703) x0e 0000000000000038
0 3 00000000800054b0 (0x0ff77713) x0e 0000000000000038
0 3 00000000800054b4 (0x00e78023) 
0 3 00000000800054b8 (0x00000013) 
0 3 00000000800054ba (0x01813403) x08 0000000081026fd0
0 3 00000000800054bc (0x02010113) x02 0000000081026e80
0 3 00000000800054be (0x00008067) 
0 3 0000000080000428 (0x00a00513) x0a 000000000000000a
0 3 000000008000042a (0x072050ef) x01 000000008000042e
0 3 000000008000549c (0xfe010113) x02 0000000081026e60
0 3 000000008000549e (0x00813c23) 
0 3 00000000800054a0 (0x02010413) x08 0000000081026e80
0 3 00000000800054a2 (0x00a007b3) x0f 000000000000000a
0 3 00000000800054a4 (0xfef42623) 
0 3 00000000800054a8 (0x001017b7) x0f 0000000000101000
0 3 00000000800054ac (0xfec42703) x0e 000000000000000a
0 3 00000000800054b0 (0x0ff77713) x0e 000000000000000a
0 3 00000000800054b4 (0x00e78023) 
0 3 00000000800054b8 (0x00000013) 
0 3 00000000800054ba (0x01813403) x08 0000000081026fd0
0 3 00000000800054bc (0x02010113) x02 0000000081026e80
0 3 00000000800054be (0x00008067) 
0 3 000000008000042e (0x00006797) x0f 000000008000642e
0 3 0000000080000432 (0x41a78793) x0f 0000000080006848
0 3 0000000080000436 (0x0007c783) x0f 0000000000000038
0 3 000000008000043a (0x00f00733) x0e 0000000000000038
0 3 000000008000043c (0x03800793) x0f 0000000000000038
0 3 0000000080000440 (0x02f71463) 
0 3 0000000080000444 (0xeddff0ef) x01 0000000080000448
0 3 0000000080000320 (0xff010113) x02 0000000081026e70
0 3 0000000080000322 (0x00113423) 
0 3 0000000080000324 (0x00813023) 
0 3 0000000080000326 (0x01010413) x08 0000000081026e80
0 3 0000000080000328 (0x00000513) x0a 0000000000000000
0 3 000000008000032a (0x0e6050ef) x01 000000008000032e
0 3 0000000080005410 (0xfd010113) x02 0000000081026e40
0 3 0000000080005412 (0x02113423) 
0 3 0000000080005414 (0x02813023) 
0 3 0000000080005416 (0x03010413) x08 0000000081026e70
0 3 0000000080005418 (0x00a007b3) x0f 0000000000000000
0 3 000000008000541a (0xfcf40fa3) 
0 3 000000008000541e (0xfd9ff0ef) x01 0000000080005422
0 3 00000000800053f6 (0xfe010113) x02 0000000081026e20
0 3 00000000800053f8 (0x00813c23) 
0 3 00000000800053fa (0x02010413) x08 0000000081026e40
0 3 00000000800053fc (0xf14027f3) x0f 0000000000000000
0 3 0000000080005400 (0xfef43423) 
0 3 0000000080005404 (0xfe843783) x0f 0000000000000000
0 3 0000000080005408 (0x00f00533) x0a 0000000000000000
0 3 000000008000540a (0x01813403) x08 0000000081026e70
0 3 000000008000540c (0x02010113) x02 0000000081026e40
0 3 000000008000540e (0x00008067) 
0 3 0000000080005422 (0xfea43423) 
0 3 0000000080005426 (0xfe843783) x0f 0000000000000000
0 3 000000008000542a (0x00379713) x0e 0000000000000000
0 3 000000008000542e (0x001027b7) x0f 0000000000102000
0 3 0000000080005432 (0x00e787b3) x0f 0000000000102000
0 3 0000000080005434 (0xfdf44703) x0e 0000000000000000
0 3 0000000080005438 (0x00e78023) 
