1 3 0000000080000000 (0x00000093) x01 0000000000000000
1 3 0000000080000002 (0x00000113) x02 0000000000000000
1 3 0000000080000004 (0x00000193) x03 0000000000000000
1 3 0000000080000006 (0x00000213) x04 0000000000000000
1 3 0000000080000008 (0x00000293) x05 0000000000000000
1 3 000000008000000a (0x00000313) x06 0000000000000000
1 3 000000008000000c (0x00000393) x07 0000000000000000
1 3 000000008000000e (0x00000413) x08 0000000000000000
1 3 0000000080000010 (0x00000493) x09 0000000000000000
1 3 0000000080000012 (0x00000513) x0a 0000000000000000
1 3 0000000080000014 (0x00000593) x0b 0000000000000000
1 3 0000000080000016 (0x00000613) x0c 0000000000000000
1 3 0000000080000018 (0x00000693) x0d 0000000000000000
1 3 000000008000001a (0x00000713) x0e 0000000000000000
1 3 000000008000001c (0x00000793) x0f 0000000000000000
1 3 000000008000001e (0x00000813) x10 0000000000000000
1 3 0000000080000020 (0x00000893) x11 0000000000000000
1 3 0000000080000022 (0x00000913) x12 0000000000000000
1 3 0000000080000024 (0x00000993) x13 0000000000000000
1 3 0000000080000026 (0x00000a13) x14 0000000000000000
1 3 0000000080000028 (0x00000a93) x15 0000000000000000
1 3 000000008000002a (0x00000b13) x16 0000000000000000
1 3 000000008000002c (0x00000b93) x17 0000000000000000
1 3 000000008000002e (0x00000c13) x18 0000000000000000
1 3 0000000080000030 (0x00000c93) x19 0000000000000000
1 3 0000000080000032 (0x00000d13) x1a 0000000000000000
1 3 0000000080000034 (0x00000d93) x1b 0000000000000000
1 3 0000000080000036 (0x00000e13) x1c 0000000000000000
1 3 0000000080000038 (0x00000e93) x1d 0000000000000000
1 3 000000008000003a (0x00000f13) x1e 0000000000000000
1 3 000000008000003c (0x00000f93) x1f 0000000000000000
1 3 000000008000003e (0x0001e2b7) x05 000000000001e000
1 3 0000000080000040 (0x6002829b) x05 000000000001e600
1 3 0000000080000044 (0x3002a073) 
1 3 0000000080000048 (0x00000297) x05 0000000080000048
1 3 000000008000004c (0x09028293) x05 00000000800000d8
1 3 0000000080000050 (0x30529073) 
1 3 0000000080000054 (0x00301073) 
1 3 0000000080000058 (0xf0000053) f00 ffffffff00000000
1 3 000000008000005c (0xf00000d3) f01 ffffffff00000000
1 3 0000000080000060 (0xf0000153) f02 ffffffff00000000
1 3 0000000080000064 (0xf00001d3) f03 ffffffff00000000
1 3 0000000080000068 (0xf0000253) f04 ffffffff00000000
1 3 000000008000006c (0xf00002d3) f05 ffffffff00000000
1 3 0000000080000070 (0xf0000353) f06 ffffffff00000000
1 3 0000000080000074 (0xf00003d3) f07 ffffffff00000000
1 3 0000000080000078 (0xf0000453) f08 ffffffff00000000
1 3 000000008000007c (0xf00004d3) f09 ffffffff00000000
1 3 0000000080000080 (0xf0000553) f0a ffffffff00000000
1 3 0000000080000084 (0xf00005d3) f0b ffffffff00000000
1 3 0000000080000088 (0xf0000653) f0c ffffffff00000000
1 3 000000008000008c (0xf00006d3) f0d ffffffff00000000
1 3 0000000080000090 (0xf0000753) f0e ffffffff00000000
1 3 0000000080000094 (0xf00007d3) f0f ffffffff00000000
1 3 0000000080000098 (0xf0000853) f10 ffffffff00000000
1 3 000000008000009c (0xf00008d3) f11 ffffffff00000000
1 3 00000000800000a0 (0xf0000953) f12 ffffffff00000000
1 3 00000000800000a4 (0xf00009d3) f13 ffffffff00000000
1 3 00000000800000a8 (0xf0000a53) f14 ffffffff00000000
1 3 00000000800000ac (0xf0000ad3) f15 ffffffff00000000
1 3 00000000800000b0 (0xf0000b53) f16 ffffffff00000000
1 3 00000000800000b4 (0xf0000bd3) f17 ffffffff00000000
1 3 00000000800000b8 (0xf0000c53) f18 ffffffff00000000
1 3 00000000800000bc (0xf0000cd3) f19 ffffffff00000000
1 3 00000000800000c0 (0xf0000d53) f1a ffffffff00000000
1 3 00000000800000c4 (0xf0000dd3) f1b ffffffff00000000
1 3 00000000800000c8 (0xf0000e53) f1c ffffffff00000000
1 3 00000000800000cc (0xf0000ed3) f1d ffffffff00000000
1 3 00000000800000d0 (0xf0000f53) f1e ffffffff00000000
1 3 00000000800000d4 (0xf0000fd3) f1f ffffffff00000000
1 3 00000000800000d8 (0x00007197) x03 00000000800070d8
1 3 00000000800000dc (0xf6818193) x03 0000000080007040
1 3 00000000800000e0 (0xf1402473) x08 0000000000000001
1 3 00000000800000e4 (0x01800293) x05 0000000000000018
1 3 00000000800000e8 (0x00027217) x04 00000000800270e8
1 3 00000000800000ec (0xf1820213) x04 0000000080027000
1 3 00000000800000f0 (0x005412b3) x05 0000000001000000
1 3 00000000800000f4 (0x00520233) x04 0000000081027000
1 3 00000000800000f6 (0x010002b7) x05 0000000001000000
1 3 00000000800000fa (0x00028293) x05 0000000001000000
1 3 00000000800000fe (0x00520133) x02 0000000082027000
1 3 0000000080000102 (0x00000297) x05 0000000080000102
1 3 0000000080000106 (0x03e28293) x05 0000000080000140
1 3 000000008000010a (0x30529073) 
1 3 000000008000010e (0x164000ef) x01 0000000080000112
1 3 0000000080000272 (0xff010113) x02 0000000082026ff0
1 3 0000000080000274 (0x00000613) x0c 0000000000000000
1 3 0000000080000278 (0x00005597) x0b 0000000080005278
1 3 000000008000027c (0x75858593) x0b 00000000800059d0
1 3 0000000080000280 (0x00400533) x0a 0000000081027000
1 3 0000000080000282 (0x00813023) 
1 3 0000000080000284 (0x00113423) 
1 3 0000000080000286 (0x00400433) x08 0000000081027000
1 3 0000000080000288 (0x1c1000ef) x01 000000008000028c
1 3 0000000080000c48 (0x00a5c7b3) x0f 00000000010229d0
1 3 0000000080000c4c (0x0077f793) x0f 0000000000000000
1 3 0000000080000c4e (0x00c508b3) x11 0000000081027000
1 3 0000000080000c52 (0x04079663) 
1 3 0000000080000c54 (0x00863613) x0c 0000000000000001
1 3 0000000080000c58 (0x04061363) 
1 3 0000000080000c9e (0x00a00733) x0e 0000000081027000
1 3 0000000080000ca0 (0xff157ee3) 
1 3 0000000080000c9c (0x00008067) 
1 3 000000008000028c (0x00000513) x0a 0000000000000000
1 3 0000000080000290 (0x00850533) x0a 0000000081027000
1 3 0000000080000292 (0x00013403) x08 0000000000000001
1 3 0000000080000294 (0x00813083) x01 0000000080000112
1 3 0000000080000296 (0x00000613) x0c 0000000000000000
1 3 000000008000029a (0x00000593) x0b 0000000000000000
1 3 000000008000029c (0x01010113) x02 0000000082027000
1 3 000000008000029e (0x0fd0006f) 
1 3 0000000080000b9a (0x00f00313) x06 000000000000000f
1 3 0000000080000b9c (0x00a00733) x0e 0000000081027000
1 3 0000000080000b9e (0x02c37163) 
1 3 0000000080000bc0 (0x40c306b3) x0d 000000000000000f
1 3 0000000080000bc4 (0x00269693) x0d 000000000000003c
1 3 0000000080000bc6 (0x00000297) x05 0000000080000bc6
1 3 0000000080000bca (0x005686b3) x0d 0000000080000c02
1 3 0000000080000bcc (0x00a68067) 
1 3 0000000080000c0c (0x00008067) 
1 3 0000000080000112 (0x00000293) x05 0000000000000000
1 3 0000000080000116 (0x00540463) 
1 3 000000008000011a (0x0f00006f) 
1 3 000000008000020a (0x8881a283) x05 0000000000000000
1 3 000000008000020e (0xfe028ee3) 
1 3 000000008000020a (0x8881a283) x05 0000000000000000
1 3 000000008000020e (0xfe028ee3) 
1 3 000000008000020a (0x8881a283) x05 0000000000000000
1 3 000000008000020e (0xfe028ee3) 
1 3 000000008000020a (0x8881a283) x05 0000000000000000
1 3 000000008000020e (0xfe028ee3) 
1 3 000000008000020a (0x8881a283) x05 0000000000000000
1 3 000000008000020e (0xfe028ee3) 
1 3 000000008000020a (0x8881a283) x05 0000000000000000
1 3 000000008000020e (0xfe028ee3) 
1 3 000000008000020a (0x8881a283) x05 0000000000000000
1 3 000000008000020e (0xfe028ee3) 
1 3 000000008000020a (0x8881a283) x05 0000000000000000
1 3 000000008000020e (0xfe028ee3) 
1 3 000000008000020a (0x8881a283) x05 0000000000000000
1 3 000000008000020e (0xfe028ee3) 
1 3 000000008000020a (0x8881a283) x05 0000000000000000
1 3 000000008000020e (0xfe028ee3) 
1 3 000000008000020a (0x8881a283) x05 0000000000000000
1 3 000000008000020e (0xfe028ee3) 
1 3 000000008000020a (0x8881a283) x05 0000000000000000
1 3 000000008000020e (0xfe028ee3) 
1 3 000000008000020a (0x8881a283) x05 0000000000000000
1 3 000000008000020e (0xfe028ee3) 
1 3 000000008000020a (0x8881a283) x05 0000000000000000
1 3 000000008000020e (0xfe028ee3) 
1 3 000000008000020a (0x8881a283) x05 0000000000000000
1 3 000000008000020e (0xfe028ee3) 
1 3 000000008000020a (0x8881a283) x05 0000000000000000
1 3 000000008000020e (0xfe028ee3) 
1 3 000000008000020a (0x8881a283) x05 0000000000000000
1 3 000000008000020e (0xfe028ee3) 
1 3 000000008000020a (0x8881a283) x05 0000000000000000
1 3 000000008000020e (0xfe028ee3) 
1 3 000000008000020a (0x8881a283) x05 0000000000000000
1 3 000000008000020e (0xfe028ee3) 
1 3 000000008000020a (0x8881a283) x05 0000000000000000
1 3 000000008000020e (0xfe028ee3) 
1 3 000000008000020a (0x8881a283) x05 0000000000000000
1 3 000000008000020e (0xfe028ee3) 
1 3 000000008000020a (0x8881a283) x05 0000000000000000
1 3 000000008000020e (0xfe028ee3) 
1 3 000000008000020a (0x8881a283) x05 0000000000000000
1 3 000000008000020e (0xfe028ee3) 
1 3 000000008000020a (0x8881a283) x05 0000000000000000
1 3 000000008000020e (0xfe028ee3) 
1 3 000000008000020a (0x8881a283) x05 0000000000000000
1 3 000000008000020e (0xfe028ee3) 
1 3 000000008000020a (0x8881a283) x05 0000000000000000
1 3 000000008000020e (0xfe028ee3) 
1 3 000000008000020a (0x8881a283) x05 0000000000000000
1 3 000000008000020e (0xfe028ee3) 
1 3 000000008000020a (0x8881a283) x05 0000000000000000
1 3 000000008000020e (0xfe028ee3) 
1 3 000000008000020a (0x8881a283) x05 0000000000000000
1 3 000000008000020e (0xfe028ee3) 
1 3 000000008000020a (0x8881a283) x05 0000000000000000
1 3 000000008000020e (0xfe028ee3) 
1 3 000000008000020a (0x8881a283) x05 0000000000000000
1 3 000000008000020e (0xfe028ee3) 
1 3 000000008000020a (0x8881a283) x05 0000000000000000
1 3 000000008000020e (0xfe028ee3) 
1 3 000000008000020a (0x8881a283) x05 0000000000000000
1 3 000000008000020e (0xfe028ee3) 
1 3 000000008000020a (0x8881a283) x05 0000000000000000
1 3 000000008000020e (0xfe028ee3) 
1 3 000000008000020a (0x8881a283) x05 0000000000000000
1 3 000000008000020e (0xfe028ee3) 
1 3 000000008000020a (0x8881a283) x05 0000000000000000
1 3 000000008000020e (0xfe028ee3) 
1 3 000000008000020a (0x8881a283) x05 0000000000000000
1 3 000000008000020e (0xfe028ee3) 
1 3 000000008000020a (0x8881a283) x05 0000000000000000
1 3 000000008000020e (0xfe028ee3) 
1 3 000000008000020a (0x8881a283) x05 0000000000000000
1 3 000000008000020e (0xfe028ee3) 
1 3 000000008000020a (0x8881a283) x05 0000000000000000
1 3 000000008000020e (0xfe028ee3) 
1 3 000000008000020a (0x8881a283) x05 0000000000000000
1 3 000000008000020e (0xfe028ee3) 
1 3 000000008000020a (0x8881a283) x05 0000000000000000
1 3 000000008000020e (0xfe028ee3) 
1 3 000000008000020a (0x8881a283) x05 0000000000000000
1 3 000000008000020e (0xfe028ee3) 
1 3 000000008000020a (0x8881a283) x05 0000000000000000
1 3 000000008000020e (0xfe028ee3) 
1 3 000000008000020a (0x8881a283) x05 0000000000000000
1 3 000000008000020e (0xfe028ee3) 
1 3 000000008000020a (0x8881a283) x05 0000000000000000
1 3 000000008000020e (0xfe028ee3) 
1 3 000000008000020a (0x8881a283) x05 0000000000000000
1 3 000000008000020e (0xfe028ee3) 
1 3 000000008000020a (0x8881a283) x05 0000000000000000
1 3 000000008000020e (0xfe028ee3) 
1 3 000000008000020a (0x8881a283) x05 0000000000000000
1 3 000000008000020e (0xfe028ee3) 
1 3 000000008000020a (0x8881a283) x05 0000000000000000
1 3 000000008000020e (0xfe028ee3) 
1 3 000000008000020a (0x8881a283) x05 0000000000000000
1 3 000000008000020e (0xfe028ee3) 
1 3 000000008000020a (0x8881a283) x05 0000000000000000
1 3 000000008000020e (0xfe028ee3) 
1 3 000000008000020a (0x8881a283) x05 0000000000000000
1 3 000000008000020e (0xfe028ee3) 
1 3 000000008000020a (0x8881a283) x05 0000000000000000
1 3 000000008000020e (0xfe028ee3) 
1 3 000000008000020a (0x8881a283) x05 0000000000000000
1 3 000000008000020e (0xfe028ee3) 
1 3 000000008000020a (0x8881a283) x05 0000000000000000
1 3 000000008000020e (0xfe028ee3) 
1 3 000000008000020a (0x8881a283) x05 0000000000000000
1 3 000000008000020e (0xfe028ee3) 
1 3 000000008000020a (0x8881a283) x05 0000000000000000
1 3 000000008000020e (0xfe028ee3) 
1 3 000000008000020a (0x8881a283) x05 0000000000000000
1 3 000000008000020e (0xfe028ee3) 
1 3 000000008000020a (0x8881a283) x05 0000000000000000
1 3 000000008000020e (0xfe028ee3) 
1 3 000000008000020a (0x8881a283) x05 0000000000000000
1 3 000000008000020e (0xfe028ee3) 
1 3 000000008000020a (0x8881a283) x05 0000000000000000
1 3 000000008000020e (0xfe028ee3) 
1 3 000000008000020a (0x8881a283) x05 0000000000000000
1 3 000000008000020e (0xfe028ee3) 
1 3 000000008000020a (0x8881a283) x05 0000000000000000
1 3 000000008000020e (0xfe028ee3) 
1 3 000000008000020a (0x8881a283) x05 0000000000000000
1 3 000000008000020e (0xfe028ee3) 
1 3 000000008000020a (0x8881a283) x05 0000000000000000
1 3 000000008000020e (0xfe028ee3) 
1 3 000000008000020a (0x8881a283) x05 0000000000000000
1 3 000000008000020e (0xfe028ee3) 
1 3 000000008000020a (0x8881a283) x05 0000000000000000
1 3 000000008000020e (0xfe028ee3) 
1 3 000000008000020a (0x8881a283) x05 0000000000000000
1 3 000000008000020e (0xfe028ee3) 
1 3 000000008000020a (0x8881a283) x05 0000000000000000
1 3 000000008000020e (0xfe028ee3) 
1 3 000000008000020a (0x8881a283) x05 0000000000000000
1 3 000000008000020e (0xfe028ee3) 
1 3 000000008000020a (0x8881a283) x05 0000000000000000
1 3 000000008000020e (0xfe028ee3) 
1 3 000000008000020a (0x8881a283) x05 0000000000000000
1 3 000000008000020e (0xfe028ee3) 
1 3 000000008000020a (0x8881a283) x05 0000000000000000
1 3 000000008000020e (0xfe028ee3) 
1 3 000000008000020a (0x8881a283) x05 0000000000000000
1 3 000000008000020e (0xfe028ee3) 
1 3 000000008000020a (0x8881a283) x05 0000000000000000
1 3 000000008000020e (0xfe028ee3) 
1 3 000000008000020a (0x8881a283) x05 0000000000000000
1 3 000000008000020e (0xfe028ee3) 
1 3 000000008000020a (0x8881a283) x05 0000000000000000
1 3 000000008000020e (0xfe028ee3) 
1 3 000000008000020a (0x8881a283) x05 0000000000000000
1 3 000000008000020e (0xfe028ee3) 
1 3 000000008000020a (0x8881a283) x05 0000000000000000
1 3 000000008000020e (0xfe028ee3) 
1 3 000000008000020a (0x8881a283) x05 0000000000000000
1 3 000000008000020e (0xfe028ee3) 
1 3 000000008000020a (0x8881a283) x05 0000000000000000
1 3 000000008000020e (0xfe028ee3) 
1 3 000000008000020a (0x8881a283) x05 0000000000000000
1 3 000000008000020e (0xfe028ee3) 
1 3 000000008000020a (0x8881a283) x05 0000000000000000
1 3 000000008000020e (0xfe028ee3) 
1 3 000000008000020a (0x8881a283) x05 0000000000000000
1 3 000000008000020e (0xfe028ee3) 
1 3 000000008000020a (0x8881a283) x05 0000000000000000
1 3 000000008000020e (0xfe028ee3) 
1 3 000000008000020a (0x8881a283) x05 0000000000000000
1 3 000000008000020e (0xfe028ee3) 
1 3 000000008000020a (0x8881a283) x05 0000000000000000
1 3 000000008000020e (0xfe028ee3) 
1 3 000000008000020a (0x8881a283) x05 0000000000000000
1 3 000000008000020e (0xfe028ee3) 
1 3 000000008000020a (0x8881a283) x05 0000000000000000
1 3 000000008000020e (0xfe028ee3) 
1 3 000000008000020a (0x8881a283) x05 0000000000000000
1 3 000000008000020e (0xfe028ee3) 
1 3 000000008000020a (0x8881a283) x05 0000000000000000
1 3 000000008000020e (0xfe028ee3) 
1 3 000000008000020a (0x8881a283) x05 0000000000000000
1 3 000000008000020e (0xfe028ee3) 
1 3 000000008000020a (0x8881a283) x05 0000000000000000
1 3 000000008000020e (0xfe028ee3) 
1 3 000000008000020a (0x8881a283) x05 0000000000000000
1 3 000000008000020e (0xfe028ee3) 
1 3 000000008000020a (0x8881a283) x05 0000000000000000
1 3 000000008000020e (0xfe028ee3) 
1 3 000000008000020a (0x8881a283) x05 0000000000000000
1 3 000000008000020e (0xfe028ee3) 
1 3 000000008000020a (0x8881a283) x05 0000000000000000
1 3 000000008000020e (0xfe028ee3) 
1 3 000000008000020a (0x8881a283) x05 0000000000000000
1 3 000000008000020e (0xfe028ee3) 
1 3 000000008000020a (0x8881a283) x05 0000000000000000
1 3 000000008000020e (0xfe028ee3) 
1 3 000000008000020a (0x8881a283) x05 0000000000000000
1 3 000000008000020e (0xfe028ee3) 
1 3 000000008000020a (0x8881a283) x05 0000000000000000
1 3 000000008000020e (0xfe028ee3) 
1 3 000000008000020a (0x8881a283) x05 0000000000000000
1 3 000000008000020e (0xfe028ee3) 
1 3 000000008000020a (0x8881a283) x05 0000000000000000
1 3 000000008000020e (0xfe028ee3) 
1 3 000000008000020a (0x8881a283) x05 0000000000000000
1 3 000000008000020e (0xfe028ee3) 
1 3 000000008000020a (0x8881a283) x05 0000000000000000
1 3 000000008000020e (0xfe028ee3) 
1 3 000000008000020a (0x8881a283) x05 0000000000000000
1 3 000000008000020e (0xfe028ee3) 
1 3 000000008000020a (0x8881a283) x05 0000000000000000
1 3 000000008000020e (0xfe028ee3) 
1 3 000000008000020a (0x8881a283) x05 0000000000000000
1 3 000000008000020e (0xfe028ee3) 
1 3 000000008000020a (0x8881a283) x05 0000000000000000
1 3 000000008000020e (0xfe028ee3) 
1 3 000000008000020a (0x8881a283) x05 0000000000000000
1 3 000000008000020e (0xfe028ee3) 
1 3 000000008000020a (0x8881a283) x05 0000000000000000
1 3 000000008000020e (0xfe028ee3) 
1 3 000000008000020a (0x8881a283) x05 0000000000000000
1 3 000000008000020e (0xfe028ee3) 
1 3 000000008000020a (0x8881a283) x05 0000000000000000
1 3 000000008000020e (0xfe028ee3) 
1 3 000000008000020a (0x8881a283) x05 0000000000000000
1 3 000000008000020e (0xfe028ee3) 
1 3 000000008000020a (0x8881a283) x05 0000000000000000
1 3 000000008000020e (0xfe028ee3) 
1 3 000000008000020a (0x8881a283) x05 0000000000000000
1 3 000000008000020e (0xfe028ee3) 
1 3 000000008000020a (0x8881a283) x05 0000000000000000
1 3 000000008000020e (0xfe028ee3) 
1 3 000000008000020a (0x8881a283) x05 0000000000000000
1 3 000000008000020e (0xfe028ee3) 
1 3 000000008000020a (0x8881a283) x05 0000000000000000
1 3 000000008000020e (0xfe028ee3) 
1 3 000000008000020a (0x8881a283) x05 0000000000000000
1 3 000000008000020e (0xfe028ee3) 
1 3 000000008000020a (0x8881a283) x05 0000000000000000
1 3 000000008000020e (0xfe028ee3) 
1 3 000000008000020a (0x8881a283) x05 0000000000000000
1 3 000000008000020e (0xfe028ee3) 
1 3 000000008000020a (0x8881a283) x05 0000000000000000
1 3 000000008000020e (0xfe028ee3) 
1 3 000000008000020a (0x8881a283) x05 0000000000000000
1 3 000000008000020e (0xfe028ee3) 
1 3 000000008000020a (0x8881a283) x05 0000000000000000
1 3 000000008000020e (0xfe028ee3) 
1 3 000000008000020a (0x8881a283) x05 0000000000000000
1 3 000000008000020e (0xfe028ee3) 
1 3 000000008000020a (0x8881a283) x05 0000000000000000
1 3 000000008000020e (0xfe028ee3) 
1 3 000000008000020a (0x8881a283) x05 0000000000000000
1 3 000000008000020e (0xfe028ee3) 
1 3 000000008000020a (0x8881a283) x05 0000000000000000
1 3 000000008000020e (0xfe028ee3) 
1 3 000000008000020a (0x8881a283) x05 0000000000000000
1 3 000000008000020e (0xfe028ee3) 
1 3 000000008000020a (0x8881a283) x05 0000000000000000
1 3 000000008000020e (0xfe028ee3) 
1 3 000000008000020a (0x8881a283) x05 0000000000000000
1 3 000000008000020e (0xfe028ee3) 
1 3 000000008000020a (0x8881a283) x05 0000000000000000
1 3 000000008000020e (0xfe028ee3) 
1 3 000000008000020a (0x8881a283) x05 0000000000000000
1 3 000000008000020e (0xfe028ee3) 
1 3 000000008000020a (0x8881a283) x05 0000000000000000
1 3 000000008000020e (0xfe028ee3) 
1 3 000000008000020a (0x8881a283) x05 0000000000000000
1 3 000000008000020e (0xfe028ee3) 
1 3 000000008000020a (0x8881a283) x05 0000000000000000
1 3 000000008000020e (0xfe028ee3) 
1 3 000000008000020a (0x8881a283) x05 0000000000000000
1 3 000000008000020e (0xfe028ee3) 
1 3 000000008000020a (0x8881a283) x05 0000000000000000
1 3 000000008000020e (0xfe028ee3) 
1 3 000000008000020a (0x8881a283) x05 0000000000000000
1 3 000000008000020e (0xfe028ee3) 
1 3 000000008000020a (0x8881a283) x05 0000000000000000
1 3 000000008000020e (0xfe028ee3) 
1 3 000000008000020a (0x8881a283) x05 0000000000000000
1 3 000000008000020e (0xfe028ee3) 
1 3 000000008000020a (0x8881a283) x05 0000000000000000
1 3 000000008000020e (0xfe028ee3) 
1 3 000000008000020a (0x8881a283) x05 0000000000000000
1 3 000000008000020e (0xfe028ee3) 
1 3 000000008000020a (0x8881a283) x05 0000000000000000
1 3 000000008000020e (0xfe028ee3) 
1 3 000000008000020a (0x8881a283) x05 0000000000000000
1 3 000000008000020e (0xfe028ee3) 
1 3 000000008000020a (0x8881a283) x05 0000000000000000
1 3 000000008000020e (0xfe028ee3) 
1 3 000000008000020a (0x8881a283) x05 0000000000000000
1 3 000000008000020e (0xfe028ee3) 
1 3 000000008000020a (0x8881a283) x05 0000000000000000
1 3 000000008000020e (0xfe028ee3) 
1 3 000000008000020a (0x8881a283) x05 0000000000000000
1 3 000000008000020e (0xfe028ee3) 
1 3 000000008000020a (0x8881a283) x05 0000000000000000
1 3 000000008000020e (0xfe028ee3) 
1 3 000000008000020a (0x8881a283) x05 0000000000000000
1 3 000000008000020e (0xfe028ee3) 
1 3 000000008000020a (0x8881a283) x05 0000000000000000
1 3 000000008000020e (0xfe028ee3) 
1 3 000000008000020a (0x8881a283) x05 0000000000000000
1 3 000000008000020e (0xfe028ee3) 
1 3 000000008000020a (0x8881a283) x05 0000000000000000
1 3 000000008000020e (0xfe028ee3) 
1 3 000000008000020a (0x8881a283) x05 0000000000000000
1 3 000000008000020e (0xfe028ee3) 
1 3 000000008000020a (0x8881a283) x05 0000000000000000
1 3 000000008000020e (0xfe028ee3) 
1 3 000000008000020a (0x8881a283) x05 0000000000000000
1 3 000000008000020e (0xfe028ee3) 
1 3 000000008000020a (0x8881a283) x05 0000000000000000
1 3 000000008000020e (0xfe028ee3) 
1 3 000000008000020a (0x8881a283) x05 0000000000000000
1 3 000000008000020e (0xfe028ee3) 
1 3 000000008000020a (0x8881a283) x05 0000000000000000
1 3 000000008000020e (0xfe028ee3) 
1 3 000000008000020a (0x8881a283) x05 0000000000000000
1 3 000000008000020e (0xfe028ee3) 
1 3 000000008000020a (0x8881a283) x05 0000000000000000
1 3 000000008000020e (0xfe028ee3) 
1 3 000000008000020a (0x8881a283) x05 0000000000000000
1 3 000000008000020e (0xfe028ee3) 
1 3 000000008000020a (0x8881a283) x05 0000000000000000
1 3 000000008000020e (0xfe028ee3) 
1 3 000000008000020a (0x8881a283) x05 0000000000000000
1 3 000000008000020e (0xfe028ee3) 
1 3 000000008000020a (0x8881a283) x05 0000000000000000
1 3 000000008000020e (0xfe028ee3) 
1 3 000000008000020a (0x8881a283) x05 0000000000000000
1 3 000000008000020e (0xfe028ee3) 
1 3 000000008000020a (0x8881a283) x05 0000000000000000
1 3 000000008000020e (0xfe028ee3) 
1 3 000000008000020a (0x8881a283) x05 0000000000000000
1 3 000000008000020e (0xfe028ee3) 
1 3 000000008000020a (0x8881a283) x05 0000000000000000
1 3 000000008000020e (0xfe028ee3) 
1 3 000000008000020a (0x8881a283) x05 0000000000000000
1 3 000000008000020e (0xfe028ee3) 
1 3 000000008000020a (0x8881a283) x05 0000000000000000
1 3 000000008000020e (0xfe028ee3) 
1 3 000000008000020a (0x8881a283) x05 0000000000000000
1 3 000000008000020e (0xfe028ee3) 
1 3 000000008000020a (0x8881a283) x05 0000000000000000
1 3 000000008000020e (0xfe028ee3) 
1 3 000000008000020a (0x8881a283) x05 0000000000000000
1 3 000000008000020e (0xfe028ee3) 
1 3 000000008000020a (0x8881a283) x05 0000000000000000
1 3 000000008000020e (0xfe028ee3) 
1 3 000000008000020a (0x8881a283) x05 0000000000000000
1 3 000000008000020e (0xfe028ee3) 
1 3 000000008000020a (0x8881a283) x05 0000000000000000
1 3 000000008000020e (0xfe028ee3) 
1 3 000000008000020a (0x8881a283) x05 0000000000000000
1 3 000000008000020e (0xfe028ee3) 
1 3 000000008000020a (0x8881a283) x05 0000000000000000
1 3 000000008000020e (0xfe028ee3) 
1 3 000000008000020a (0x8881a283) x05 0000000000000000
1 3 000000008000020e (0xfe028ee3) 
1 3 000000008000020a (0x8881a283) x05 0000000000000000
1 3 000000008000020e (0xfe028ee3) 
1 3 000000008000020a (0x8881a283) x05 0000000000000000
1 3 000000008000020e (0xfe028ee3) 
1 3 000000008000020a (0x8881a283) x05 0000000000000000
1 3 000000008000020e (0xfe028ee3) 
1 3 000000008000020a (0x8881a283) x05 0000000000000000
1 3 000000008000020e (0xfe028ee3) 
1 3 000000008000020a (0x8881a283) x05 0000000000000000
1 3 000000008000020e (0xfe028ee3) 
1 3 000000008000020a (0x8881a283) x05 0000000000000000
1 3 000000008000020e (0xfe028ee3) 
1 3 000000008000020a (0x8881a283) x05 0000000000000000
1 3 000000008000020e (0xfe028ee3) 
1 3 000000008000020a (0x8881a283) x05 0000000000000000
1 3 000000008000020e (0xfe028ee3) 
1 3 000000008000020a (0x8881a283) x05 0000000000000000
1 3 000000008000020e (0xfe028ee3) 
1 3 000000008000020a (0x8881a283) x05 0000000000000000
1 3 000000008000020e (0xfe028ee3) 
1 3 000000008000020a (0x8881a283) x05 0000000000000000
1 3 000000008000020e (0xfe028ee3) 
1 3 000000008000020a (0x8881a283) x05 0000000000000000
1 3 000000008000020e (0xfe028ee3) 
1 3 000000008000020a (0x8881a283) x05 0000000000000000
1 3 000000008000020e (0xfe028ee3) 
1 3 000000008000020a (0x8881a283) x05 0000000000000000
1 3 000000008000020e (0xfe028ee3) 
1 3 000000008000020a (0x8881a283) x05 0000000000000000
1 3 000000008000020e (0xfe028ee3) 
1 3 000000008000020a (0x8881a283) x05 0000000000000000
1 3 000000008000020e (0xfe028ee3) 
1 3 000000008000020a (0x8881a283) x05 0000000000000000
1 3 000000008000020e (0xfe028ee3) 
1 3 000000008000020a (0x8881a283) x05 0000000000000000
1 3 000000008000020e (0xfe028ee3) 
1 3 000000008000020a (0x8881a283) x05 0000000000000000
1 3 000000008000020e (0xfe028ee3) 
1 3 000000008000020a (0x8881a283) x05 0000000000000000
1 3 000000008000020e (0xfe028ee3) 
1 3 000000008000020a (0x8881a283) x05 0000000000000000
1 3 000000008000020e (0xfe028ee3) 
1 3 000000008000020a (0x8881a283) x05 0000000000000000
1 3 000000008000020e (0xfe028ee3) 
1 3 000000008000020a (0x8881a283) x05 0000000000000000
1 3 000000008000020e (0xfe028ee3) 
1 3 000000008000020a (0x8881a283) x05 0000000000000000
1 3 000000008000020e (0xfe028ee3) 
1 3 000000008000020a (0x8881a283) x05 0000000000000000
1 3 000000008000020e (0xfe028ee3) 
1 3 000000008000020a (0x8881a283) x05 0000000000000000
1 3 000000008000020e (0xfe028ee3) 
1 3 000000008000020a (0x8881a283) x05 0000000000000000
1 3 000000008000020e (0xfe028ee3) 
1 3 000000008000020a (0x8881a283) x05 0000000000000000
1 3 000000008000020e (0xfe028ee3) 
1 3 000000008000020a (0x8881a283) x05 0000000000000000
1 3 000000008000020e (0xfe028ee3) 
1 3 000000008000020a (0x8881a283) x05 0000000000000000
1 3 000000008000020e (0xfe028ee3) 
1 3 000000008000020a (0x8881a283) x05 0000000000000000
1 3 000000008000020e (0xfe028ee3) 
1 3 000000008000020a (0x8881a283) x05 0000000000000000
1 3 000000008000020e (0xfe028ee3) 
1 3 000000008000020a (0x8881a283) x05 0000000000000000
1 3 000000008000020e (0xfe028ee3) 
1 3 000000008000020a (0x8881a283) x05 0000000000000000
1 3 000000008000020e (0xfe028ee3) 
1 3 000000008000020a (0x8881a283) x05 0000000000000000
1 3 000000008000020e (0xfe028ee3) 
1 3 000000008000020a (0x8881a283) x05 0000000000000000
1 3 000000008000020e (0xfe028ee3) 
1 3 000000008000020a (0x8881a283) x05 0000000000000000
1 3 000000008000020e (0xfe028ee3) 
1 3 000000008000020a (0x8881a283) x05 0000000000000000
1 3 000000008000020e (0xfe028ee3) 
1 3 000000008000020a (0x8881a283) x05 0000000000000000
1 3 000000008000020e (0xfe028ee3) 
1 3 000000008000020a (0x8881a283) x05 0000000000000000
1 3 000000008000020e (0xfe028ee3) 
1 3 000000008000020a (0x8881a283) x05 0000000000000000
1 3 000000008000020e (0xfe028ee3) 
1 3 000000008000020a (0x8881a283) x05 0000000000000000
1 3 000000008000020e (0xfe028ee3) 
1 3 000000008000020a (0x8881a283) x05 0000000000000000
1 3 000000008000020e (0xfe028ee3) 
1 3 000000008000020a (0x8881a283) x05 0000000000000000
1 3 000000008000020e (0xfe028ee3) 
1 3 000000008000020a (0x8881a283) x05 0000000000000000
1 3 000000008000020e (0xfe028ee3) 
1 3 000000008000020a (0x8881a283) x05 0000000000000000
1 3 000000008000020e (0xfe028ee3) 
1 3 000000008000020a (0x8881a283) x05 0000000000000000
1 3 000000008000020e (0xfe028ee3) 
1 3 000000008000020a (0x8881a283) x05 0000000000000000
1 3 000000008000020e (0xfe028ee3) 
1 3 000000008000020a (0x8881a283) x05 0000000000000000
1 3 000000008000020e (0xfe028ee3) 
1 3 000000008000020a (0x8881a283) x05 0000000000000000
1 3 000000008000020e (0xfe028ee3) 
1 3 000000008000020a (0x8881a283) x05 0000000000000000
1 3 000000008000020e (0xfe028ee3) 
1 3 000000008000020a (0x8881a283) x05 0000000000000000
1 3 000000008000020e (0xfe028ee3) 
1 3 000000008000020a (0x8881a283) x05 0000000000000000
1 3 000000008000020e (0xfe028ee3) 
1 3 000000008000020a (0x8881a283) x05 0000000000000000
1 3 000000008000020e (0xfe028ee3) 
1 3 000000008000020a (0x8881a283) x05 0000000000000000
1 3 000000008000020e (0xfe028ee3) 
1 3 000000008000020a (0x8881a283) x05 0000000000000000
1 3 000000008000020e (0xfe028ee3) 
1 3 000000008000020a (0x8881a283) x05 0000000000000000
1 3 000000008000020e (0xfe028ee3) 
1 3 000000008000020a (0x8881a283) x05 0000000000000000
1 3 000000008000020e (0xfe028ee3) 
1 3 000000008000020a (0x8881a283) x05 0000000000000000
1 3 000000008000020e (0xfe028ee3) 
1 3 000000008000020a (0x8881a283) x05 0000000000000000
1 3 000000008000020e (0xfe028ee3) 
1 3 000000008000020a (0x8881a283) x05 0000000000000000
1 3 000000008000020e (0xfe028ee3) 
1 3 000000008000020a (0x8881a283) x05 0000000000000000
1 3 000000008000020e (0xfe028ee3) 
1 3 000000008000020a (0x8881a283) x05 0000000000000000
1 3 000000008000020e (0xfe028ee3) 
1 3 000000008000020a (0x8881a283) x05 0000000000000000
1 3 000000008000020e (0xfe028ee3) 
1 3 000000008000020a (0x8881a283) x05 0000000000000000
1 3 000000008000020e (0xfe028ee3) 
1 3 000000008000020a (0x8881a283) x05 0000000000000000
1 3 000000008000020e (0xfe028ee3) 
1 3 000000008000020a (0x8881a283) x05 0000000000000000
1 3 000000008000020e (0xfe028ee3) 
1 3 000000008000020a (0x8881a283) x05 0000000000000000
1 3 000000008000020e (0xfe028ee3) 
1 3 000000008000020a (0x8881a283) x05 0000000000000000
1 3 000000008000020e (0xfe028ee3) 
1 3 000000008000020a (0x8881a283) x05 0000000000000000
1 3 000000008000020e (0xfe028ee3) 
1 3 000000008000020a (0x8881a283) x05 0000000000000000
1 3 000000008000020e (0xfe028ee3) 
1 3 000000008000020a (0x8881a283) x05 0000000000000000
1 3 000000008000020e (0xfe028ee3) 
1 3 000000008000020a (0x8881a283) x05 0000000000000000
1 3 000000008000020e (0xfe028ee3) 
1 3 000000008000020a (0x8881a283) x05 0000000000000000
1 3 000000008000020e (0xfe028ee3) 
1 3 000000008000020a (0x8881a283) x05 0000000000000000
1 3 000000008000020e (0xfe028ee3) 
1 3 000000008000020a (0x8881a283) x05 0000000000000000
1 3 000000008000020e (0xfe028ee3) 
1 3 000000008000020a (0x8881a283) x05 0000000000000000
1 3 000000008000020e (0xfe028ee3) 
1 3 000000008000020a (0x8881a283) x05 0000000000000000
1 3 000000008000020e (0xfe028ee3) 
1 3 000000008000020a (0x8881a283) x05 0000000000000000
1 3 000000008000020e (0xfe028ee3) 
1 3 000000008000020a (0x8881a283) x05 0000000000000000
1 3 000000008000020e (0xfe028ee3) 
1 3 000000008000020a (0x8881a283) x05 0000000000000000
1 3 000000008000020e (0xfe028ee3) 
1 3 000000008000020a (0x8881a283) x05 0000000000000000
1 3 000000008000020e (0xfe028ee3) 
1 3 000000008000020a (0x8881a283) x05 0000000000000000
1 3 000000008000020e (0xfe028ee3) 
1 3 000000008000020a (0x8881a283) x05 0000000000000000
1 3 000000008000020e (0xfe028ee3) 
1 3 000000008000020a (0x8881a283) x05 0000000000000000
1 3 000000008000020e (0xfe028ee3) 
1 3 000000008000020a (0x8881a283) x05 0000000000000000
1 3 000000008000020e (0xfe028ee3) 
1 3 000000008000020a (0x8881a283) x05 0000000000000000
1 3 000000008000020e (0xfe028ee3) 
1 3 000000008000020a (0x8881a283) x05 0000000000000000
1 3 000000008000020e (0xfe028ee3) 
1 3 000000008000020a (0x8881a283) x05 0000000000000000
1 3 000000008000020e (0xfe028ee3) 
1 3 000000008000020a (0x8881a283) x05 0000000000000000
1 3 000000008000020e (0xfe028ee3) 
1 3 000000008000020a (0x8881a283) x05 0000000000000000
1 3 000000008000020e (0xfe028ee3) 
1 3 000000008000020a (0x8881a283) x05 0000000000000000
1 3 000000008000020e (0xfe028ee3) 
1 3 000000008000020a (0x8881a283) x05 0000000000000000
1 3 000000008000020e (0xfe028ee3) 
1 3 000000008000020a (0x8881a283) x05 0000000000000000
1 3 000000008000020e (0xfe028ee3) 
1 3 000000008000020a (0x8881a283) x05 0000000000000000
1 3 000000008000020e (0xfe028ee3) 
1 3 000000008000020a (0x8881a283) x05 0000000000000000
1 3 000000008000020e (0xfe028ee3) 
1 3 000000008000020a (0x8881a283) x05 0000000000000000
1 3 000000008000020e (0xfe028ee3) 
1 3 000000008000020a (0x8881a283) x05 0000000000000000
1 3 000000008000020e (0xfe028ee3) 
1 3 000000008000020a (0x8881a283) x05 0000000000000000
1 3 000000008000020e (0xfe028ee3) 
1 3 000000008000020a (0x8881a283) x05 0000000000000000
1 3 000000008000020e (0xfe028ee3) 
1 3 000000008000020a (0x8881a283) x05 0000000000000000
1 3 000000008000020e (0xfe028ee3) 
1 3 000000008000020a (0x8881a283) x05 0000000000000000
1 3 000000008000020e (0xfe028ee3) 
1 3 000000008000020a (0x8881a283) x05 0000000000000000
1 3 000000008000020e (0xfe028ee3) 
1 3 000000008000020a (0x8881a283) x05 0000000000000000
1 3 000000008000020e (0xfe028ee3) 
1 3 000000008000020a (0x8881a283) x05 0000000000000000
1 3 000000008000020e (0xfe028ee3) 
1 3 000000008000020a (0x8881a283) x05 0000000000000000
1 3 000000008000020e (0xfe028ee3) 
1 3 000000008000020a (0x8881a283) x05 0000000000000000
1 3 000000008000020e (0xfe028ee3) 
1 3 000000008000020a (0x8881a283) x05 0000000000000000
1 3 000000008000020e (0xfe028ee3) 
1 3 000000008000020a (0x8881a283) x05 0000000000000000
1 3 000000008000020e (0xfe028ee3) 
1 3 000000008000020a (0x8881a283) x05 0000000000000000
1 3 000000008000020e (0xfe028ee3) 
1 3 000000008000020a (0x8881a283) x05 0000000000000000
1 3 000000008000020e (0xfe028ee3) 
1 3 000000008000020a (0x8881a283) x05 0000000000000000
1 3 000000008000020e (0xfe028ee3) 
1 3 000000008000020a (0x8881a283) x05 0000000000000000
1 3 000000008000020e (0xfe028ee3) 
1 3 000000008000020a (0x8881a283) x05 0000000000000000
1 3 000000008000020e (0xfe028ee3) 
1 3 000000008000020a (0x8881a283) x05 0000000000000000
1 3 000000008000020e (0xfe028ee3) 
1 3 000000008000020a (0x8881a283) x05 0000000000000000
1 3 000000008000020e (0xfe028ee3) 
1 3 000000008000020a (0x8881a283) x05 0000000000000000
1 3 000000008000020e (0xfe028ee3) 
1 3 000000008000020a (0x8881a283) x05 0000000000000000
1 3 000000008000020e (0xfe028ee3) 
1 3 000000008000020a (0x8881a283) x05 0000000000000000
1 3 000000008000020e (0xfe028ee3) 
1 3 000000008000020a (0x8881a283) x05 0000000000000000
1 3 000000008000020e (0xfe028ee3) 
1 3 000000008000020a (0x8881a283) x05 0000000000000000
1 3 000000008000020e (0xfe028ee3) 
1 3 000000008000020a (0x8881a283) x05 0000000000000000
1 3 000000008000020e (0xfe028ee3) 
1 3 000000008000020a (0x8881a283) x05 0000000000000000
1 3 000000008000020e (0xfe028ee3) 
1 3 000000008000020a (0x8881a283) x05 0000000000000000
1 3 000000008000020e (0xfe028ee3) 
1 3 000000008000020a (0x8881a283) x05 0000000000000000
1 3 000000008000020e (0xfe028ee3) 
1 3 000000008000020a (0x8881a283) x05 0000000000000000
1 3 000000008000020e (0xfe028ee3) 
1 3 000000008000020a (0x8881a283) x05 0000000000000000
1 3 000000008000020e (0xfe028ee3) 
1 3 000000008000020a (0x8881a283) x05 0000000000000000
1 3 000000008000020e (0xfe028ee3) 
1 3 000000008000020a (0x8881a283) x05 0000000000000000
1 3 000000008000020e (0xfe028ee3) 
1 3 000000008000020a (0x8881a283) x05 0000000000000000
1 3 000000008000020e (0xfe028ee3) 
1 3 000000008000020a (0x8881a283) x05 0000000000000000
1 3 000000008000020e (0xfe028ee3) 
1 3 000000008000020a (0x8881a283) x05 0000000000000000
1 3 000000008000020e (0xfe028ee3) 
1 3 000000008000020a (0x8881a283) x05 0000000000000000
1 3 000000008000020e (0xfe028ee3) 
1 3 000000008000020a (0x8881a283) x05 0000000000000000
1 3 000000008000020e (0xfe028ee3) 
1 3 000000008000020a (0x8881a283) x05 0000000000000000
1 3 000000008000020e (0xfe028ee3) 
1 3 000000008000020a (0x8881a283) x05 0000000000000000
1 3 000000008000020e (0xfe028ee3) 
1 3 000000008000020a (0x8881a283) x05 0000000000000000
1 3 000000008000020e (0xfe028ee3) 
1 3 000000008000020a (0x8881a283) x05 0000000000000000
1 3 000000008000020e (0xfe028ee3) 
1 3 000000008000020a (0x8881a283) x05 0000000000000000
1 3 000000008000020e (0xfe028ee3) 
1 3 000000008000020a (0x8881a283) x05 0000000000000000
1 3 000000008000020e (0xfe028ee3) 
1 3 000000008000020a (0x8881a283) x05 0000000000000000
1 3 000000008000020e (0xfe028ee3) 
1 3 000000008000020a (0x8881a283) x05 0000000000000000
1 3 000000008000020e (0xfe028ee3) 
1 3 000000008000020a (0x8881a283) x05 0000000000000000
1 3 000000008000020e (0xfe028ee3) 
1 3 000000008000020a (0x8881a283) x05 0000000000000000
1 3 000000008000020e (0xfe028ee3) 
1 3 000000008000020a (0x8881a283) x05 0000000000000000
1 3 000000008000020e (0xfe028ee3) 
1 3 000000008000020a (0x8881a283) x05 0000000000000000
1 3 000000008000020e (0xfe028ee3) 
1 3 000000008000020a (0x8881a283) x05 0000000000000000
1 3 000000008000020e (0xfe028ee3) 
1 3 000000008000020a (0x8881a283) x05 0000000000000000
1 3 000000008000020e (0xfe028ee3) 
1 3 000000008000020a (0x8881a283) x05 0000000000000000
1 3 000000008000020e (0xfe028ee3) 
1 3 000000008000020a (0x8881a283) x05 0000000000000000
1 3 000000008000020e (0xfe028ee3) 
1 3 000000008000020a (0x8881a283) x05 0000000000000000
1 3 000000008000020e (0xfe028ee3) 
1 3 000000008000020a (0x8881a283) x05 0000000000000000
1 3 000000008000020e (0xfe028ee3) 
1 3 000000008000020a (0x8881a283) x05 0000000000000000
1 3 000000008000020e (0xfe028ee3) 
1 3 000000008000020a (0x8881a283) x05 0000000000000000
1 3 000000008000020e (0xfe028ee3) 
1 3 000000008000020a (0x8881a283) x05 0000000000000000
1 3 000000008000020e (0xfe028ee3) 
1 3 000000008000020a (0x8881a283) x05 0000000000000000
1 3 000000008000020e (0xfe028ee3) 
1 3 000000008000020a (0x8881a283) x05 0000000000000000
1 3 000000008000020e (0xfe028ee3) 
1 3 000000008000020a (0x8881a283) x05 0000000000000000
1 3 000000008000020e (0xfe028ee3) 
1 3 000000008000020a (0x8881a283) x05 0000000000000000
1 3 000000008000020e (0xfe028ee3) 
1 3 000000008000020a (0x8881a283) x05 0000000000000000
1 3 000000008000020e (0xfe028ee3) 
1 3 000000008000020a (0x8881a283) x05 0000000000000000
1 3 000000008000020e (0xfe028ee3) 
1 3 000000008000020a (0x8881a283) x05 0000000000000000
1 3 000000008000020e (0xfe028ee3) 
1 3 000000008000020a (0x8881a283) x05 0000000000000000
1 3 000000008000020e (0xfe028ee3) 
1 3 000000008000020a (0x8881a283) x05 0000000000000000
1 3 000000008000020e (0xfe028ee3) 
1 3 000000008000020a (0x8881a283) x05 0000000000000000
1 3 000000008000020e (0xfe028ee3) 
1 3 000000008000020a (0x8881a283) x05 0000000000000000
1 3 000000008000020e (0xfe028ee3) 
1 3 000000008000020a (0x8881a283) x05 0000000000000000
1 3 000000008000020e (0xfe028ee3) 
1 3 000000008000020a (0x8881a283) x05 0000000000000000
1 3 000000008000020e (0xfe028ee3) 
1 3 000000008000020a (0x8881a283) x05 0000000000000000
1 3 000000008000020e (0xfe028ee3) 
1 3 000000008000020a (0x8881a283) x05 0000000000000000
1 3 000000008000020e (0xfe028ee3) 
1 3 000000008000020a (0x8881a283) x05 0000000000000000
1 3 000000008000020e (0xfe028ee3) 
1 3 000000008000020a (0x8881a283) x05 0000000000000000
1 3 000000008000020e (0xfe028ee3) 
1 3 000000008000020a (0x8881a283) x05 0000000000000000
1 3 000000008000020e (0xfe028ee3) 
1 3 000000008000020a (0x8881a283) x05 0000000000000000
1 3 000000008000020e (0xfe028ee3) 
1 3 000000008000020a (0x8881a283) x05 0000000000000000
1 3 000000008000020e (0xfe028ee3) 
1 3 000000008000020a (0x8881a283) x05 0000000000000000
1 3 000000008000020e (0xfe028ee3) 
1 3 000000008000020a (0x8881a283) x05 0000000000000000
1 3 000000008000020e (0xfe028ee3) 
1 3 000000008000020a (0x8881a283) x05 0000000000000000
1 3 000000008000020e (0xfe028ee3) 
1 3 000000008000020a (0x8881a283) x05 0000000000000000
1 3 000000008000020e (0xfe028ee3) 
1 3 000000008000020a (0x8881a283) x05 0000000000000000
1 3 000000008000020e (0xfe028ee3) 
1 3 000000008000020a (0x8881a283) x05 0000000000000000
1 3 000000008000020e (0xfe028ee3) 
1 3 000000008000020a (0x8881a283) x05 0000000000000000
1 3 000000008000020e (0xfe028ee3) 
1 3 000000008000020a (0x8881a283) x05 0000000000000000
1 3 000000008000020e (0xfe028ee3) 
1 3 000000008000020a (0x8881a283) x05 0000000000000000
1 3 000000008000020e (0xfe028ee3) 
1 3 000000008000020a (0x8881a283) x05 0000000000000000
1 3 000000008000020e (0xfe028ee3) 
1 3 000000008000020a (0x8881a283) x05 0000000000000000
1 3 000000008000020e (0xfe028ee3) 
1 3 000000008000020a (0x8881a283) x05 0000000000000000
1 3 000000008000020e (0xfe028ee3) 
1 3 000000008000020a (0x8881a283) x05 0000000000000000
1 3 000000008000020e (0xfe028ee3) 
1 3 000000008000020a (0x8881a283) x05 0000000000000000
1 3 000000008000020e (0xfe028ee3) 
1 3 000000008000020a (0x8881a283) x05 0000000000000000
1 3 000000008000020e (0xfe028ee3) 
1 3 000000008000020a (0x8881a283) x05 0000000000000000
1 3 000000008000020e (0xfe028ee3) 
1 3 000000008000020a (0x8881a283) x05 0000000000000000
1 3 000000008000020e (0xfe028ee3) 
1 3 000000008000020a (0x8881a283) x05 0000000000000000
1 3 000000008000020e (0xfe028ee3) 
1 3 000000008000020a (0x8881a283) x05 0000000000000000
1 3 000000008000020e (0xfe028ee3) 
1 3 000000008000020a (0x8881a283) x05 0000000000000000
1 3 000000008000020e (0xfe028ee3) 
1 3 000000008000020a (0x8881a283) x05 0000000000000000
1 3 000000008000020e (0xfe028ee3) 
1 3 000000008000020a (0x8881a283) x05 0000000000000000
1 3 000000008000020e (0xfe028ee3) 
1 3 000000008000020a (0x8881a283) x05 0000000000000000
1 3 000000008000020e (0xfe028ee3) 
1 3 000000008000020a (0x8881a283) x05 0000000000000000
1 3 000000008000020e (0xfe028ee3) 
1 3 000000008000020a (0x8881a283) x05 0000000000000000
1 3 000000008000020e (0xfe028ee3) 
1 3 000000008000020a (0x8881a283) x05 0000000000000000
1 3 000000008000020e (0xfe028ee3) 
1 3 000000008000020a (0x8881a283) x05 0000000000000000
1 3 000000008000020e (0xfe028ee3) 
1 3 000000008000020a (0x8881a283) x05 0000000000000000
1 3 000000008000020e (0xfe028ee3) 
1 3 000000008000020a (0x8881a283) x05 0000000000000000
1 3 000000008000020e (0xfe028ee3) 
1 3 000000008000020a (0x8881a283) x05 0000000000000000
1 3 000000008000020e (0xfe028ee3) 
1 3 000000008000020a (0x8881a283) x05 0000000000000000
1 3 000000008000020e (0xfe028ee3) 
1 3 000000008000020a (0x8881a283) x05 0000000000000000
1 3 000000008000020e (0xfe028ee3) 
1 3 000000008000020a (0x8881a283) x05 0000000000000000
1 3 000000008000020e (0xfe028ee3) 
1 3 000000008000020a (0x8881a283) x05 0000000000000000
1 3 000000008000020e (0xfe028ee3) 
1 3 000000008000020a (0x8881a283) x05 0000000000000000
1 3 000000008000020e (0xfe028ee3) 
1 3 000000008000020a (0x8881a283) x05 0000000000000000
1 3 000000008000020e (0xfe028ee3) 
1 3 000000008000020a (0x8881a283) x05 0000000000000000
1 3 000000008000020e (0xfe028ee3) 
1 3 000000008000020a (0x8881a283) x05 0000000000000000
1 3 000000008000020e (0xfe028ee3) 
1 3 000000008000020a (0x8881a283) x05 0000000000000000
1 3 000000008000020e (0xfe028ee3) 
1 3 000000008000020a (0x8881a283) x05 0000000000000000
1 3 000000008000020e (0xfe028ee3) 
1 3 000000008000020a (0x8881a283) x05 0000000000000000
1 3 000000008000020e (0xfe028ee3) 
1 3 000000008000020a (0x8881a283) x05 0000000000000000
1 3 000000008000020e (0xfe028ee3) 
1 3 000000008000020a (0x8881a283) x05 0000000000000000
1 3 000000008000020e (0xfe028ee3) 
1 3 000000008000020a (0x8881a283) x05 0000000000000000
1 3 000000008000020e (0xfe028ee3) 
1 3 000000008000020a (0x8881a283) x05 0000000000000000
1 3 000000008000020e (0xfe028ee3) 
1 3 000000008000020a (0x8881a283) x05 0000000000000000
1 3 000000008000020e (0xfe028ee3) 
1 3 000000008000020a (0x8881a283) x05 0000000000000000
1 3 000000008000020e (0xfe028ee3) 
1 3 000000008000020a (0x8881a283) x05 0000000000000000
1 3 000000008000020e (0xfe028ee3) 
1 3 000000008000020a (0x8881a283) x05 0000000000000000
1 3 000000008000020e (0xfe028ee3) 
1 3 000000008000020a (0x8881a283) x05 0000000000000000
1 3 000000008000020e (0xfe028ee3) 
1 3 000000008000020a (0x8881a283) x05 0000000000000000
1 3 000000008000020e (0xfe028ee3) 
1 3 000000008000020a (0x8881a283) x05 0000000000000000
1 3 000000008000020e (0xfe028ee3) 
1 3 000000008000020a (0x8881a283) x05 0000000000000000
1 3 000000008000020e (0xfe028ee3) 
1 3 000000008000020a (0x8881a283) x05 0000000000000000
1 3 000000008000020e (0xfe028ee3) 
1 3 000000008000020a (0x8881a283) x05 0000000000000000
1 3 000000008000020e (0xfe028ee3) 
1 3 000000008000020a (0x8881a283) x05 0000000000000000
1 3 000000008000020e (0xfe028ee3) 
1 3 000000008000020a (0x8881a283) x05 0000000000000000
1 3 000000008000020e (0xfe028ee3) 
1 3 000000008000020a (0x8881a283) x05 0000000000000000
1 3 000000008000020e (0xfe028ee3) 
1 3 000000008000020a (0x8881a283) x05 0000000000000000
1 3 000000008000020e (0xfe028ee3) 
1 3 000000008000020a (0x8881a283) x05 0000000000000000
1 3 000000008000020e (0xfe028ee3) 
1 3 000000008000020a (0x8881a283) x05 0000000000000000
1 3 000000008000020e (0xfe028ee3) 
1 3 000000008000020a (0x8881a283) x05 0000000000000000
1 3 000000008000020e (0xfe028ee3) 
1 3 000000008000020a (0x8881a283) x05 0000000000000000
1 3 000000008000020e (0xfe028ee3) 
1 3 000000008000020a (0x8881a283) x05 0000000000000000
1 3 000000008000020e (0xfe028ee3) 
1 3 000000008000020a (0x8881a283) x05 0000000000000000
1 3 000000008000020e (0xfe028ee3) 
1 3 000000008000020a (0x8881a283) x05 0000000000000000
1 3 000000008000020e (0xfe028ee3) 
1 3 000000008000020a (0x8881a283) x05 0000000000000000
1 3 000000008000020e (0xfe028ee3) 
1 3 000000008000020a (0x8881a283) x05 0000000000000000
1 3 000000008000020e (0xfe028ee3) 
1 3 000000008000020a (0x8881a283) x05 0000000000000000
1 3 000000008000020e (0xfe028ee3) 
1 3 000000008000020a (0x8881a283) x05 0000000000000000
1 3 000000008000020e (0xfe028ee3) 
1 3 000000008000020a (0x8881a283) x05 0000000000000000
1 3 000000008000020e (0xfe028ee3) 
1 3 000000008000020a (0x8881a283) x05 0000000000000000
1 3 000000008000020e (0xfe028ee3) 
1 3 000000008000020a (0x8881a283) x05 0000000000000000
1 3 000000008000020e (0xfe028ee3) 
1 3 000000008000020a (0x8881a283) x05 0000000000000000
1 3 000000008000020e (0xfe028ee3) 
1 3 000000008000020a (0x8881a283) x05 0000000000000000
1 3 000000008000020e (0xfe028ee3) 
1 3 000000008000020a (0x8881a283) x05 0000000000000000
1 3 000000008000020e (0xfe028ee3) 
1 3 000000008000020a (0x8881a283) x05 0000000000000000
1 3 000000008000020e (0xfe028ee3) 
1 3 000000008000020a (0x8881a283) x05 0000000000000000
1 3 000000008000020e (0xfe028ee3) 
1 3 000000008000020a (0x8881a283) x05 0000000000000000
1 3 000000008000020e (0xfe028ee3) 
1 3 000000008000020a (0x8881a283) x05 0000000000000000
1 3 000000008000020e (0xfe028ee3) 
1 3 000000008000020a (0x8881a283) x05 0000000000000000
1 3 000000008000020e (0xfe028ee3) 
1 3 000000008000020a (0x8881a283) x05 0000000000000000
1 3 000000008000020e (0xfe028ee3) 
1 3 000000008000020a (0x8881a283) x05 0000000000000000
1 3 000000008000020e (0xfe028ee3) 
1 3 000000008000020a (0x8881a283) x05 0000000000000000
1 3 000000008000020e (0xfe028ee3) 
1 3 000000008000020a (0x8881a283) x05 0000000000000000
1 3 000000008000020e (0xfe028ee3) 
1 3 000000008000020a (0x8881a283) x05 0000000000000000
1 3 000000008000020e (0xfe028ee3) 
1 3 000000008000020a (0x8881a283) x05 0000000000000000
1 3 000000008000020e (0xfe028ee3) 
1 3 000000008000020a (0x8881a283) x05 0000000000000000
1 3 000000008000020e (0xfe028ee3) 
1 3 000000008000020a (0x8881a283) x05 0000000000000000
1 3 000000008000020e (0xfe028ee3) 
1 3 000000008000020a (0x8881a283) x05 0000000000000000
1 3 000000008000020e (0xfe028ee3) 
1 3 000000008000020a (0x8881a283) x05 0000000000000000
1 3 000000008000020e (0xfe028ee3) 
1 3 000000008000020a (0x8881a283) x05 0000000000000000
1 3 000000008000020e (0xfe028ee3) 
1 3 000000008000020a (0x8881a283) x05 0000000000000000
1 3 000000008000020e (0xfe028ee3) 
1 3 000000008000020a (0x8881a283) x05 0000000000000000
1 3 000000008000020e (0xfe028ee3) 
1 3 000000008000020a (0x8881a283) x05 0000000000000000
1 3 000000008000020e (0xfe028ee3) 
1 3 000000008000020a (0x8881a283) x05 0000000000000000
1 3 000000008000020e (0xfe028ee3) 
1 3 000000008000020a (0x8881a283) x05 0000000000000000
1 3 000000008000020e (0xfe028ee3) 
1 3 000000008000020a (0x8881a283) x05 0000000000000000
1 3 000000008000020e (0xfe028ee3) 
1 3 000000008000020a (0x8881a283) x05 0000000000000000
1 3 000000008000020e (0xfe028ee3) 
1 3 000000008000020a (0x8881a283) x05 0000000000000000
1 3 000000008000020e (0xfe028ee3) 
1 3 000000008000020a (0x8881a283) x05 0000000000000000
1 3 000000008000020e (0xfe028ee3) 
1 3 000000008000020a (0x8881a283) x05 0000000000000000
1 3 000000008000020e (0xfe028ee3) 
1 3 000000008000020a (0x8881a283) x05 0000000000000000
1 3 000000008000020e (0xfe028ee3) 
1 3 000000008000020a (0x8881a283) x05 0000000000000000
1 3 000000008000020e (0xfe028ee3) 
1 3 000000008000020a (0x8881a283) x05 0000000000000000
1 3 000000008000020e (0xfe028ee3) 
1 3 000000008000020a (0x8881a283) x05 0000000000000000
1 3 000000008000020e (0xfe028ee3) 
1 3 000000008000020a (0x8881a283) x05 0000000000000000
1 3 000000008000020e (0xfe028ee3) 
1 3 000000008000020a (0x8881a283) x05 0000000000000000
1 3 000000008000020e (0xfe028ee3) 
1 3 000000008000020a (0x8881a283) x05 0000000000000000
1 3 000000008000020e (0xfe028ee3) 
1 3 000000008000020a (0x8881a283) x05 0000000000000000
1 3 000000008000020e (0xfe028ee3) 
1 3 000000008000020a (0x8881a283) x05 0000000000000000
1 3 000000008000020e (0xfe028ee3) 
1 3 000000008000020a (0x8881a283) x05 0000000000000000
1 3 000000008000020e (0xfe028ee3) 
1 3 000000008000020a (0x8881a283) x05 0000000000000000
1 3 000000008000020e (0xfe028ee3) 
1 3 000000008000020a (0x8881a283) x05 0000000000000000
1 3 000000008000020e (0xfe028ee3) 
1 3 000000008000020a (0x8881a283) x05 0000000000000000
1 3 000000008000020e (0xfe028ee3) 
1 3 000000008000020a (0x8881a283) x05 0000000000000000
1 3 000000008000020e (0xfe028ee3) 
1 3 000000008000020a (0x8881a283) x05 0000000000000000
1 3 000000008000020e (0xfe028ee3) 
1 3 000000008000020a (0x8881a283) x05 0000000000000000
1 3 000000008000020e (0xfe028ee3) 
1 3 000000008000020a (0x8881a283) x05 0000000000000000
1 3 000000008000020e (0xfe028ee3) 
1 3 000000008000020a (0x8881a283) x05 0000000000000000
1 3 000000008000020e (0xfe028ee3) 
1 3 000000008000020a (0x8881a283) x05 0000000000000000
1 3 000000008000020e (0xfe028ee3) 
1 3 000000008000020a (0x8881a283) x05 0000000000000000
1 3 000000008000020e (0xfe028ee3) 
1 3 000000008000020a (0x8881a283) x05 0000000000000000
1 3 000000008000020e (0xfe028ee3) 
1 3 000000008000020a (0x8881a283) x05 0000000000000000
1 3 000000008000020e (0xfe028ee3) 
1 3 000000008000020a (0x8881a283) x05 0000000000000000
1 3 000000008000020e (0xfe028ee3) 
1 3 000000008000020a (0x8881a283) x05 0000000000000000
1 3 000000008000020e (0xfe028ee3) 
1 3 000000008000020a (0x8881a283) x05 0000000000000000
1 3 000000008000020e (0xfe028ee3) 
1 3 000000008000020a (0x8881a283) x05 0000000000000000
1 3 000000008000020e (0xfe028ee3) 
1 3 000000008000020a (0x8881a283) x05 0000000000000000
1 3 000000008000020e (0xfe028ee3) 
1 3 000000008000020a (0x8881a283) x05 0000000000000000
1 3 000000008000020e (0xfe028ee3) 
1 3 000000008000020a (0x8881a283) x05 0000000000000000
1 3 000000008000020e (0xfe028ee3) 
1 3 000000008000020a (0x8881a283) x05 0000000000000000
1 3 000000008000020e (0xfe028ee3) 
1 3 000000008000020a (0x8881a283) x05 0000000000000000
1 3 000000008000020e (0xfe028ee3) 
1 3 000000008000020a (0x8881a283) x05 0000000000000000
1 3 000000008000020e (0xfe028ee3) 
1 3 000000008000020a (0x8881a283) x05 0000000000000000
1 3 000000008000020e (0xfe028ee3) 
1 3 000000008000020a (0x8881a283) x05 0000000000000000
1 3 000000008000020e (0xfe028ee3) 
1 3 000000008000020a (0x8881a283) x05 0000000000000000
1 3 000000008000020e (0xfe028ee3) 
1 3 000000008000020a (0x8881a283) x05 0000000000000000
1 3 000000008000020e (0xfe028ee3) 
1 3 000000008000020a (0x8881a283) x05 0000000000000000
1 3 000000008000020e (0xfe028ee3) 
1 3 000000008000020a (0x8881a283) x05 0000000000000000
1 3 000000008000020e (0xfe028ee3) 
1 3 000000008000020a (0x8881a283) x05 0000000000000000
1 3 000000008000020e (0xfe028ee3) 
1 3 000000008000020a (0x8881a283) x05 0000000000000000
1 3 000000008000020e (0xfe028ee3) 
1 3 000000008000020a (0x8881a283) x05 0000000000000000
1 3 000000008000020e (0xfe028ee3) 
1 3 000000008000020a (0x8881a283) x05 0000000000000000
1 3 000000008000020e (0xfe028ee3) 
1 3 000000008000020a (0x8881a283) x05 0000000000000000
1 3 000000008000020e (0xfe028ee3) 
1 3 000000008000020a (0x8881a283) x05 0000000000000000
1 3 000000008000020e (0xfe028ee3) 
1 3 000000008000020a (0x8881a283) x05 0000000000000000
1 3 000000008000020e (0xfe028ee3) 
1 3 000000008000020a (0x8881a283) x05 0000000000000000
1 3 000000008000020e (0xfe028ee3) 
1 3 000000008000020a (0x8881a283) x05 0000000000000000
1 3 000000008000020e (0xfe028ee3) 
1 3 000000008000020a (0x8881a283) x05 0000000000000000
1 3 000000008000020e (0xfe028ee3) 
1 3 000000008000020a (0x8881a283) x05 0000000000000000
1 3 000000008000020e (0xfe028ee3) 
1 3 000000008000020a (0x8881a283) x05 0000000000000000
1 3 000000008000020e (0xfe028ee3) 
1 3 000000008000020a (0x8881a283) x05 0000000000000000
1 3 000000008000020e (0xfe028ee3) 
1 3 000000008000020a (0x8881a283) x05 0000000000000000
1 3 000000008000020e (0xfe028ee3) 
1 3 000000008000020a (0x8881a283) x05 0000000000000000
1 3 000000008000020e (0xfe028ee3) 
1 3 000000008000020a (0x8881a283) x05 0000000000000000
1 3 000000008000020e (0xfe028ee3) 
1 3 000000008000020a (0x8881a283) x05 0000000000000000
1 3 000000008000020e (0xfe028ee3) 
1 3 000000008000020a (0x8881a283) x05 0000000000000000
1 3 000000008000020e (0xfe028ee3) 
1 3 000000008000020a (0x8881a283) x05 0000000000000000
1 3 000000008000020e (0xfe028ee3) 
1 3 000000008000020a (0x8881a283) x05 0000000000000000
1 3 000000008000020e (0xfe028ee3) 
1 3 000000008000020a (0x8881a283) x05 0000000000000000
1 3 000000008000020e (0xfe028ee3) 
1 3 000000008000020a (0x8881a283) x05 0000000000000000
1 3 000000008000020e (0xfe028ee3) 
1 3 000000008000020a (0x8881a283) x05 0000000000000000
1 3 000000008000020e (0xfe028ee3) 
1 3 000000008000020a (0x8881a283) x05 0000000000000000
1 3 000000008000020e (0xfe028ee3) 
1 3 000000008000020a (0x8881a283) x05 0000000000000000
1 3 000000008000020e (0xfe028ee3) 
1 3 000000008000020a (0x8881a283) x05 0000000000000000
1 3 000000008000020e (0xfe028ee3) 
1 3 000000008000020a (0x8881a283) x05 0000000000000000
1 3 000000008000020e (0xfe028ee3) 
1 3 000000008000020a (0x8881a283) x05 0000000000000000
1 3 000000008000020e (0xfe028ee3) 
1 3 000000008000020a (0x8881a283) x05 0000000000000000
1 3 000000008000020e (0xfe028ee3) 
1 3 000000008000020a (0x8881a283) x05 0000000000000000
1 3 000000008000020e (0xfe028ee3) 
1 3 000000008000020a (0x8881a283) x05 0000000000000000
1 3 000000008000020e (0xfe028ee3) 
1 3 000000008000020a (0x8881a283) x05 0000000000000000
1 3 000000008000020e (0xfe028ee3) 
1 3 000000008000020a (0x8881a283) x05 0000000000000000
1 3 000000008000020e (0xfe028ee3) 
1 3 000000008000020a (0x8881a283) x05 0000000000000000
1 3 000000008000020e (0xfe028ee3) 
1 3 000000008000020a (0x8881a283) x05 0000000000000000
1 3 000000008000020e (0xfe028ee3) 
1 3 000000008000020a (0x8881a283) x05 0000000000000000
1 3 000000008000020e (0xfe028ee3) 
1 3 000000008000020a (0x8881a283) x05 0000000000000000
1 3 000000008000020e (0xfe028ee3) 
1 3 000000008000020a (0x8881a283) x05 0000000000000000
1 3 000000008000020e (0xfe028ee3) 
1 3 000000008000020a (0x8881a283) x05 0000000000000000
1 3 000000008000020e (0xfe028ee3) 
1 3 000000008000020a (0x8881a283) x05 0000000000000000
1 3 000000008000020e (0xfe028ee3) 
1 3 000000008000020a (0x8881a283) x05 0000000000000000
1 3 000000008000020e (0xfe028ee3) 
1 3 000000008000020a (0x8881a283) x05 0000000000000000
1 3 000000008000020e (0xfe028ee3) 
1 3 000000008000020a (0x8881a283) x05 0000000000000000
1 3 000000008000020e (0xfe028ee3) 
1 3 000000008000020a (0x8881a283) x05 0000000000000000
1 3 000000008000020e (0xfe028ee3) 
1 3 000000008000020a (0x8881a283) x05 0000000000000000
1 3 000000008000020e (0xfe028ee3) 
1 3 000000008000020a (0x8881a283) x05 0000000000000000
1 3 000000008000020e (0xfe028ee3) 
1 3 000000008000020a (0x8881a283) x05 0000000000000000
1 3 000000008000020e (0xfe028ee3) 
1 3 000000008000020a (0x8881a283) x05 0000000000000000
1 3 000000008000020e (0xfe028ee3) 
1 3 000000008000020a (0x8881a283) x05 0000000000000000
1 3 000000008000020e (0xfe028ee3) 
1 3 000000008000020a (0x8881a283) x05 0000000000000000
1 3 000000008000020e (0xfe028ee3) 
1 3 000000008000020a (0x8881a283) x05 0000000000000000
1 3 000000008000020e (0xfe028ee3) 
1 3 000000008000020a (0x8881a283) x05 0000000000000000
1 3 000000008000020e (0xfe028ee3) 
1 3 000000008000020a (0x8881a283) x05 0000000000000000
1 3 000000008000020e (0xfe028ee3) 
1 3 000000008000020a (0x8881a283) x05 0000000000000000
1 3 000000008000020e (0xfe028ee3) 
1 3 000000008000020a (0x8881a283) x05 0000000000000000
1 3 000000008000020e (0xfe028ee3) 
1 3 000000008000020a (0x8881a283) x05 0000000000000000
1 3 000000008000020e (0xfe028ee3) 
1 3 000000008000020a (0x8881a283) x05 0000000000000000
1 3 000000008000020e (0xfe028ee3) 
1 3 000000008000020a (0x8881a283) x05 0000000000000000
1 3 000000008000020e (0xfe028ee3) 
1 3 000000008000020a (0x8881a283) x05 0000000000000000
1 3 000000008000020e (0xfe028ee3) 
1 3 000000008000020a (0x8881a283) x05 0000000000000000
1 3 000000008000020e (0xfe028ee3) 
1 3 000000008000020a (0x8881a283) x05 0000000000000000
1 3 000000008000020e (0xfe028ee3) 
1 3 000000008000020a (0x8881a283) x05 0000000000000000
1 3 000000008000020e (0xfe028ee3) 
1 3 000000008000020a (0x8881a283) x05 0000000000000000
1 3 000000008000020e (0xfe028ee3) 
1 3 000000008000020a (0x8881a283) x05 0000000000000000
1 3 000000008000020e (0xfe028ee3) 
1 3 000000008000020a (0x8881a283) x05 0000000000000000
1 3 000000008000020e (0xfe028ee3) 
1 3 000000008000020a (0x8881a283) x05 0000000000000000
1 3 000000008000020e (0xfe028ee3) 
1 3 000000008000020a (0x8881a283) x05 0000000000000000
1 3 000000008000020e (0xfe028ee3) 
1 3 000000008000020a (0x8881a283) x05 0000000000000000
1 3 000000008000020e (0xfe028ee3) 
1 3 000000008000020a (0x8881a283) x05 0000000000000000
1 3 000000008000020e (0xfe028ee3) 
1 3 000000008000020a (0x8881a283) x05 0000000000000000
1 3 000000008000020e (0xfe028ee3) 
1 3 000000008000020a (0x8881a283) x05 0000000000000000
1 3 000000008000020e (0xfe028ee3) 
1 3 000000008000020a (0x8881a283) x05 0000000000000000
1 3 000000008000020e (0xfe028ee3) 
1 3 000000008000020a (0x8881a283) x05 0000000000000000
1 3 000000008000020e (0xfe028ee3) 
1 3 000000008000020a (0x8881a283) x05 0000000000000000
1 3 000000008000020e (0xfe028ee3) 
1 3 000000008000020a (0x8881a283) x05 0000000000000000
1 3 000000008000020e (0xfe028ee3) 
1 3 000000008000020a (0x8881a283) x05 0000000000000000
1 3 000000008000020e (0xfe028ee3) 
1 3 000000008000020a (0x8881a283) x05 0000000000000000
1 3 000000008000020e (0xfe028ee3) 
1 3 000000008000020a (0x8881a283) x05 0000000000000000
1 3 000000008000020e (0xfe028ee3) 
1 3 000000008000020a (0x8881a283) x05 0000000000000000
1 3 000000008000020e (0xfe028ee3) 
1 3 000000008000020a (0x8881a283) x05 0000000000000000
1 3 000000008000020e (0xfe028ee3) 
1 3 000000008000020a (0x8881a283) x05 0000000000000000
1 3 000000008000020e (0xfe028ee3) 
1 3 000000008000020a (0x8881a283) x05 0000000000000000
1 3 000000008000020e (0xfe028ee3) 
1 3 000000008000020a (0x8881a283) x05 0000000000000000
1 3 000000008000020e (0xfe028ee3) 
1 3 000000008000020a (0x8881a283) x05 0000000000000000
1 3 000000008000020e (0xfe028ee3) 
1 3 000000008000020a (0x8881a283) x05 0000000000000000
1 3 000000008000020e (0xfe028ee3) 
1 3 000000008000020a (0x8881a283) x05 0000000000000000
1 3 000000008000020e (0xfe028ee3) 
1 3 000000008000020a (0x8881a283) x05 0000000000000000
1 3 000000008000020e (0xfe028ee3) 
1 3 000000008000020a (0x8881a283) x05 0000000000000000
1 3 000000008000020e (0xfe028ee3) 
1 3 000000008000020a (0x8881a283) x05 0000000000000000
1 3 000000008000020e (0xfe028ee3) 
1 3 000000008000020a (0x8881a283) x05 0000000000000000
1 3 000000008000020e (0xfe028ee3) 
1 3 000000008000020a (0x8881a283) x05 0000000000000000
1 3 000000008000020e (0xfe028ee3) 
1 3 000000008000020a (0x8881a283) x05 0000000000000000
1 3 000000008000020e (0xfe028ee3) 
1 3 000000008000020a (0x8881a283) x05 0000000000000000
1 3 000000008000020e (0xfe028ee3) 
1 3 000000008000020a (0x8881a283) x05 0000000000000000
1 3 000000008000020e (0xfe028ee3) 
1 3 000000008000020a (0x8881a283) x05 0000000000000000
1 3 000000008000020e (0xfe028ee3) 
1 3 000000008000020a (0x8881a283) x05 0000000000000000
1 3 000000008000020e (0xfe028ee3) 
1 3 000000008000020a (0x8881a283) x05 0000000000000000
1 3 000000008000020e (0xfe028ee3) 
1 3 000000008000020a (0x8881a283) x05 0000000000000000
1 3 000000008000020e (0xfe028ee3) 
1 3 000000008000020a (0x8881a283) x05 0000000000000000
1 3 000000008000020e (0xfe028ee3) 
1 3 000000008000020a (0x8881a283) x05 0000000000000000
1 3 000000008000020e (0xfe028ee3) 
1 3 000000008000020a (0x8881a283) x05 0000000000000000
1 3 000000008000020e (0xfe028ee3) 
1 3 000000008000020a (0x8881a283) x05 0000000000000000
1 3 000000008000020e (0xfe028ee3) 
1 3 000000008000020a (0x8881a283) x05 0000000000000000
1 3 000000008000020e (0xfe028ee3) 
1 3 000000008000020a (0x8881a283) x05 0000000000000000
1 3 000000008000020e (0xfe028ee3) 
1 3 000000008000020a (0x8881a283) x05 0000000000000000
1 3 000000008000020e (0xfe028ee3) 
1 3 000000008000020a (0x8881a283) x05 0000000000000000
1 3 000000008000020e (0xfe028ee3) 
1 3 000000008000020a (0x8881a283) x05 0000000000000000
1 3 000000008000020e (0xfe028ee3) 
1 3 000000008000020a (0x8881a283) x05 0000000000000000
1 3 000000008000020e (0xfe028ee3) 
1 3 000000008000020a (0x8881a283) x05 0000000000000000
1 3 000000008000020e (0xfe028ee3) 
1 3 000000008000020a (0x8881a283) x05 0000000000000000
1 3 000000008000020e (0xfe028ee3) 
1 3 000000008000020a (0x8881a283) x05 0000000000000000
1 3 000000008000020e (0xfe028ee3) 
1 3 000000008000020a (0x8881a283) x05 0000000000000000
1 3 000000008000020e (0xfe028ee3) 
1 3 000000008000020a (0x8881a283) x05 0000000000000000
1 3 000000008000020e (0xfe028ee3) 
1 3 000000008000020a (0x8881a283) x05 0000000000000000
1 3 000000008000020e (0xfe028ee3) 
1 3 000000008000020a (0x8881a283) x05 0000000000000000
1 3 000000008000020e (0xfe028ee3) 
1 3 000000008000020a (0x8881a283) x05 0000000000000000
1 3 000000008000020e (0xfe028ee3) 
1 3 000000008000020a (0x8881a283) x05 0000000000000000
1 3 000000008000020e (0xfe028ee3) 
1 3 000000008000020a (0x8881a283) x05 0000000000000000
1 3 000000008000020e (0xfe028ee3) 
1 3 000000008000020a (0x8881a283) x05 0000000000000000
1 3 000000008000020e (0xfe028ee3) 
1 3 000000008000020a (0x8881a283) x05 0000000000000000
1 3 000000008000020e (0xfe028ee3) 
1 3 000000008000020a (0x8881a283) x05 0000000000000000
1 3 000000008000020e (0xfe028ee3) 
1 3 000000008000020a (0x8881a283) x05 0000000000000000
1 3 000000008000020e (0xfe028ee3) 
1 3 000000008000020a (0x8881a283) x05 0000000000000000
1 3 000000008000020e (0xfe028ee3) 
1 3 000000008000020a (0x8881a283) x05 0000000000000000
1 3 000000008000020e (0xfe028ee3) 
1 3 000000008000020a (0x8881a283) x05 0000000000000000
1 3 000000008000020e (0xfe028ee3) 
1 3 000000008000020a (0x8881a283) x05 0000000000000000
1 3 000000008000020e (0xfe028ee3) 
1 3 000000008000020a (0x8881a283) x05 0000000000000000
1 3 000000008000020e (0xfe028ee3) 
1 3 000000008000020a (0x8881a283) x05 0000000000000000
1 3 000000008000020e (0xfe028ee3) 
1 3 000000008000020a (0x8881a283) x05 0000000000000000
1 3 000000008000020e (0xfe028ee3) 
1 3 000000008000020a (0x8881a283) x05 0000000000000000
1 3 000000008000020e (0xfe028ee3) 
1 3 000000008000020a (0x8881a283) x05 0000000000000000
1 3 000000008000020e (0xfe028ee3) 
1 3 000000008000020a (0x8881a283) x05 0000000000000000
1 3 000000008000020e (0xfe028ee3) 
1 3 000000008000020a (0x8881a283) x05 0000000000000000
1 3 000000008000020e (0xfe028ee3) 
1 3 000000008000020a (0x8881a283) x05 0000000000000000
1 3 000000008000020e (0xfe028ee3) 
1 3 000000008000020a (0x8881a283) x05 0000000000000000
1 3 000000008000020e (0xfe028ee3) 
1 3 000000008000020a (0x8881a283) x05 0000000000000000
1 3 000000008000020e (0xfe028ee3) 
1 3 000000008000020a (0x8881a283) x05 0000000000000000
1 3 000000008000020e (0xfe028ee3) 
1 3 000000008000020a (0x8881a283) x05 0000000000000000
1 3 000000008000020e (0xfe028ee3) 
1 3 000000008000020a (0x8881a283) x05 0000000000000000
1 3 000000008000020e (0xfe028ee3) 
1 3 000000008000020a (0x8881a283) x05 0000000000000000
1 3 000000008000020e (0xfe028ee3) 
1 3 000000008000020a (0x8881a283) x05 0000000000000000
1 3 000000008000020e (0xfe028ee3) 
1 3 000000008000020a (0x8881a283) x05 0000000000000000
1 3 000000008000020e (0xfe028ee3) 
1 3 000000008000020a (0x8881a283) x05 0000000000000000
1 3 000000008000020e (0xfe028ee3) 
1 3 000000008000020a (0x8881a283) x05 0000000000000000
1 3 000000008000020e (0xfe028ee3) 
1 3 000000008000020a (0x8881a283) x05 0000000000000000
1 3 000000008000020e (0xfe028ee3) 
1 3 000000008000020a (0x8881a283) x05 0000000000000000
1 3 000000008000020e (0xfe028ee3) 
1 3 000000008000020a (0x8881a283) x05 0000000000000000
1 3 000000008000020e (0xfe028ee3) 
1 3 000000008000020a (0x8881a283) x05 0000000000000000
1 3 000000008000020e (0xfe028ee3) 
1 3 000000008000020a (0x8881a283) x05 0000000000000000
1 3 000000008000020e (0xfe028ee3) 
1 3 000000008000020a (0x8881a283) x05 0000000000000000
1 3 000000008000020e (0xfe028ee3) 
1 3 000000008000020a (0x8881a283) x05 0000000000000000
1 3 000000008000020e (0xfe028ee3) 
1 3 000000008000020a (0x8881a283) x05 0000000000000000
1 3 000000008000020e (0xfe028ee3) 
1 3 000000008000020a (0x8881a283) x05 0000000000000000
1 3 000000008000020e (0xfe028ee3) 
1 3 000000008000020a (0x8881a283) x05 0000000000000000
1 3 000000008000020e (0xfe028ee3) 
1 3 000000008000020a (0x8881a283) x05 0000000000000000
1 3 000000008000020e (0xfe028ee3) 
1 3 000000008000020a (0x8881a283) x05 0000000000000000
1 3 000000008000020e (0xfe028ee3) 
1 3 000000008000020a (0x8881a283) x05 0000000000000000
1 3 000000008000020e (0xfe028ee3) 
1 3 000000008000020a (0x8881a283) x05 0000000000000000
1 3 000000008000020e (0xfe028ee3) 
1 3 000000008000020a (0x8881a283) x05 0000000000000000
1 3 000000008000020e (0xfe028ee3) 
1 3 000000008000020a (0x8881a283) x05 0000000000000000
1 3 000000008000020e (0xfe028ee3) 
1 3 000000008000020a (0x8881a283) x05 0000000000000000
1 3 000000008000020e (0xfe028ee3) 
1 3 000000008000020a (0x8881a283) x05 0000000000000000
1 3 000000008000020e (0xfe028ee3) 
1 3 000000008000020a (0x8881a283) x05 0000000000000000
1 3 000000008000020e (0xfe028ee3) 
1 3 000000008000020a (0x8881a283) x05 0000000000000000
1 3 000000008000020e (0xfe028ee3) 
1 3 000000008000020a (0x8881a283) x05 0000000000000000
1 3 000000008000020e (0xfe028ee3) 
1 3 000000008000020a (0x8881a283) x05 0000000000000000
1 3 000000008000020e (0xfe028ee3) 
1 3 000000008000020a (0x8881a283) x05 0000000000000000
1 3 000000008000020e (0xfe028ee3) 
1 3 000000008000020a (0x8881a283) x05 0000000000000000
1 3 000000008000020e (0xfe028ee3) 
1 3 000000008000020a (0x8881a283) x05 0000000000000000
1 3 000000008000020e (0xfe028ee3) 
1 3 000000008000020a (0x8881a283) x05 0000000000000000
1 3 000000008000020e (0xfe028ee3) 
1 3 000000008000020a (0x8881a283) x05 0000000000000000
1 3 000000008000020e (0xfe028ee3) 
1 3 000000008000020a (0x8881a283) x05 0000000000000000
1 3 000000008000020e (0xfe028ee3) 
1 3 000000008000020a (0x8881a283) x05 0000000000000000
1 3 000000008000020e (0xfe028ee3) 
1 3 000000008000020a (0x8881a283) x05 0000000000000000
1 3 000000008000020e (0xfe028ee3) 
1 3 000000008000020a (0x8881a283) x05 0000000000000000
1 3 000000008000020e (0xfe028ee3) 
1 3 000000008000020a (0x8881a283) x05 0000000000000000
1 3 000000008000020e (0xfe028ee3) 
1 3 000000008000020a (0x8881a283) x05 0000000000000000
1 3 000000008000020e (0xfe028ee3) 
1 3 000000008000020a (0x8881a283) x05 0000000000000000
1 3 000000008000020e (0xfe028ee3) 
1 3 000000008000020a (0x8881a283) x05 0000000000000000
1 3 000000008000020e (0xfe028ee3) 
1 3 000000008000020a (0x8881a283) x05 0000000000000000
1 3 000000008000020e (0xfe028ee3) 
1 3 000000008000020a (0x8881a283) x05 0000000000000000
1 3 000000008000020e (0xfe028ee3) 
1 3 000000008000020a (0x8881a283) x05 0000000000000000
1 3 000000008000020e (0xfe028ee3) 
1 3 000000008000020a (0x8881a283) x05 0000000000000000
1 3 000000008000020e (0xfe028ee3) 
1 3 000000008000020a (0x8881a283) x05 0000000000000000
1 3 000000008000020e (0xfe028ee3) 
1 3 000000008000020a (0x8881a283) x05 0000000000000000
1 3 000000008000020e (0xfe028ee3) 
1 3 000000008000020a (0x8881a283) x05 0000000000000000
1 3 000000008000020e (0xfe028ee3) 
1 3 000000008000020a (0x8881a283) x05 0000000000000000
1 3 000000008000020e (0xfe028ee3) 
1 3 000000008000020a (0x8881a283) x05 0000000000000000
1 3 000000008000020e (0xfe028ee3) 
1 3 000000008000020a (0x8881a283) x05 0000000000000000
1 3 000000008000020e (0xfe028ee3) 
1 3 000000008000020a (0x8881a283) x05 0000000000000000
1 3 000000008000020e (0xfe028ee3) 
1 3 000000008000020a (0x8881a283) x05 0000000000000000
1 3 000000008000020e (0xfe028ee3) 
1 3 000000008000020a (0x8881a283) x05 0000000000000000
1 3 000000008000020e (0xfe028ee3) 
1 3 000000008000020a (0x8881a283) x05 0000000000000000
1 3 000000008000020e (0xfe028ee3) 
1 3 000000008000020a (0x8881a283) x05 0000000000000000
1 3 000000008000020e (0xfe028ee3) 
1 3 000000008000020a (0x8881a283) x05 0000000000000000
1 3 000000008000020e (0xfe028ee3) 
1 3 000000008000020a (0x8881a283) x05 0000000000000000
1 3 000000008000020e (0xfe028ee3) 
1 3 000000008000020a (0x8881a283) x05 0000000000000000
1 3 000000008000020e (0xfe028ee3) 
1 3 000000008000020a (0x8881a283) x05 0000000000000000
1 3 000000008000020e (0xfe028ee3) 
1 3 000000008000020a (0x8881a283) x05 0000000000000000
1 3 000000008000020e (0xfe028ee3) 
1 3 000000008000020a (0x8881a283) x05 0000000000000000
1 3 000000008000020e (0xfe028ee3) 
1 3 000000008000020a (0x8881a283) x05 0000000000000000
1 3 000000008000020e (0xfe028ee3) 
1 3 000000008000020a (0x8881a283) x05 0000000000000000
1 3 000000008000020e (0xfe028ee3) 
1 3 000000008000020a (0x8881a283) x05 0000000000000000
1 3 000000008000020e (0xfe028ee3) 
1 3 000000008000020a (0x8881a283) x05 0000000000000000
1 3 000000008000020e (0xfe028ee3) 
1 3 000000008000020a (0x8881a283) x05 0000000000000000
1 3 000000008000020e (0xfe028ee3) 
1 3 000000008000020a (0x8881a283) x05 0000000000000000
1 3 000000008000020e (0xfe028ee3) 
1 3 000000008000020a (0x8881a283) x05 0000000000000000
1 3 000000008000020e (0xfe028ee3) 
1 3 000000008000020a (0x8881a283) x05 0000000000000000
1 3 000000008000020e (0xfe028ee3) 
1 3 000000008000020a (0x8881a283) x05 0000000000000000
1 3 000000008000020e (0xfe028ee3) 
1 3 000000008000020a (0x8881a283) x05 0000000000000000
1 3 000000008000020e (0xfe028ee3) 
1 3 000000008000020a (0x8881a283) x05 0000000000000000
1 3 000000008000020e (0xfe028ee3) 
1 3 000000008000020a (0x8881a283) x05 0000000000000000
1 3 000000008000020e (0xfe028ee3) 
1 3 000000008000020a (0x8881a283) x05 0000000000000000
1 3 000000008000020e (0xfe028ee3) 
1 3 000000008000020a (0x8881a283) x05 0000000000000000
1 3 000000008000020e (0xfe028ee3) 
1 3 000000008000020a (0x8881a283) x05 0000000000000000
1 3 000000008000020e (0xfe028ee3) 
1 3 000000008000020a (0x8881a283) x05 0000000000000000
1 3 000000008000020e (0xfe028ee3) 
1 3 000000008000020a (0x8881a283) x05 0000000000000000
1 3 000000008000020e (0xfe028ee3) 
1 3 000000008000020a (0x8881a283) x05 0000000000000000
1 3 000000008000020e (0xfe028ee3) 
1 3 000000008000020a (0x8881a283) x05 0000000000000000
1 3 000000008000020e (0xfe028ee3) 
1 3 000000008000020a (0x8881a283) x05 0000000000000000
1 3 000000008000020e (0xfe028ee3) 
1 3 000000008000020a (0x8881a283) x05 0000000000000000
1 3 000000008000020e (0xfe028ee3) 
1 3 000000008000020a (0x8881a283) x05 0000000000000000
1 3 000000008000020e (0xfe028ee3) 
1 3 000000008000020a (0x8881a283) x05 0000000000000000
1 3 000000008000020e (0xfe028ee3) 
1 3 000000008000020a (0x8881a283) x05 0000000000000000
1 3 000000008000020e (0xfe028ee3) 
1 3 000000008000020a (0x8881a283) x05 0000000000000000
1 3 000000008000020e (0xfe028ee3) 
1 3 000000008000020a (0x8881a283) x05 0000000000000000
1 3 000000008000020e (0xfe028ee3) 
1 3 000000008000020a (0x8881a283) x05 0000000000000000
1 3 000000008000020e (0xfe028ee3) 
1 3 000000008000020a (0x8881a283) x05 0000000000000000
1 3 000000008000020e (0xfe028ee3) 
1 3 000000008000020a (0x8881a283) x05 0000000000000000
1 3 000000008000020e (0xfe028ee3) 
1 3 000000008000020a (0x8881a283) x05 0000000000000000
1 3 000000008000020e (0xfe028ee3) 
1 3 000000008000020a (0x8881a283) x05 0000000000000000
1 3 000000008000020e (0xfe028ee3) 
1 3 000000008000020a (0x8881a283) x05 0000000000000000
1 3 000000008000020e (0xfe028ee3) 
1 3 000000008000020a (0x8881a283) x05 0000000000000000
1 3 000000008000020e (0xfe028ee3) 
1 3 000000008000020a (0x8881a283) x05 0000000000000000
1 3 000000008000020e (0xfe028ee3) 
1 3 000000008000020a (0x8881a283) x05 0000000000000000
1 3 000000008000020e (0xfe028ee3) 
1 3 000000008000020a (0x8881a283) x05 0000000000000000
1 3 000000008000020e (0xfe028ee3) 
1 3 000000008000020a (0x8881a283) x05 0000000000000000
1 3 000000008000020e (0xfe028ee3) 
1 3 000000008000020a (0x8881a283) x05 0000000000000000
1 3 000000008000020e (0xfe028ee3) 
1 3 000000008000020a (0x8881a283) x05 0000000000000000
1 3 000000008000020e (0xfe028ee3) 
1 3 000000008000020a (0x8881a283) x05 0000000000000000
1 3 000000008000020e (0xfe028ee3) 
1 3 000000008000020a (0x8881a283) x05 0000000000000000
1 3 000000008000020e (0xfe028ee3) 
1 3 000000008000020a (0x8881a283) x05 0000000000000000
1 3 000000008000020e (0xfe028ee3) 
1 3 000000008000020a (0x8881a283) x05 0000000000000000
1 3 000000008000020e (0xfe028ee3) 
1 3 000000008000020a (0x8881a283) x05 0000000000000000
1 3 000000008000020e (0xfe028ee3) 
1 3 000000008000020a (0x8881a283) x05 0000000000000000
1 3 000000008000020e (0xfe028ee3) 
1 3 000000008000020a (0x8881a283) x05 0000000000000000
1 3 000000008000020e (0xfe028ee3) 
1 3 000000008000020a (0x8881a283) x05 0000000000000000
1 3 000000008000020e (0xfe028ee3) 
1 3 000000008000020a (0x8881a283) x05 0000000000000000
1 3 000000008000020e (0xfe028ee3) 
1 3 000000008000020a (0x8881a283) x05 0000000000000000
1 3 000000008000020e (0xfe028ee3) 
1 3 000000008000020a (0x8881a283) x05 0000000000000000
1 3 000000008000020e (0xfe028ee3) 
1 3 000000008000020a (0x8881a283) x05 0000000000000000
1 3 000000008000020e (0xfe028ee3) 
1 3 000000008000020a (0x8881a283) x05 0000000000000000
1 3 000000008000020e (0xfe028ee3) 
1 3 000000008000020a (0x8881a283) x05 0000000000000000
1 3 000000008000020e (0xfe028ee3) 
1 3 000000008000020a (0x8881a283) x05 0000000000000000
1 3 000000008000020e (0xfe028ee3) 
1 3 000000008000020a (0x8881a283) x05 0000000000000000
1 3 000000008000020e (0xfe028ee3) 
1 3 000000008000020a (0x8881a283) x05 0000000000000000
1 3 000000008000020e (0xfe028ee3) 
1 3 000000008000020a (0x8881a283) x05 0000000000000000
1 3 000000008000020e (0xfe028ee3) 
1 3 000000008000020a (0x8881a283) x05 0000000000000000
1 3 000000008000020e (0xfe028ee3) 
1 3 000000008000020a (0x8881a283) x05 0000000000000000
1 3 000000008000020e (0xfe028ee3) 
1 3 000000008000020a (0x8881a283) x05 0000000000000000
1 3 000000008000020e (0xfe028ee3) 
1 3 000000008000020a (0x8881a283) x05 0000000000000000
1 3 000000008000020e (0xfe028ee3) 
1 3 000000008000020a (0x8881a283) x05 0000000000000000
1 3 000000008000020e (0xfe028ee3) 
1 3 000000008000020a (0x8881a283) x05 0000000000000000
1 3 000000008000020e (0xfe028ee3) 
1 3 000000008000020a (0x8881a283) x05 0000000000000000
1 3 000000008000020e (0xfe028ee3) 
1 3 000000008000020a (0x8881a283) x05 0000000000000000
1 3 000000008000020e (0xfe028ee3) 
1 3 000000008000020a (0x8881a283) x05 0000000000000000
1 3 000000008000020e (0xfe028ee3) 
1 3 000000008000020a (0x8881a283) x05 0000000000000000
1 3 000000008000020e (0xfe028ee3) 
1 3 000000008000020a (0x8881a283) x05 0000000000000000
1 3 000000008000020e (0xfe028ee3) 
1 3 000000008000020a (0x8881a283) x05 0000000000000000
1 3 000000008000020e (0xfe028ee3) 
1 3 000000008000020a (0x8881a283) x05 0000000000000000
1 3 000000008000020e (0xfe028ee3) 
1 3 000000008000020a (0x8881a283) x05 0000000000000000
1 3 000000008000020e (0xfe028ee3) 
1 3 000000008000020a (0x8881a283) x05 0000000000000000
1 3 000000008000020e (0xfe028ee3) 
1 3 000000008000020a (0x8881a283) x05 0000000000000000
1 3 000000008000020e (0xfe028ee3) 
1 3 000000008000020a (0x8881a283) x05 0000000000000000
1 3 000000008000020e (0xfe028ee3) 
1 3 000000008000020a (0x8881a283) x05 0000000000000000
1 3 000000008000020e (0xfe028ee3) 
1 3 000000008000020a (0x8881a283) x05 0000000000000000
1 3 000000008000020e (0xfe028ee3) 
1 3 000000008000020a (0x8881a283) x05 0000000000000000
1 3 000000008000020e (0xfe028ee3) 
1 3 000000008000020a (0x8881a283) x05 0000000000000000
1 3 000000008000020e (0xfe028ee3) 
1 3 000000008000020a (0x8881a283) x05 0000000000000000
1 3 000000008000020e (0xfe028ee3) 
1 3 000000008000020a (0x8881a283) x05 0000000000000000
1 3 000000008000020e (0xfe028ee3) 
1 3 000000008000020a (0x8881a283) x05 0000000000000000
1 3 000000008000020e (0xfe028ee3) 
1 3 000000008000020a (0x8881a283) x05 0000000000000000
1 3 000000008000020e (0xfe028ee3) 
1 3 000000008000020a (0x8881a283) x05 0000000000000000
1 3 000000008000020e (0xfe028ee3) 
1 3 000000008000020a (0x8881a283) x05 0000000000000000
1 3 000000008000020e (0xfe028ee3) 
1 3 000000008000020a (0x8881a283) x05 0000000000000000
1 3 000000008000020e (0xfe028ee3) 
1 3 000000008000020a (0x8881a283) x05 0000000000000000
1 3 000000008000020e (0xfe028ee3) 
1 3 000000008000020a (0x8881a283) x05 0000000000000000
1 3 000000008000020e (0xfe028ee3) 
1 3 000000008000020a (0x8881a283) x05 0000000000000000
1 3 000000008000020e (0xfe028ee3) 
1 3 000000008000020a (0x8881a283) x05 0000000000000000
1 3 000000008000020e (0xfe028ee3) 
1 3 000000008000020a (0x8881a283) x05 0000000000000000
1 3 000000008000020e (0xfe028ee3) 
1 3 000000008000020a (0x8881a283) x05 0000000000000000
1 3 000000008000020e (0xfe028ee3) 
1 3 000000008000020a (0x8881a283) x05 0000000000000000
1 3 000000008000020e (0xfe028ee3) 
1 3 000000008000020a (0x8881a283) x05 0000000000000000
1 3 000000008000020e (0xfe028ee3) 
1 3 000000008000020a (0x8881a283) x05 0000000000000000
1 3 000000008000020e (0xfe028ee3) 
1 3 000000008000020a (0x8881a283) x05 0000000000000000
1 3 000000008000020e (0xfe028ee3) 
1 3 000000008000020a (0x8881a283) x05 0000000000000000
1 3 000000008000020e (0xfe028ee3) 
1 3 000000008000020a (0x8881a283) x05 0000000000000000
1 3 000000008000020e (0xfe028ee3) 
1 3 000000008000020a (0x8881a283) x05 0000000000000000
1 3 000000008000020e (0xfe028ee3) 
1 3 000000008000020a (0x8881a283) x05 0000000000000000
1 3 000000008000020e (0xfe028ee3) 
1 3 000000008000020a (0x8881a283) x05 0000000000000000
1 3 000000008000020e (0xfe028ee3) 
1 3 000000008000020a (0x8881a283) x05 0000000000000000
1 3 000000008000020e (0xfe028ee3) 
1 3 000000008000020a (0x8881a283) x05 0000000000000000
1 3 000000008000020e (0xfe028ee3) 
1 3 000000008000020a (0x8881a283) x05 0000000000000000
1 3 000000008000020e (0xfe028ee3) 
1 3 000000008000020a (0x8881a283) x05 0000000000000000
1 3 000000008000020e (0xfe028ee3) 
1 3 000000008000020a (0x8881a283) x05 0000000000000000
1 3 000000008000020e (0xfe028ee3) 
1 3 000000008000020a (0x8881a283) x05 0000000000000000
1 3 000000008000020e (0xfe028ee3) 
1 3 000000008000020a (0x8881a283) x05 0000000000000000
1 3 000000008000020e (0xfe028ee3) 
1 3 000000008000020a (0x8881a283) x05 0000000000000000
1 3 000000008000020e (0xfe028ee3) 
1 3 000000008000020a (0x8881a283) x05 0000000000000000
1 3 000000008000020e (0xfe028ee3) 
1 3 000000008000020a (0x8881a283) x05 0000000000000000
1 3 000000008000020e (0xfe028ee3) 
1 3 000000008000020a (0x8881a283) x05 0000000000000000
1 3 000000008000020e (0xfe028ee3) 
1 3 000000008000020a (0x8881a283) x05 0000000000000000
1 3 000000008000020e (0xfe028ee3) 
1 3 000000008000020a (0x8881a283) x05 0000000000000000
1 3 000000008000020e (0xfe028ee3) 
1 3 000000008000020a (0x8881a283) x05 0000000000000000
1 3 000000008000020e (0xfe028ee3) 
1 3 000000008000020a (0x8881a283) x05 0000000000000000
1 3 000000008000020e (0xfe028ee3) 
1 3 000000008000020a (0x8881a283) x05 0000000000000000
1 3 000000008000020e (0xfe028ee3) 
1 3 000000008000020a (0x8881a283) x05 0000000000000000
1 3 000000008000020e (0xfe028ee3) 
1 3 000000008000020a (0x8881a283) x05 0000000000000000
1 3 000000008000020e (0xfe028ee3) 
1 3 000000008000020a (0x8881a283) x05 0000000000000000
1 3 000000008000020e (0xfe028ee3) 
1 3 000000008000020a (0x8881a283) x05 0000000000000000
1 3 000000008000020e (0xfe028ee3) 
1 3 000000008000020a (0x8881a283) x05 0000000000000000
1 3 000000008000020e (0xfe028ee3) 
1 3 000000008000020a (0x8881a283) x05 0000000000000000
1 3 000000008000020e (0xfe028ee3) 
1 3 000000008000020a (0x8881a283) x05 0000000000000000
1 3 000000008000020e (0xfe028ee3) 
1 3 000000008000020a (0x8881a283) x05 0000000000000000
1 3 000000008000020e (0xfe028ee3) 
1 3 000000008000020a (0x8881a283) x05 0000000000000000
1 3 000000008000020e (0xfe028ee3) 
1 3 000000008000020a (0x8881a283) x05 0000000000000000
1 3 000000008000020e (0xfe028ee3) 
1 3 000000008000020a (0x8881a283) x05 0000000000000000
1 3 000000008000020e (0xfe028ee3) 
1 3 000000008000020a (0x8881a283) x05 0000000000000000
1 3 000000008000020e (0xfe028ee3) 
1 3 000000008000020a (0x8881a283) x05 0000000000000000
1 3 000000008000020e (0xfe028ee3) 
1 3 000000008000020a (0x8881a283) x05 0000000000000000
1 3 000000008000020e (0xfe028ee3) 
1 3 000000008000020a (0x8881a283) x05 0000000000000000
1 3 000000008000020e (0xfe028ee3) 
1 3 000000008000020a (0x8881a283) x05 0000000000000000
1 3 000000008000020e (0xfe028ee3) 
1 3 000000008000020a (0x8881a283) x05 0000000000000000
1 3 000000008000020e (0xfe028ee3) 
1 3 000000008000020a (0x8881a283) x05 0000000000000000
1 3 000000008000020e (0xfe028ee3) 
1 3 000000008000020a (0x8881a283) x05 0000000000000000
1 3 000000008000020e (0xfe028ee3) 
1 3 000000008000020a (0x8881a283) x05 0000000000000000
1 3 000000008000020e (0xfe028ee3) 
1 3 000000008000020a (0x8881a283) x05 0000000000000000
1 3 000000008000020e (0xfe028ee3) 
1 3 000000008000020a (0x8881a283) x05 0000000000000000
1 3 000000008000020e (0xfe028ee3) 
1 3 000000008000020a (0x8881a283) x05 0000000000000000
1 3 000000008000020e (0xfe028ee3) 
1 3 000000008000020a (0x8881a283) x05 0000000000000000
1 3 000000008000020e (0xfe028ee3) 
1 3 000000008000020a (0x8881a283) x05 0000000000000000
1 3 000000008000020e (0xfe028ee3) 
1 3 000000008000020a (0x8881a283) x05 0000000000000000
1 3 000000008000020e (0xfe028ee3) 
1 3 000000008000020a (0x8881a283) x05 0000000000000000
1 3 000000008000020e (0xfe028ee3) 
1 3 000000008000020a (0x8881a283) x05 0000000000000000
1 3 000000008000020e (0xfe028ee3) 
1 3 000000008000020a (0x8881a283) x05 0000000000000000
1 3 000000008000020e (0xfe028ee3) 
1 3 000000008000020a (0x8881a283) x05 0000000000000000
1 3 000000008000020e (0xfe028ee3) 
1 3 000000008000020a (0x8881a283) x05 0000000000000000
1 3 000000008000020e (0xfe028ee3) 
1 3 000000008000020a (0x8881a283) x05 0000000000000000
1 3 000000008000020e (0xfe028ee3) 
1 3 000000008000020a (0x8881a283) x05 0000000000000000
1 3 000000008000020e (0xfe028ee3) 
1 3 000000008000020a (0x8881a283) x05 0000000000000000
1 3 000000008000020e (0xfe028ee3) 
1 3 000000008000020a (0x8881a283) x05 0000000000000000
1 3 000000008000020e (0xfe028ee3) 
1 3 000000008000020a (0x8881a283) x05 0000000000000000
1 3 000000008000020e (0xfe028ee3) 
1 3 000000008000020a (0x8881a283) x05 0000000000000000
1 3 000000008000020e (0xfe028ee3) 
1 3 000000008000020a (0x8881a283) x05 0000000000000000
1 3 000000008000020e (0xfe028ee3) 
1 3 000000008000020a (0x8881a283) x05 0000000000000000
1 3 000000008000020e (0xfe028ee3) 
1 3 000000008000020a (0x8881a283) x05 0000000000000000
1 3 000000008000020e (0xfe028ee3) 
1 3 000000008000020a (0x8881a283) x05 0000000000000000
1 3 000000008000020e (0xfe028ee3) 
1 3 000000008000020a (0x8881a283) x05 0000000000000000
1 3 000000008000020e (0xfe028ee3) 
1 3 000000008000020a (0x8881a283) x05 0000000000000000
1 3 000000008000020e (0xfe028ee3) 
1 3 000000008000020a (0x8881a283) x05 0000000000000000
1 3 000000008000020e (0xfe028ee3) 
1 3 000000008000020a (0x8881a283) x05 0000000000000000
1 3 000000008000020e (0xfe028ee3) 
1 3 000000008000020a (0x8881a283) x05 0000000000000000
1 3 000000008000020e (0xfe028ee3) 
1 3 000000008000020a (0x8881a283) x05 0000000000000000
1 3 000000008000020e (0xfe028ee3) 
1 3 000000008000020a (0x8881a283) x05 0000000000000000
1 3 000000008000020e (0xfe028ee3) 
1 3 000000008000020a (0x8881a283) x05 0000000000000000
1 3 000000008000020e (0xfe028ee3) 
1 3 000000008000020a (0x8881a283) x05 0000000000000000
1 3 000000008000020e (0xfe028ee3) 
1 3 000000008000020a (0x8881a283) x05 0000000000000000
1 3 000000008000020e (0xfe028ee3) 
1 3 000000008000020a (0x8881a283) x05 0000000000000000
1 3 000000008000020e (0xfe028ee3) 
1 3 000000008000020a (0x8881a283) x05 0000000000000000
1 3 000000008000020e (0xfe028ee3) 
1 3 000000008000020a (0x8881a283) x05 0000000000000000
1 3 000000008000020e (0xfe028ee3) 
1 3 000000008000020a (0x8881a283) x05 0000000000000000
1 3 000000008000020e (0xfe028ee3) 
1 3 000000008000020a (0x8881a283) x05 0000000000000000
1 3 000000008000020e (0xfe028ee3) 
1 3 000000008000020a (0x8881a283) x05 0000000000000000
1 3 000000008000020e (0xfe028ee3) 
1 3 000000008000020a (0x8881a283) x05 0000000000000000
1 3 000000008000020e (0xfe028ee3) 
1 3 000000008000020a (0x8881a283) x05 0000000000000000
1 3 000000008000020e (0xfe028ee3) 
1 3 000000008000020a (0x8881a283) x05 0000000000000000
1 3 000000008000020e (0xfe028ee3) 
1 3 000000008000020a (0x8881a283) x05 0000000000000000
1 3 000000008000020e (0xfe028ee3) 
1 3 000000008000020a (0x8881a283) x05 0000000000000000
1 3 000000008000020e (0xfe028ee3) 
1 3 000000008000020a (0x8881a283) x05 0000000000000000
1 3 000000008000020e (0xfe028ee3) 
1 3 000000008000020a (0x8881a283) x05 0000000000000000
1 3 000000008000020e (0xfe028ee3) 
1 3 000000008000020a (0x8881a283) x05 0000000000000000
1 3 000000008000020e (0xfe028ee3) 
1 3 000000008000020a (0x8881a283) x05 0000000000000000
1 3 000000008000020e (0xfe028ee3) 
1 3 000000008000020a (0x8881a283) x05 0000000000000000
1 3 000000008000020e (0xfe028ee3) 
1 3 000000008000020a (0x8881a283) x05 0000000000000000
1 3 000000008000020e (0xfe028ee3) 
1 3 000000008000020a (0x8881a283) x05 0000000000000000
1 3 000000008000020e (0xfe028ee3) 
1 3 000000008000020a (0x8881a283) x05 0000000000000000
1 3 000000008000020e (0xfe028ee3) 
1 3 000000008000020a (0x8881a283) x05 0000000000000000
1 3 000000008000020e (0xfe028ee3) 
1 3 000000008000020a (0x8881a283) x05 0000000000000000
1 3 000000008000020e (0xfe028ee3) 
1 3 000000008000020a (0x8881a283) x05 0000000000000000
1 3 000000008000020e (0xfe028ee3) 
1 3 000000008000020a (0x8881a283) x05 0000000000000000
1 3 000000008000020e (0xfe028ee3) 
1 3 000000008000020a (0x8881a283) x05 0000000000000000
1 3 000000008000020e (0xfe028ee3) 
1 3 000000008000020a (0x8881a283) x05 0000000000000000
1 3 000000008000020e (0xfe028ee3) 
1 3 000000008000020a (0x8881a283) x05 0000000000000000
1 3 000000008000020e (0xfe028ee3) 
1 3 000000008000020a (0x8881a283) x05 0000000000000000
1 3 000000008000020e (0xfe028ee3) 
1 3 000000008000020a (0x8881a283) x05 0000000000000000
1 3 000000008000020e (0xfe028ee3) 
1 3 000000008000020a (0x8881a283) x05 0000000000000000
1 3 000000008000020e (0xfe028ee3) 
1 3 000000008000020a (0x8881a283) x05 0000000000000000
1 3 000000008000020e (0xfe028ee3) 
1 3 000000008000020a (0x8881a283) x05 0000000000000000
1 3 000000008000020e (0xfe028ee3) 
1 3 000000008000020a (0x8881a283) x05 0000000000000000
1 3 000000008000020e (0xfe028ee3) 
1 3 000000008000020a (0x8881a283) x05 0000000000000000
1 3 000000008000020e (0xfe028ee3) 
1 3 000000008000020a (0x8881a283) x05 0000000000000000
1 3 000000008000020e (0xfe028ee3) 
1 3 000000008000020a (0x8881a283) x05 0000000000000000
1 3 000000008000020e (0xfe028ee3) 
1 3 000000008000020a (0x8881a283) x05 0000000000000000
1 3 000000008000020e (0xfe028ee3) 
1 3 000000008000020a (0x8881a283) x05 0000000000000000
1 3 000000008000020e (0xfe028ee3) 
1 3 000000008000020a (0x8881a283) x05 0000000000000000
1 3 000000008000020e (0xfe028ee3) 
1 3 000000008000020a (0x8881a283) x05 0000000000000000
1 3 000000008000020e (0xfe028ee3) 
1 3 000000008000020a (0x8881a283) x05 0000000000000000
1 3 000000008000020e (0xfe028ee3) 
1 3 000000008000020a (0x8881a283) x05 0000000000000000
1 3 000000008000020e (0xfe028ee3) 
1 3 000000008000020a (0x8881a283) x05 0000000000000000
1 3 000000008000020e (0xfe028ee3) 
1 3 000000008000020a (0x8881a283) x05 0000000000000000
1 3 000000008000020e (0xfe028ee3) 
1 3 000000008000020a (0x8881a283) x05 0000000000000000
1 3 000000008000020e (0xfe028ee3) 
1 3 000000008000020a (0x8881a283) x05 0000000000000000
1 3 000000008000020e (0xfe028ee3) 
1 3 000000008000020a (0x8881a283) x05 0000000000000000
1 3 000000008000020e (0xfe028ee3) 
1 3 000000008000020a (0x8881a283) x05 0000000000000000
1 3 000000008000020e (0xfe028ee3) 
1 3 000000008000020a (0x8881a283) x05 0000000000000000
1 3 000000008000020e (0xfe028ee3) 
1 3 000000008000020a (0x8881a283) x05 0000000000000000
1 3 000000008000020e (0xfe028ee3) 
1 3 000000008000020a (0x8881a283) x05 0000000000000000
1 3 000000008000020e (0xfe028ee3) 
1 3 000000008000020a (0x8881a283) x05 0000000000000000
1 3 000000008000020e (0xfe028ee3) 
1 3 000000008000020a (0x8881a283) x05 0000000000000000
1 3 000000008000020e (0xfe028ee3) 
1 3 000000008000020a (0x8881a283) x05 0000000000000000
1 3 000000008000020e (0xfe028ee3) 
1 3 000000008000020a (0x8881a283) x05 0000000000000000
1 3 000000008000020e (0xfe028ee3) 
1 3 000000008000020a (0x8881a283) x05 0000000000000000
1 3 000000008000020e (0xfe028ee3) 
1 3 000000008000020a (0x8881a283) x05 0000000000000000
1 3 000000008000020e (0xfe028ee3) 
1 3 000000008000020a (0x8881a283) x05 0000000000000000
1 3 000000008000020e (0xfe028ee3) 
1 3 000000008000020a (0x8881a283) x05 0000000000000000
1 3 000000008000020e (0xfe028ee3) 
1 3 000000008000020a (0x8881a283) x05 0000000000000000
1 3 000000008000020e (0xfe028ee3) 
1 3 000000008000020a (0x8881a283) x05 0000000000000000
1 3 000000008000020e (0xfe028ee3) 
1 3 000000008000020a (0x8881a283) x05 0000000000000000
1 3 000000008000020e (0xfe028ee3) 
1 3 000000008000020a (0x8881a283) x05 0000000000000000
1 3 000000008000020e (0xfe028ee3) 
1 3 000000008000020a (0x8881a283) x05 0000000000000000
1 3 000000008000020e (0xfe028ee3) 
1 3 000000008000020a (0x8881a283) x05 0000000000000000
1 3 000000008000020e (0xfe028ee3) 
1 3 000000008000020a (0x8881a283) x05 0000000000000000
1 3 000000008000020e (0xfe028ee3) 
1 3 000000008000020a (0x8881a283) x05 0000000000000000
1 3 000000008000020e (0xfe028ee3) 
1 3 000000008000020a (0x8881a283) x05 0000000000000000
1 3 000000008000020e (0xfe028ee3) 
1 3 000000008000020a (0x8881a283) x05 0000000000000000
1 3 000000008000020e (0xfe028ee3) 
1 3 000000008000020a (0x8881a283) x05 0000000000000000
1 3 000000008000020e (0xfe028ee3) 
1 3 000000008000020a (0x8881a283) x05 0000000000000000
1 3 000000008000020e (0xfe028ee3) 
1 3 000000008000020a (0x8881a283) x05 0000000000000000
1 3 000000008000020e (0xfe028ee3) 
1 3 000000008000020a (0x8881a283) x05 0000000000000000
1 3 000000008000020e (0xfe028ee3) 
1 3 000000008000020a (0x8881a283) x05 0000000000000000
1 3 000000008000020e (0xfe028ee3) 
1 3 000000008000020a (0x8881a283) x05 0000000000000000
1 3 000000008000020e (0xfe028ee3) 
1 3 000000008000020a (0x8881a283) x05 0000000000000000
1 3 000000008000020e (0xfe028ee3) 
1 3 000000008000020a (0x8881a283) x05 0000000000000000
1 3 000000008000020e (0xfe028ee3) 
1 3 000000008000020a (0x8881a283) x05 0000000000000000
1 3 000000008000020e (0xfe028ee3) 
1 3 000000008000020a (0x8881a283) x05 0000000000000000
1 3 000000008000020e (0xfe028ee3) 
1 3 000000008000020a (0x8881a283) x05 0000000000000000
1 3 000000008000020e (0xfe028ee3) 
1 3 000000008000020a (0x8881a283) x05 0000000000000000
1 3 000000008000020e (0xfe028ee3) 
1 3 000000008000020a (0x8881a283) x05 0000000000000000
1 3 000000008000020e (0xfe028ee3) 
1 3 000000008000020a (0x8881a283) x05 0000000000000000
1 3 000000008000020e (0xfe028ee3) 
1 3 000000008000020a (0x8881a283) x05 0000000000000000
1 3 000000008000020e (0xfe028ee3) 
1 3 000000008000020a (0x8881a283) x05 0000000000000000
1 3 000000008000020e (0xfe028ee3) 
1 3 000000008000020a (0x8881a283) x05 0000000000000000
1 3 000000008000020e (0xfe028ee3) 
1 3 000000008000020a (0x8881a283) x05 0000000000000000
1 3 000000008000020e (0xfe028ee3) 
1 3 000000008000020a (0x8881a283) x05 0000000000000000
1 3 000000008000020e (0xfe028ee3) 
1 3 000000008000020a (0x8881a283) x05 0000000000000000
1 3 000000008000020e (0xfe028ee3) 
1 3 000000008000020a (0x8881a283) x05 0000000000000000
1 3 000000008000020e (0xfe028ee3) 
1 3 000000008000020a (0x8881a283) x05 0000000000000000
1 3 000000008000020e (0xfe028ee3) 
1 3 000000008000020a (0x8881a283) x05 0000000000000000
1 3 000000008000020e (0xfe028ee3) 
1 3 000000008000020a (0x8881a283) x05 0000000000000000
1 3 000000008000020e (0xfe028ee3) 
1 3 000000008000020a (0x8881a283) x05 0000000000000000
1 3 000000008000020e (0xfe028ee3) 
1 3 000000008000020a (0x8881a283) x05 0000000000000000
1 3 000000008000020e (0xfe028ee3) 
1 3 000000008000020a (0x8881a283) x05 0000000000000000
1 3 000000008000020e (0xfe028ee3) 
1 3 000000008000020a (0x8881a283) x05 0000000000000000
1 3 000000008000020e (0xfe028ee3) 
1 3 000000008000020a (0x8881a283) x05 0000000000000000
1 3 000000008000020e (0xfe028ee3) 
1 3 000000008000020a (0x8881a283) x05 0000000000000000
1 3 000000008000020e (0xfe028ee3) 
1 3 000000008000020a (0x8881a283) x05 0000000000000000
1 3 000000008000020e (0xfe028ee3) 
1 3 000000008000020a (0x8881a283) x05 0000000000000000
1 3 000000008000020e (0xfe028ee3) 
1 3 000000008000020a (0x8881a283) x05 0000000000000000
1 3 000000008000020e (0xfe028ee3) 
1 3 000000008000020a (0x8881a283) x05 0000000000000000
1 3 000000008000020e (0xfe028ee3) 
1 3 000000008000020a (0x8881a283) x05 0000000000000000
1 3 000000008000020e (0xfe028ee3) 
1 3 000000008000020a (0x8881a283) x05 0000000000000000
1 3 000000008000020e (0xfe028ee3) 
1 3 000000008000020a (0x8881a283) x05 0000000000000000
1 3 000000008000020e (0xfe028ee3) 
1 3 000000008000020a (0x8881a283) x05 0000000000000000
1 3 000000008000020e (0xfe028ee3) 
1 3 000000008000020a (0x8881a283) x05 0000000000000000
1 3 000000008000020e (0xfe028ee3) 
1 3 000000008000020a (0x8881a283) x05 0000000000000000
1 3 000000008000020e (0xfe028ee3) 
1 3 000000008000020a (0x8881a283) x05 0000000000000000
1 3 000000008000020e (0xfe028ee3) 
1 3 000000008000020a (0x8881a283) x05 0000000000000000
1 3 000000008000020e (0xfe028ee3) 
1 3 000000008000020a (0x8881a283) x05 0000000000000000
1 3 000000008000020e (0xfe028ee3) 
1 3 000000008000020a (0x8881a283) x05 0000000000000000
1 3 000000008000020e (0xfe028ee3) 
1 3 000000008000020a (0x8881a283) x05 0000000000000000
1 3 000000008000020e (0xfe028ee3) 
1 3 000000008000020a (0x8881a283) x05 0000000000000000
1 3 000000008000020e (0xfe028ee3) 
1 3 000000008000020a (0x8881a283) x05 0000000000000000
1 3 000000008000020e (0xfe028ee3) 
1 3 000000008000020a (0x8881a283) x05 0000000000000000
1 3 000000008000020e (0xfe028ee3) 
1 3 000000008000020a (0x8881a283) x05 0000000000000000
1 3 000000008000020e (0xfe028ee3) 
1 3 000000008000020a (0x8881a283) x05 0000000000000000
1 3 000000008000020e (0xfe028ee3) 
1 3 000000008000020a (0x8881a283) x05 0000000000000000
1 3 000000008000020e (0xfe028ee3) 
1 3 000000008000020a (0x8881a283) x05 0000000000000000
1 3 000000008000020e (0xfe028ee3) 
1 3 000000008000020a (0x8881a283) x05 0000000000000000
1 3 000000008000020e (0xfe028ee3) 
1 3 000000008000020a (0x8881a283) x05 0000000000000000
1 3 000000008000020e (0xfe028ee3) 
1 3 000000008000020a (0x8881a283) x05 0000000000000000
1 3 000000008000020e (0xfe028ee3) 
1 3 000000008000020a (0x8881a283) x05 0000000000000000
1 3 000000008000020e (0xfe028ee3) 
1 3 000000008000020a (0x8881a283) x05 0000000000000000
1 3 000000008000020e (0xfe028ee3) 
1 3 000000008000020a (0x8881a283) x05 0000000000000000
1 3 000000008000020e (0xfe028ee3) 
1 3 000000008000020a (0x8881a283) x05 0000000000000000
1 3 000000008000020e (0xfe028ee3) 
1 3 000000008000020a (0x8881a283) x05 0000000000000000
1 3 000000008000020e (0xfe028ee3) 
1 3 000000008000020a (0x8881a283) x05 0000000000000000
1 3 000000008000020e (0xfe028ee3) 
1 3 000000008000020a (0x8881a283) x05 0000000000000000
1 3 000000008000020e (0xfe028ee3) 
1 3 000000008000020a (0x8881a283) x05 0000000000000000
1 3 000000008000020e (0xfe028ee3) 
1 3 000000008000020a (0x8881a283) x05 0000000000000000
1 3 000000008000020e (0xfe028ee3) 
1 3 000000008000020a (0x8881a283) x05 0000000000000000
1 3 000000008000020e (0xfe028ee3) 
1 3 000000008000020a (0x8881a283) x05 0000000000000000
1 3 000000008000020e (0xfe028ee3) 
1 3 000000008000020a (0x8881a283) x05 0000000000000000
1 3 000000008000020e (0xfe028ee3) 
1 3 000000008000020a (0x8881a283) x05 0000000000000000
1 3 000000008000020e (0xfe028ee3) 
1 3 000000008000020a (0x8881a283) x05 0000000000000000
1 3 000000008000020e (0xfe028ee3) 
1 3 000000008000020a (0x8881a283) x05 0000000000000000
1 3 000000008000020e (0xfe028ee3) 
1 3 000000008000020a (0x8881a283) x05 0000000000000000
1 3 000000008000020e (0xfe028ee3) 
1 3 000000008000020a (0x8881a283) x05 0000000000000000
1 3 000000008000020e (0xfe028ee3) 
1 3 000000008000020a (0x8881a283) x05 0000000000000000
1 3 000000008000020e (0xfe028ee3) 
1 3 000000008000020a (0x8881a283) x05 0000000000000000
1 3 000000008000020e (0xfe028ee3) 
1 3 000000008000020a (0x8881a283) x05 0000000000000000
1 3 000000008000020e (0xfe028ee3) 
1 3 000000008000020a (0x8881a283) x05 0000000000000000
1 3 000000008000020e (0xfe028ee3) 
1 3 000000008000020a (0x8881a283) x05 0000000000000000
1 3 000000008000020e (0xfe028ee3) 
1 3 000000008000020a (0x8881a283) x05 0000000000000000
1 3 000000008000020e (0xfe028ee3) 
1 3 000000008000020a (0x8881a283) x05 0000000000000000
1 3 000000008000020e (0xfe028ee3) 
1 3 000000008000020a (0x8881a283) x05 0000000000000000
1 3 000000008000020e (0xfe028ee3) 
1 3 000000008000020a (0x8881a283) x05 0000000000000000
1 3 000000008000020e (0xfe028ee3) 
1 3 000000008000020a (0x8881a283) x05 0000000000000000
1 3 000000008000020e (0xfe028ee3) 
1 3 000000008000020a (0x8881a283) x05 0000000000000000
1 3 000000008000020e (0xfe028ee3) 
1 3 000000008000020a (0x8881a283) x05 0000000000000000
1 3 000000008000020e (0xfe028ee3) 
1 3 000000008000020a (0x8881a283) x05 0000000000000000
1 3 000000008000020e (0xfe028ee3) 
1 3 000000008000020a (0x8881a283) x05 0000000000000000
1 3 000000008000020e (0xfe028ee3) 
1 3 000000008000020a (0x8881a283) x05 0000000000000000
1 3 000000008000020e (0xfe028ee3) 
1 3 000000008000020a (0x8881a283) x05 0000000000000000
1 3 000000008000020e (0xfe028ee3) 
1 3 000000008000020a (0x8881a283) x05 0000000000000000
1 3 000000008000020e (0xfe028ee3) 
1 3 000000008000020a (0x8881a283) x05 0000000000000000
1 3 000000008000020e (0xfe028ee3) 
1 3 000000008000020a (0x8881a283) x05 0000000000000000
1 3 000000008000020e (0xfe028ee3) 
1 3 000000008000020a (0x8881a283) x05 0000000000000000
1 3 000000008000020e (0xfe028ee3) 
1 3 000000008000020a (0x8881a283) x05 0000000000000000
1 3 000000008000020e (0xfe028ee3) 
1 3 000000008000020a (0x8881a283) x05 0000000000000000
1 3 000000008000020e (0xfe028ee3) 
1 3 000000008000020a (0x8881a283) x05 0000000000000000
1 3 000000008000020e (0xfe028ee3) 
1 3 000000008000020a (0x8881a283) x05 0000000000000000
1 3 000000008000020e (0xfe028ee3) 
1 3 000000008000020a (0x8881a283) x05 0000000000000000
1 3 000000008000020e (0xfe028ee3) 
1 3 000000008000020a (0x8881a283) x05 0000000000000000
1 3 000000008000020e (0xfe028ee3) 
1 3 000000008000020a (0x8881a283) x05 0000000000000000
1 3 000000008000020e (0xfe028ee3) 
1 3 000000008000020a (0x8881a283) x05 0000000000000000
1 3 000000008000020e (0xfe028ee3) 
1 3 000000008000020a (0x8881a283) x05 0000000000000000
1 3 000000008000020e (0xfe028ee3) 
1 3 000000008000020a (0x8881a283) x05 0000000000000000
1 3 000000008000020e (0xfe028ee3) 
1 3 000000008000020a (0x8881a283) x05 0000000000000000
1 3 000000008000020e (0xfe028ee3) 
1 3 000000008000020a (0x8881a283) x05 0000000000000000
1 3 000000008000020e (0xfe028ee3) 
1 3 000000008000020a (0x8881a283) x05 0000000000000000
1 3 000000008000020e (0xfe028ee3) 
1 3 000000008000020a (0x8881a283) x05 0000000000000000
1 3 000000008000020e (0xfe028ee3) 
1 3 000000008000020a (0x8881a283) x05 0000000000000000
1 3 000000008000020e (0xfe028ee3) 
1 3 000000008000020a (0x8881a283) x05 0000000000000000
1 3 000000008000020e (0xfe028ee3) 
1 3 000000008000020a (0x8881a283) x05 0000000000000000
1 3 000000008000020e (0xfe028ee3) 
1 3 000000008000020a (0x8881a283) x05 0000000000000000
1 3 000000008000020e (0xfe028ee3) 
1 3 000000008000020a (0x8881a283) x05 0000000000000000
1 3 000000008000020e (0xfe028ee3) 
1 3 000000008000020a (0x8881a283) x05 0000000000000000
1 3 000000008000020e (0xfe028ee3) 
1 3 000000008000020a (0x8881a283) x05 0000000000000000
1 3 000000008000020e (0xfe028ee3) 
1 3 000000008000020a (0x8881a283) x05 0000000000000000
1 3 000000008000020e (0xfe028ee3) 
1 3 000000008000020a (0x8881a283) x05 0000000000000000
1 3 000000008000020e (0xfe028ee3) 
1 3 000000008000020a (0x8881a283) x05 0000000000000000
1 3 000000008000020e (0xfe028ee3) 
1 3 000000008000020a (0x8881a283) x05 0000000000000000
1 3 000000008000020e (0xfe028ee3) 
1 3 000000008000020a (0x8881a283) x05 0000000000000000
1 3 000000008000020e (0xfe028ee3) 
1 3 000000008000020a (0x8881a283) x05 0000000000000000
1 3 000000008000020e (0xfe028ee3) 
1 3 000000008000020a (0x8881a283) x05 0000000000000000
1 3 000000008000020e (0xfe028ee3) 
1 3 000000008000020a (0x8881a283) x05 0000000000000000
1 3 000000008000020e (0xfe028ee3) 
1 3 000000008000020a (0x8881a283) x05 0000000000000000
1 3 000000008000020e (0xfe028ee3) 
1 3 000000008000020a (0x8881a283) x05 0000000000000000
1 3 000000008000020e (0xfe028ee3) 
1 3 000000008000020a (0x8881a283) x05 0000000000000000
1 3 000000008000020e (0xfe028ee3) 
1 3 000000008000020a (0x8881a283) x05 0000000000000000
1 3 000000008000020e (0xfe028ee3) 
1 3 000000008000020a (0x8881a283) x05 0000000000000000
1 3 000000008000020e (0xfe028ee3) 
1 3 000000008000020a (0x8881a283) x05 0000000000000000
1 3 000000008000020e (0xfe028ee3) 
1 3 000000008000020a (0x8881a283) x05 0000000000000000
1 3 000000008000020e (0xfe028ee3) 
1 3 000000008000020a (0x8881a283) x05 0000000000000000
1 3 000000008000020e (0xfe028ee3) 
1 3 000000008000020a (0x8881a283) x05 0000000000000000
1 3 000000008000020e (0xfe028ee3) 
1 3 000000008000020a (0x8881a283) x05 0000000000000000
1 3 000000008000020e (0xfe028ee3) 
1 3 000000008000020a (0x8881a283) x05 0000000000000000
1 3 000000008000020e (0xfe028ee3) 
1 3 000000008000020a (0x8881a283) x05 0000000000000000
1 3 000000008000020e (0xfe028ee3) 
1 3 000000008000020a (0x8881a283) x05 0000000000000000
1 3 000000008000020e (0xfe028ee3) 
1 3 000000008000020a (0x8881a283) x05 0000000000000000
1 3 000000008000020e (0xfe028ee3) 
1 3 000000008000020a (0x8881a283) x05 0000000000000000
1 3 000000008000020e (0xfe028ee3) 
1 3 000000008000020a (0x8881a283) x05 0000000000000000
1 3 000000008000020e (0xfe028ee3) 
1 3 000000008000020a (0x8881a283) x05 0000000000000000
1 3 000000008000020e (0xfe028ee3) 
1 3 000000008000020a (0x8881a283) x05 0000000000000000
1 3 000000008000020e (0xfe028ee3) 
1 3 000000008000020a (0x8881a283) x05 0000000000000000
1 3 000000008000020e (0xfe028ee3) 
1 3 000000008000020a (0x8881a283) x05 0000000000000000
1 3 000000008000020e (0xfe028ee3) 
1 3 000000008000020a (0x8881a283) x05 0000000000000000
1 3 000000008000020e (0xfe028ee3) 
1 3 000000008000020a (0x8881a283) x05 0000000000000000
1 3 000000008000020e (0xfe028ee3) 
1 3 000000008000020a (0x8881a283) x05 0000000000000000
1 3 000000008000020e (0xfe028ee3) 
1 3 000000008000020a (0x8881a283) x05 0000000000000000
1 3 000000008000020e (0xfe028ee3) 
1 3 000000008000020a (0x8881a283) x05 0000000000000000
1 3 000000008000020e (0xfe028ee3) 
1 3 000000008000020a (0x8881a283) x05 0000000000000000
1 3 000000008000020e (0xfe028ee3) 
1 3 000000008000020a (0x8881a283) x05 0000000000000000
1 3 000000008000020e (0xfe028ee3) 
1 3 000000008000020a (0x8881a283) x05 0000000000000000
1 3 000000008000020e (0xfe028ee3) 
1 3 000000008000020a (0x8881a283) x05 0000000000000000
1 3 000000008000020e (0xfe028ee3) 
1 3 000000008000020a (0x8881a283) x05 0000000000000000
1 3 000000008000020e (0xfe028ee3) 
1 3 000000008000020a (0x8881a283) x05 0000000000000000
1 3 000000008000020e (0xfe028ee3) 
1 3 000000008000020a (0x8881a283) x05 0000000000000000
1 3 000000008000020e (0xfe028ee3) 
1 3 000000008000020a (0x8881a283) x05 0000000000000000
1 3 000000008000020e (0xfe028ee3) 
1 3 000000008000020a (0x8881a283) x05 0000000000000000
1 3 000000008000020e (0xfe028ee3) 
1 3 000000008000020a (0x8881a283) x05 0000000000000000
1 3 000000008000020e (0xfe028ee3) 
1 3 000000008000020a (0x8881a283) x05 0000000000000000
1 3 000000008000020e (0xfe028ee3) 
1 3 000000008000020a (0x8881a283) x05 0000000000000000
1 3 000000008000020e (0xfe028ee3) 
1 3 000000008000020a (0x8881a283) x05 0000000000000000
1 3 000000008000020e (0xfe028ee3) 
1 3 000000008000020a (0x8881a283) x05 0000000000000000
1 3 000000008000020e (0xfe028ee3) 
1 3 000000008000020a (0x8881a283) x05 0000000000000000
1 3 000000008000020e (0xfe028ee3) 
1 3 000000008000020a (0x8881a283) x05 0000000000000000
1 3 000000008000020e (0xfe028ee3) 
1 3 000000008000020a (0x8881a283) x05 0000000000000000
1 3 000000008000020e (0xfe028ee3) 
1 3 000000008000020a (0x8881a283) x05 0000000000000000
1 3 000000008000020e (0xfe028ee3) 
1 3 000000008000020a (0x8881a283) x05 0000000000000000
1 3 000000008000020e (0xfe028ee3) 
1 3 000000008000020a (0x8881a283) x05 0000000000000000
1 3 000000008000020e (0xfe028ee3) 
1 3 000000008000020a (0x8881a283) x05 0000000000000000
1 3 000000008000020e (0xfe028ee3) 
1 3 000000008000020a (0x8881a283) x05 0000000000000000
1 3 000000008000020e (0xfe028ee3) 
1 3 000000008000020a (0x8881a283) x05 0000000000000000
1 3 000000008000020e (0xfe028ee3) 
1 3 000000008000020a (0x8881a283) x05 0000000000000000
1 3 000000008000020e (0xfe028ee3) 
1 3 000000008000020a (0x8881a283) x05 0000000000000000
1 3 000000008000020e (0xfe028ee3) 
1 3 000000008000020a (0x8881a283) x05 0000000000000000
1 3 000000008000020e (0xfe028ee3) 
1 3 000000008000020a (0x8881a283) x05 0000000000000000
1 3 000000008000020e (0xfe028ee3) 
1 3 000000008000020a (0x8881a283) x05 0000000000000000
1 3 000000008000020e (0xfe028ee3) 
1 3 000000008000020a (0x8881a283) x05 0000000000000000
1 3 000000008000020e (0xfe028ee3) 
1 3 000000008000020a (0x8881a283) x05 0000000000000000
1 3 000000008000020e (0xfe028ee3) 
1 3 000000008000020a (0x8881a283) x05 0000000000000000
1 3 000000008000020e (0xfe028ee3) 
1 3 000000008000020a (0x8881a283) x05 0000000000000000
1 3 000000008000020e (0xfe028ee3) 
1 3 000000008000020a (0x8881a283) x05 0000000000000000
1 3 000000008000020e (0xfe028ee3) 
1 3 000000008000020a (0x8881a283) x05 0000000000000000
1 3 000000008000020e (0xfe028ee3) 
1 3 000000008000020a (0x8881a283) x05 0000000000000000
1 3 000000008000020e (0xfe028ee3) 
1 3 000000008000020a (0x8881a283) x05 0000000000000000
1 3 000000008000020e (0xfe028ee3) 
1 3 000000008000020a (0x8881a283) x05 0000000000000000
1 3 000000008000020e (0xfe028ee3) 
1 3 000000008000020a (0x8881a283) x05 0000000000000000
1 3 000000008000020e (0xfe028ee3) 
1 3 000000008000020a (0x8881a283) x05 0000000000000000
1 3 000000008000020e (0xfe028ee3) 
1 3 000000008000020a (0x8881a283) x05 0000000000000000
1 3 000000008000020e (0xfe028ee3) 
1 3 000000008000020a (0x8881a283) x05 0000000000000000
1 3 000000008000020e (0xfe028ee3) 
1 3 000000008000020a (0x8881a283) x05 ffffffffffffffff
1 3 000000008000020e (0xfe028ee3) 
1 3 0000000080000212 (0x0220000f) 
1 3 0000000080000216 (0x00005517) x0a 0000000080005216
1 3 000000008000021a (0x7ba53503) x0a 0000000000000001
1 3 000000008000021e (0x00005597) x0b 000000008000521e
1 3 0000000080000222 (0x7ba58593) x0b 00000000800059d8
1 3 0000000080000226 (0x092000ef) x01 000000008000022a
1 3 00000000800002b8 (0x10500073) 
