TOP.testbench.dut_clock_gen with cycle_time_p          10
TOP.testbench.tb_clock_gen with cycle_time_p           2
BSG-INFO: Initalizing mem with mem_str_p=prog.mem
BSG-INFO: TOP.testbench.tracer trace enable: dump.fst, intially off...
########### BP Parameters ##############
########### TOP IF ##############
bp_cfg_bus_s          bits: struct          65 width          65
########### FE-BE IF ##############
bp_fe_queue_s          bits: struct         174 width         174
bp_fe_cmd_s            bits: struct         114 width         114
########### LCE-CCE IF ##############
bp_bedrock_lce_req_header_s       bits: struct          64 width          64
bp_bedrock_lce_cmd_header_s       bits: struct          75 width          75
bp_bedrock_lce_fill_header_s      bits: struct          75 width          75
bp_bedrock_lce_resp_header_s      bits: struct          60 width          60
########### CCE-MEM IF ##############
bp_bedrock_mem_fwd_header_s           bits: struct          66 width          66
bp_bedrock_mem_rev_header_s           bits: struct          66 width          66
########### DERIVED STATISTICS ##############
L1 I-Cache Total Size:   32 KB
L1 D-Cache Total Size:   32 KB
LCE REQ Header Flits:    1
LCE CMD Header Flits:    1
LCE FILL Header Flits:   1
LCE RESP Header Flits:   1
MEM FWD Header Flits:    1
MEM REV Header Flits:    1
L2 Cache (per core): 256 sets, 4-way, 64 B/line, 2x2x1 banks, data width 16 B
L2 Cache Total Size: 256 kB
I-Cache Capacity:      32 kB
Instruction Slots:     8192
#############################################
BSG-INFO: TOP.testbench.dram.dram_tracer initializing...
## bsg_mem_1r1w_sync: instantiating width_p=         50, els_p=         64, read_write_same_addr_p=          0, harden_p=          0 (TOP.testbench.wrapper.processor.m.multicore.cc.y[0].x[0].tile_node.tile.core.core_lite.core_minimal.fe.pc_gen.btb.btb_mem)
## bsg_mem_1r1w_sync_synth: instantiating width_p=         50, els_p=         64 (TOP.testbench.wrapper.processor.m.multicore.cc.y[0].x[0].tile_node.tile.core.core_lite.core_minimal.fe.pc_gen.btb.btb_mem.synth)
## bsg_mem_1r1w_sync: instantiating width_p=          8, els_p=        512, read_write_same_addr_p=          0, harden_p=          0 (TOP.testbench.wrapper.processor.m.multicore.cc.y[0].x[0].tile_node.tile.core.core_lite.core_minimal.fe.pc_gen.bht.bht_mem)
## bsg_mem_1r1w_sync_synth: instantiating width_p=          8, els_p=        512 (TOP.testbench.wrapper.processor.m.multicore.cc.y[0].x[0].tile_node.tile.core.core_lite.core_minimal.fe.pc_gen.bht.bht_mem.synth)
## bsg_mem_1r1w: instantiating width_p=         43, els_p=         16, read_write_same_addr_p=          1, harden_p=          0 (TOP.testbench.wrapper.processor.m.multicore.cc.y[0].x[0].tile_node.tile.core.core_lite.core_minimal.fe.pc_gen.ras.mem)
## bsg_mem_1rw_sync_mask_write_bit: instantiating width_p=        184, els_p=         64 (TOP.testbench.wrapper.processor.m.multicore.cc.y[0].x[0].tile_node.tile.core.core_lite.core_minimal.fe.icache.tag_mem)
## bsg_mem_1rw_sync_mask_write_bit: instantiating width_p=          7, els_p=         64 (TOP.testbench.wrapper.processor.m.multicore.cc.y[0].x[0].tile_node.tile.core.core_lite.core_minimal.fe.icache.stat_mem)
## bsg_mem_1rw_sync: instantiating width_p=         64, els_p=        512 (TOP.testbench.wrapper.processor.m.multicore.cc.y[0].x[0].tile_node.tile.core.core_lite.core_minimal.fe.icache.data_mems[0].data_mem)
## bsg_mem_1rw_sync_synth: instantiating width_p=         64, els_p=        512 (TOP.testbench.wrapper.processor.m.multicore.cc.y[0].x[0].tile_node.tile.core.core_lite.core_minimal.fe.icache.data_mems[0].data_mem.synth)
## bsg_mem_1rw_sync: instantiating width_p=         64, els_p=        512 (TOP.testbench.wrapper.processor.m.multicore.cc.y[0].x[0].tile_node.tile.core.core_lite.core_minimal.fe.icache.data_mems[1].data_mem)
## bsg_mem_1rw_sync_synth: instantiating width_p=         64, els_p=        512 (TOP.testbench.wrapper.processor.m.multicore.cc.y[0].x[0].tile_node.tile.core.core_lite.core_minimal.fe.icache.data_mems[1].data_mem.synth)
## bsg_mem_1rw_sync: instantiating width_p=         64, els_p=        512 (TOP.testbench.wrapper.processor.m.multicore.cc.y[0].x[0].tile_node.tile.core.core_lite.core_minimal.fe.icache.data_mems[2].data_mem)
## bsg_mem_1rw_sync_synth: instantiating width_p=         64, els_p=        512 (TOP.testbench.wrapper.processor.m.multicore.cc.y[0].x[0].tile_node.tile.core.core_lite.core_minimal.fe.icache.data_mems[2].data_mem.synth)
## bsg_mem_1rw_sync: instantiating width_p=         64, els_p=        512 (TOP.testbench.wrapper.processor.m.multicore.cc.y[0].x[0].tile_node.tile.core.core_lite.core_minimal.fe.icache.data_mems[3].data_mem)
## bsg_mem_1rw_sync_synth: instantiating width_p=         64, els_p=        512 (TOP.testbench.wrapper.processor.m.multicore.cc.y[0].x[0].tile_node.tile.core.core_lite.core_minimal.fe.icache.data_mems[3].data_mem.synth)
## bsg_mem_1rw_sync: instantiating width_p=         64, els_p=        512 (TOP.testbench.wrapper.processor.m.multicore.cc.y[0].x[0].tile_node.tile.core.core_lite.core_minimal.fe.icache.data_mems[4].data_mem)
## bsg_mem_1rw_sync_synth: instantiating width_p=         64, els_p=        512 (TOP.testbench.wrapper.processor.m.multicore.cc.y[0].x[0].tile_node.tile.core.core_lite.core_minimal.fe.icache.data_mems[4].data_mem.synth)
## bsg_mem_1rw_sync: instantiating width_p=         64, els_p=        512 (TOP.testbench.wrapper.processor.m.multicore.cc.y[0].x[0].tile_node.tile.core.core_lite.core_minimal.fe.icache.data_mems[5].data_mem)
## bsg_mem_1rw_sync_synth: instantiating width_p=         64, els_p=        512 (TOP.testbench.wrapper.processor.m.multicore.cc.y[0].x[0].tile_node.tile.core.core_lite.core_minimal.fe.icache.data_mems[5].data_mem.synth)
## bsg_mem_1rw_sync: instantiating width_p=         64, els_p=        512 (TOP.testbench.wrapper.processor.m.multicore.cc.y[0].x[0].tile_node.tile.core.core_lite.core_minimal.fe.icache.data_mems[6].data_mem)
## bsg_mem_1rw_sync_synth: instantiating width_p=         64, els_p=        512 (TOP.testbench.wrapper.processor.m.multicore.cc.y[0].x[0].tile_node.tile.core.core_lite.core_minimal.fe.icache.data_mems[6].data_mem.synth)
## bsg_mem_1rw_sync: instantiating width_p=         64, els_p=        512 (TOP.testbench.wrapper.processor.m.multicore.cc.y[0].x[0].tile_node.tile.core.core_lite.core_minimal.fe.icache.data_mems[7].data_mem)
## bsg_mem_1rw_sync_synth: instantiating width_p=         64, els_p=        512 (TOP.testbench.wrapper.processor.m.multicore.cc.y[0].x[0].tile_node.tile.core.core_lite.core_minimal.fe.icache.data_mems[7].data_mem.synth)
## bsg_mem_1r1w: instantiating width_p=        114, els_p=          4, read_write_same_addr_p=          0, harden_p=          0 (TOP.testbench.wrapper.processor.m.multicore.cc.y[0].x[0].tile_node.tile.core.core_lite.core_minimal.be.director.fe_cmd_fifo.fifo_mem)
## bsg_mem_1r1w: instantiating width_p=         80, els_p=          8, read_write_same_addr_p=          0, harden_p=          0 (TOP.testbench.wrapper.processor.m.multicore.cc.y[0].x[0].tile_node.tile.core.core_lite.core_minimal.be.scheduler.issue_queue.preissue_fifo_mem)
## bsg_mem_1r1w: instantiating width_p=        174, els_p=          8, read_write_same_addr_p=          0, harden_p=          0 (TOP.testbench.wrapper.processor.m.multicore.cc.y[0].x[0].tile_node.tile.core.core_lite.core_minimal.be.scheduler.issue_queue.queue_fifo_mem)
## bsg_mem_2r1w_sync: instantiating width_p=         66, els_p=         32, read_write_same_addr_p=          0, harden_p=          0 (TOP.testbench.wrapper.processor.m.multicore.cc.y[0].x[0].tile_node.tile.core.core_lite.core_minimal.be.scheduler.int_regfile.tworonew.rf)
## bsg_mem_3r1w_sync: instantiating width_p=         66, els_p=         32, read_write_same_addr_p=          0, harden_p=          0 (TOP.testbench.wrapper.processor.m.multicore.cc.y[0].x[0].tile_node.tile.core.core_lite.core_minimal.be.scheduler.fp_regfile.threeronew.rf)
## bsg_mem_1rw_sync_mask_write_bit: instantiating width_p=        184, els_p=         64 (TOP.testbench.wrapper.processor.m.multicore.cc.y[0].x[0].tile_node.tile.core.core_lite.core_minimal.be.calculator.pipe_mem.dcache.tag_mem)
## bsg_mem_1rw_sync_mask_write_bit: instantiating width_p=         15, els_p=         64 (TOP.testbench.wrapper.processor.m.multicore.cc.y[0].x[0].tile_node.tile.core.core_lite.core_minimal.be.calculator.pipe_mem.dcache.stat_mem)
## bsg_mem_1r1w: instantiating width_p=        467, els_p=       1024, read_write_same_addr_p=          0, harden_p=          0 (TOP.testbench.wrapper.processor.m.multicore.cc.y[0].x[0].tile_node.tile.core.core_lite.core_minimal.be.cosim.commit_fifo.MSYNC_1r1w)
## bsg_mem_1r1w: instantiating width_p=        203, els_p=          2, read_write_same_addr_p=          0, harden_p=          0 (TOP.testbench.wrapper.processor.m.multicore.cc.y[0].x[0].tile_node.tile.core.core_lite.fe_lce.lce_fill_fifo.mem_1r1w)
## bsg_mem_1r1w: instantiating width_p=        203, els_p=          2, read_write_same_addr_p=          0, harden_p=          0 (TOP.testbench.wrapper.processor.m.multicore.cc.y[0].x[0].tile_node.tile.core.core_lite.be_lce.lce_fill_fifo.mem_1r1w)
## bsg_mem_1r1w: instantiating width_p=        197, els_p=          2, read_write_same_addr_p=          0, harden_p=          0 (TOP.testbench.wrapper.processor.m.multicore.cc.y[0].x[0].tile_node.tile.core.fwd_xbar.buffer[0].in_fifo.mem_1r1w)
## bsg_mem_1r1w: instantiating width_p=        195, els_p=          2, read_write_same_addr_p=          0, harden_p=          0 (TOP.testbench.wrapper.processor.m.multicore.cc.y[0].x[0].tile_node.tile.core.rev_xbar.buffer[0].in_fifo.mem_1r1w)
## bsg_mem_1r1w: instantiating width_p=        195, els_p=          2, read_write_same_addr_p=          0, harden_p=          0 (TOP.testbench.wrapper.processor.m.multicore.cc.y[0].x[0].tile_node.tile.core.rev_xbar.buffer[1].in_fifo.mem_1r1w)
## bsg_mem_1r1w: instantiating width_p=        195, els_p=          2, read_write_same_addr_p=          0, harden_p=          0 (TOP.testbench.wrapper.processor.m.multicore.cc.y[0].x[0].tile_node.tile.core.rev_xbar.buffer[2].in_fifo.mem_1r1w)
## bsg_mem_1r1w: instantiating width_p=        195, els_p=          2, read_write_same_addr_p=          0, harden_p=          0 (TOP.testbench.wrapper.processor.m.multicore.cc.y[0].x[0].tile_node.tile.core.rev_xbar.buffer[3].in_fifo.mem_1r1w)
## bsg_mem_1r1w: instantiating width_p=        195, els_p=          2, read_write_same_addr_p=          0, harden_p=          0 (TOP.testbench.wrapper.processor.m.multicore.cc.y[0].x[0].tile_node.tile.core.rev_xbar.buffer[4].in_fifo.mem_1r1w)
## bsg_mem_1r1w: instantiating width_p=        188, els_p=          2, read_write_same_addr_p=          0, harden_p=          0 (TOP.testbench.wrapper.processor.m.multicore.cc.y[0].x[0].tile_node.tile.cce.t.cce.resp_pump_in.gearbox.fifo.mem_1r1w)
## bsg_mem_1r1w_sync: instantiating width_p=        128, els_p=          2, read_write_same_addr_p=          0, harden_p=          1 (TOP.testbench.wrapper.processor.m.multicore.cc.y[0].x[0].tile_node.tile.dma_concentrate.concentrator_in.in_ch[0].twofer.hardened.fifo.mem_1r1w_sync)
## bsg_mem_1r1w_sync_synth: instantiating width_p=        128, els_p=          2 (TOP.testbench.wrapper.processor.m.multicore.cc.y[0].x[0].tile_node.tile.dma_concentrate.concentrator_in.in_ch[0].twofer.hardened.fifo.mem_1r1w_sync.synth)
## bsg_mem_1r1w_sync: instantiating width_p=        128, els_p=          2, read_write_same_addr_p=          0, harden_p=          1 (TOP.testbench.wrapper.processor.m.multicore.cc.y[0].x[0].tile_node.tile.dma_concentrate.concentrator_in.in_ch[1].twofer.hardened.fifo.mem_1r1w_sync)
## bsg_mem_1r1w_sync_synth: instantiating width_p=        128, els_p=          2 (TOP.testbench.wrapper.processor.m.multicore.cc.y[0].x[0].tile_node.tile.dma_concentrate.concentrator_in.in_ch[1].twofer.hardened.fifo.mem_1r1w_sync.synth)
BSG-INFO: TOP.testbench.wrapper.processor.m.multicore.cc.y[0].x[0].tile_node.tile.core.core_lite.core_minimal.fe.icache.icache_tracer initializing...
BSG-INFO: TOP.testbench.wrapper.processor.m.multicore.cc.y[0].x[0].tile_node.tile.core.core_lite.core_minimal.be.calculator.pipe_sys.csr.perf initializing...
BSG-INFO: TOP.testbench.wrapper.processor.m.multicore.cc.y[0].x[0].tile_node.tile.core.core_lite.core_minimal.be.calculator.pipe_mem.dcache.dcache_tracer initializing...
BSG-INFO: TOP.testbench.wrapper.processor.m.multicore.cc.y[0].x[0].tile_node.tile.core.core_lite.core_minimal.be.watchdog initializing...
BSG-INFO: TOP.testbench.wrapper.processor.m.multicore.cc.y[0].x[0].tile_node.tile.core.core_lite.core_minimal.be.cosim initializing...
BSG-INFO: TOP.testbench.wrapper.processor.m.multicore.cc.y[0].x[0].tile_node.tile.core.core_lite.fe_lce.lce_tracer initializing...
BSG-INFO: TOP.testbench.wrapper.processor.m.multicore.cc.y[0].x[0].tile_node.tile.core.core_lite.be_lce.lce_tracer initializing...
BSG-INFO: TOP.testbench.wrapper.processor.m.multicore.cc.y[0].x[0].tile_node.tile.cce.cce_tracer initializing...
## bsg_mem_1r1w_sync: instantiating width_p=         50, els_p=         64, read_write_same_addr_p=          0, harden_p=          0 (TOP.testbench.wrapper.processor.m.multicore.cc.y[0].x[1].tile_node.tile.core.core_lite.core_minimal.fe.pc_gen.btb.btb_mem)
## bsg_mem_1r1w_sync_synth: instantiating width_p=         50, els_p=         64 (TOP.testbench.wrapper.processor.m.multicore.cc.y[0].x[1].tile_node.tile.core.core_lite.core_minimal.fe.pc_gen.btb.btb_mem.synth)
## bsg_mem_1r1w_sync: instantiating width_p=          8, els_p=        512, read_write_same_addr_p=          0, harden_p=          0 (TOP.testbench.wrapper.processor.m.multicore.cc.y[0].x[1].tile_node.tile.core.core_lite.core_minimal.fe.pc_gen.bht.bht_mem)
## bsg_mem_1r1w_sync_synth: instantiating width_p=          8, els_p=        512 (TOP.testbench.wrapper.processor.m.multicore.cc.y[0].x[1].tile_node.tile.core.core_lite.core_minimal.fe.pc_gen.bht.bht_mem.synth)
## bsg_mem_1r1w: instantiating width_p=         43, els_p=         16, read_write_same_addr_p=          1, harden_p=          0 (TOP.testbench.wrapper.processor.m.multicore.cc.y[0].x[1].tile_node.tile.core.core_lite.core_minimal.fe.pc_gen.ras.mem)
## bsg_mem_1rw_sync_mask_write_bit: instantiating width_p=        184, els_p=         64 (TOP.testbench.wrapper.processor.m.multicore.cc.y[0].x[1].tile_node.tile.core.core_lite.core_minimal.fe.icache.tag_mem)
## bsg_mem_1rw_sync_mask_write_bit: instantiating width_p=          7, els_p=         64 (TOP.testbench.wrapper.processor.m.multicore.cc.y[0].x[1].tile_node.tile.core.core_lite.core_minimal.fe.icache.stat_mem)
## bsg_mem_1rw_sync: instantiating width_p=         64, els_p=        512 (TOP.testbench.wrapper.processor.m.multicore.cc.y[0].x[1].tile_node.tile.core.core_lite.core_minimal.fe.icache.data_mems[0].data_mem)
## bsg_mem_1rw_sync_synth: instantiating width_p=         64, els_p=        512 (TOP.testbench.wrapper.processor.m.multicore.cc.y[0].x[1].tile_node.tile.core.core_lite.core_minimal.fe.icache.data_mems[0].data_mem.synth)
## bsg_mem_1rw_sync: instantiating width_p=         64, els_p=        512 (TOP.testbench.wrapper.processor.m.multicore.cc.y[0].x[1].tile_node.tile.core.core_lite.core_minimal.fe.icache.data_mems[1].data_mem)
## bsg_mem_1rw_sync_synth: instantiating width_p=         64, els_p=        512 (TOP.testbench.wrapper.processor.m.multicore.cc.y[0].x[1].tile_node.tile.core.core_lite.core_minimal.fe.icache.data_mems[1].data_mem.synth)
## bsg_mem_1rw_sync: instantiating width_p=         64, els_p=        512 (TOP.testbench.wrapper.processor.m.multicore.cc.y[0].x[1].tile_node.tile.core.core_lite.core_minimal.fe.icache.data_mems[2].data_mem)
## bsg_mem_1rw_sync_synth: instantiating width_p=         64, els_p=        512 (TOP.testbench.wrapper.processor.m.multicore.cc.y[0].x[1].tile_node.tile.core.core_lite.core_minimal.fe.icache.data_mems[2].data_mem.synth)
## bsg_mem_1rw_sync: instantiating width_p=         64, els_p=        512 (TOP.testbench.wrapper.processor.m.multicore.cc.y[0].x[1].tile_node.tile.core.core_lite.core_minimal.fe.icache.data_mems[3].data_mem)
## bsg_mem_1rw_sync_synth: instantiating width_p=         64, els_p=        512 (TOP.testbench.wrapper.processor.m.multicore.cc.y[0].x[1].tile_node.tile.core.core_lite.core_minimal.fe.icache.data_mems[3].data_mem.synth)
## bsg_mem_1rw_sync: instantiating width_p=         64, els_p=        512 (TOP.testbench.wrapper.processor.m.multicore.cc.y[0].x[1].tile_node.tile.core.core_lite.core_minimal.fe.icache.data_mems[4].data_mem)
## bsg_mem_1rw_sync_synth: instantiating width_p=         64, els_p=        512 (TOP.testbench.wrapper.processor.m.multicore.cc.y[0].x[1].tile_node.tile.core.core_lite.core_minimal.fe.icache.data_mems[4].data_mem.synth)
## bsg_mem_1rw_sync: instantiating width_p=         64, els_p=        512 (TOP.testbench.wrapper.processor.m.multicore.cc.y[0].x[1].tile_node.tile.core.core_lite.core_minimal.fe.icache.data_mems[5].data_mem)
## bsg_mem_1rw_sync_synth: instantiating width_p=         64, els_p=        512 (TOP.testbench.wrapper.processor.m.multicore.cc.y[0].x[1].tile_node.tile.core.core_lite.core_minimal.fe.icache.data_mems[5].data_mem.synth)
## bsg_mem_1rw_sync: instantiating width_p=         64, els_p=        512 (TOP.testbench.wrapper.processor.m.multicore.cc.y[0].x[1].tile_node.tile.core.core_lite.core_minimal.fe.icache.data_mems[6].data_mem)
## bsg_mem_1rw_sync_synth: instantiating width_p=         64, els_p=        512 (TOP.testbench.wrapper.processor.m.multicore.cc.y[0].x[1].tile_node.tile.core.core_lite.core_minimal.fe.icache.data_mems[6].data_mem.synth)
## bsg_mem_1rw_sync: instantiating width_p=         64, els_p=        512 (TOP.testbench.wrapper.processor.m.multicore.cc.y[0].x[1].tile_node.tile.core.core_lite.core_minimal.fe.icache.data_mems[7].data_mem)
## bsg_mem_1rw_sync_synth: instantiating width_p=         64, els_p=        512 (TOP.testbench.wrapper.processor.m.multicore.cc.y[0].x[1].tile_node.tile.core.core_lite.core_minimal.fe.icache.data_mems[7].data_mem.synth)
## bsg_mem_1r1w: instantiating width_p=        114, els_p=          4, read_write_same_addr_p=          0, harden_p=          0 (TOP.testbench.wrapper.processor.m.multicore.cc.y[0].x[1].tile_node.tile.core.core_lite.core_minimal.be.director.fe_cmd_fifo.fifo_mem)
## bsg_mem_1r1w: instantiating width_p=         80, els_p=          8, read_write_same_addr_p=          0, harden_p=          0 (TOP.testbench.wrapper.processor.m.multicore.cc.y[0].x[1].tile_node.tile.core.core_lite.core_minimal.be.scheduler.issue_queue.preissue_fifo_mem)
## bsg_mem_1r1w: instantiating width_p=        174, els_p=          8, read_write_same_addr_p=          0, harden_p=          0 (TOP.testbench.wrapper.processor.m.multicore.cc.y[0].x[1].tile_node.tile.core.core_lite.core_minimal.be.scheduler.issue_queue.queue_fifo_mem)
## bsg_mem_2r1w_sync: instantiating width_p=         66, els_p=         32, read_write_same_addr_p=          0, harden_p=          0 (TOP.testbench.wrapper.processor.m.multicore.cc.y[0].x[1].tile_node.tile.core.core_lite.core_minimal.be.scheduler.int_regfile.tworonew.rf)
## bsg_mem_3r1w_sync: instantiating width_p=         66, els_p=         32, read_write_same_addr_p=          0, harden_p=          0 (TOP.testbench.wrapper.processor.m.multicore.cc.y[0].x[1].tile_node.tile.core.core_lite.core_minimal.be.scheduler.fp_regfile.threeronew.rf)
## bsg_mem_1rw_sync_mask_write_bit: instantiating width_p=        184, els_p=         64 (TOP.testbench.wrapper.processor.m.multicore.cc.y[0].x[1].tile_node.tile.core.core_lite.core_minimal.be.calculator.pipe_mem.dcache.tag_mem)
## bsg_mem_1rw_sync_mask_write_bit: instantiating width_p=         15, els_p=         64 (TOP.testbench.wrapper.processor.m.multicore.cc.y[0].x[1].tile_node.tile.core.core_lite.core_minimal.be.calculator.pipe_mem.dcache.stat_mem)
## bsg_mem_1r1w: instantiating width_p=        467, els_p=       1024, read_write_same_addr_p=          0, harden_p=          0 (TOP.testbench.wrapper.processor.m.multicore.cc.y[0].x[1].tile_node.tile.core.core_lite.core_minimal.be.cosim.commit_fifo.MSYNC_1r1w)
## bsg_mem_1r1w: instantiating width_p=        203, els_p=          2, read_write_same_addr_p=          0, harden_p=          0 (TOP.testbench.wrapper.processor.m.multicore.cc.y[0].x[1].tile_node.tile.core.core_lite.fe_lce.lce_fill_fifo.mem_1r1w)
## bsg_mem_1r1w: instantiating width_p=        203, els_p=          2, read_write_same_addr_p=          0, harden_p=          0 (TOP.testbench.wrapper.processor.m.multicore.cc.y[0].x[1].tile_node.tile.core.core_lite.be_lce.lce_fill_fifo.mem_1r1w)
## bsg_mem_1r1w: instantiating width_p=        197, els_p=          2, read_write_same_addr_p=          0, harden_p=          0 (TOP.testbench.wrapper.processor.m.multicore.cc.y[0].x[1].tile_node.tile.core.fwd_xbar.buffer[0].in_fifo.mem_1r1w)
## bsg_mem_1r1w: instantiating width_p=        195, els_p=          2, read_write_same_addr_p=          0, harden_p=          0 (TOP.testbench.wrapper.processor.m.multicore.cc.y[0].x[1].tile_node.tile.core.rev_xbar.buffer[0].in_fifo.mem_1r1w)
## bsg_mem_1r1w: instantiating width_p=        195, els_p=          2, read_write_same_addr_p=          0, harden_p=          0 (TOP.testbench.wrapper.processor.m.multicore.cc.y[0].x[1].tile_node.tile.core.rev_xbar.buffer[1].in_fifo.mem_1r1w)
## bsg_mem_1r1w: instantiating width_p=        195, els_p=          2, read_write_same_addr_p=          0, harden_p=          0 (TOP.testbench.wrapper.processor.m.multicore.cc.y[0].x[1].tile_node.tile.core.rev_xbar.buffer[2].in_fifo.mem_1r1w)
## bsg_mem_1r1w: instantiating width_p=        195, els_p=          2, read_write_same_addr_p=          0, harden_p=          0 (TOP.testbench.wrapper.processor.m.multicore.cc.y[0].x[1].tile_node.tile.core.rev_xbar.buffer[3].in_fifo.mem_1r1w)
## bsg_mem_1r1w: instantiating width_p=        195, els_p=          2, read_write_same_addr_p=          0, harden_p=          0 (TOP.testbench.wrapper.processor.m.multicore.cc.y[0].x[1].tile_node.tile.core.rev_xbar.buffer[4].in_fifo.mem_1r1w)
## bsg_mem_1r1w: instantiating width_p=        188, els_p=          2, read_write_same_addr_p=          0, harden_p=          0 (TOP.testbench.wrapper.processor.m.multicore.cc.y[0].x[1].tile_node.tile.cce.t.cce.resp_pump_in.gearbox.fifo.mem_1r1w)
## bsg_mem_1r1w_sync: instantiating width_p=        128, els_p=          2, read_write_same_addr_p=          0, harden_p=          1 (TOP.testbench.wrapper.processor.m.multicore.cc.y[0].x[1].tile_node.tile.dma_concentrate.concentrator_in.in_ch[0].twofer.hardened.fifo.mem_1r1w_sync)
## bsg_mem_1r1w_sync_synth: instantiating width_p=        128, els_p=          2 (TOP.testbench.wrapper.processor.m.multicore.cc.y[0].x[1].tile_node.tile.dma_concentrate.concentrator_in.in_ch[0].twofer.hardened.fifo.mem_1r1w_sync.synth)
## bsg_mem_1r1w_sync: instantiating width_p=        128, els_p=          2, read_write_same_addr_p=          0, harden_p=          1 (TOP.testbench.wrapper.processor.m.multicore.cc.y[0].x[1].tile_node.tile.dma_concentrate.concentrator_in.in_ch[1].twofer.hardened.fifo.mem_1r1w_sync)
## bsg_mem_1r1w_sync_synth: instantiating width_p=        128, els_p=          2 (TOP.testbench.wrapper.processor.m.multicore.cc.y[0].x[1].tile_node.tile.dma_concentrate.concentrator_in.in_ch[1].twofer.hardened.fifo.mem_1r1w_sync.synth)
BSG-INFO: TOP.testbench.wrapper.processor.m.multicore.cc.y[0].x[1].tile_node.tile.core.core_lite.core_minimal.fe.icache.icache_tracer initializing...
BSG-INFO: TOP.testbench.wrapper.processor.m.multicore.cc.y[0].x[1].tile_node.tile.core.core_lite.core_minimal.be.calculator.pipe_sys.csr.perf initializing...
BSG-INFO: TOP.testbench.wrapper.processor.m.multicore.cc.y[0].x[1].tile_node.tile.core.core_lite.core_minimal.be.calculator.pipe_mem.dcache.dcache_tracer initializing...
BSG-INFO: TOP.testbench.wrapper.processor.m.multicore.cc.y[0].x[1].tile_node.tile.core.core_lite.core_minimal.be.watchdog initializing...
BSG-INFO: TOP.testbench.wrapper.processor.m.multicore.cc.y[0].x[1].tile_node.tile.core.core_lite.core_minimal.be.cosim initializing...
BSG-INFO: TOP.testbench.wrapper.processor.m.multicore.cc.y[0].x[1].tile_node.tile.core.core_lite.fe_lce.lce_tracer initializing...
BSG-INFO: TOP.testbench.wrapper.processor.m.multicore.cc.y[0].x[1].tile_node.tile.core.core_lite.be_lce.lce_tracer initializing...
BSG-INFO: TOP.testbench.wrapper.processor.m.multicore.cc.y[0].x[1].tile_node.tile.cce.cce_tracer initializing...
## bsg_mem_1r1w: instantiating width_p=        194, els_p=          2, read_write_same_addr_p=          0, harden_p=          0 (TOP.testbench.wrapper.processor.m.multicore.ic.node[0].io.io_tile.lce_link.fwd_pump_in.gearbox.fifo.mem_1r1w)
## bsg_mem_1r1w: instantiating width_p=        194, els_p=          2, read_write_same_addr_p=          0, harden_p=          0 (TOP.testbench.wrapper.processor.m.multicore.ic.node[0].io.io_tile.lce_link.rev_pump_out.gearbox.fifo.mem_1r1w)
## bsg_mem_1r1w: instantiating width_p=        194, els_p=          2, read_write_same_addr_p=          0, harden_p=          0 (TOP.testbench.wrapper.processor.m.multicore.ic.node[1].io.io_tile.lce_link.fwd_pump_in.gearbox.fifo.mem_1r1w)
## bsg_mem_1r1w: instantiating width_p=        194, els_p=          2, read_write_same_addr_p=          0, harden_p=          0 (TOP.testbench.wrapper.processor.m.multicore.ic.node[1].io.io_tile.lce_link.rev_pump_out.gearbox.fifo.mem_1r1w)
## bsg_mem_1r1w_sync: instantiating width_p=        128, els_p=          2, read_write_same_addr_p=          0, harden_p=          1 (TOP.testbench.wrapper.processor.m.multicore.cc.y[0].x[0].tile_node.tile.req_concentrator.in_ch[0].twofer.hardened.fifo.mem_1r1w_sync)
## bsg_mem_1r1w_sync_synth: instantiating width_p=        128, els_p=          2 (TOP.testbench.wrapper.processor.m.multicore.cc.y[0].x[0].tile_node.tile.req_concentrator.in_ch[0].twofer.hardened.fifo.mem_1r1w_sync.synth)
## bsg_mem_1r1w_sync: instantiating width_p=        128, els_p=          2, read_write_same_addr_p=          0, harden_p=          1 (TOP.testbench.wrapper.processor.m.multicore.cc.y[0].x[0].tile_node.tile.req_concentrator.in_ch[1].twofer.hardened.fifo.mem_1r1w_sync)
## bsg_mem_1r1w_sync_synth: instantiating width_p=        128, els_p=          2 (TOP.testbench.wrapper.processor.m.multicore.cc.y[0].x[0].tile_node.tile.req_concentrator.in_ch[1].twofer.hardened.fifo.mem_1r1w_sync.synth)
## bsg_mem_1r1w_sync: instantiating width_p=        128, els_p=          2, read_write_same_addr_p=          0, harden_p=          1 (TOP.testbench.wrapper.processor.m.multicore.cc.y[0].x[0].tile_node.tile.resp_concentrator.in_ch[0].twofer.hardened.fifo.mem_1r1w_sync)
## bsg_mem_1r1w_sync_synth: instantiating width_p=        128, els_p=          2 (TOP.testbench.wrapper.processor.m.multicore.cc.y[0].x[0].tile_node.tile.resp_concentrator.in_ch[0].twofer.hardened.fifo.mem_1r1w_sync.synth)
## bsg_mem_1r1w_sync: instantiating width_p=        128, els_p=          2, read_write_same_addr_p=          0, harden_p=          1 (TOP.testbench.wrapper.processor.m.multicore.cc.y[0].x[0].tile_node.tile.resp_concentrator.in_ch[1].twofer.hardened.fifo.mem_1r1w_sync)
## bsg_mem_1r1w_sync_synth: instantiating width_p=        128, els_p=          2 (TOP.testbench.wrapper.processor.m.multicore.cc.y[0].x[0].tile_node.tile.resp_concentrator.in_ch[1].twofer.hardened.fifo.mem_1r1w_sync.synth)
## bsg_mem_1r1w_sync: instantiating width_p=        128, els_p=          2, read_write_same_addr_p=          0, harden_p=          1 (TOP.testbench.wrapper.processor.m.multicore.cc.y[0].x[0].tile_node.tile.fill_concentrator.concentrator_in.in_ch[0].twofer.hardened.fifo.mem_1r1w_sync)
## bsg_mem_1r1w_sync_synth: instantiating width_p=        128, els_p=          2 (TOP.testbench.wrapper.processor.m.multicore.cc.y[0].x[0].tile_node.tile.fill_concentrator.concentrator_in.in_ch[0].twofer.hardened.fifo.mem_1r1w_sync.synth)
## bsg_mem_1r1w_sync: instantiating width_p=        128, els_p=          2, read_write_same_addr_p=          0, harden_p=          1 (TOP.testbench.wrapper.processor.m.multicore.cc.y[0].x[0].tile_node.tile.fill_concentrator.concentrator_in.in_ch[1].twofer.hardened.fifo.mem_1r1w_sync)
## bsg_mem_1r1w_sync_synth: instantiating width_p=        128, els_p=          2 (TOP.testbench.wrapper.processor.m.multicore.cc.y[0].x[0].tile_node.tile.fill_concentrator.concentrator_in.in_ch[1].twofer.hardened.fifo.mem_1r1w_sync.synth)
## bsg_mem_1r1w_sync: instantiating width_p=        128, els_p=          2, read_write_same_addr_p=          0, harden_p=          1 (TOP.testbench.wrapper.processor.m.multicore.cc.y[0].x[1].tile_node.tile.req_concentrator.in_ch[0].twofer.hardened.fifo.mem_1r1w_sync)
## bsg_mem_1r1w_sync_synth: instantiating width_p=        128, els_p=          2 (TOP.testbench.wrapper.processor.m.multicore.cc.y[0].x[1].tile_node.tile.req_concentrator.in_ch[0].twofer.hardened.fifo.mem_1r1w_sync.synth)
## bsg_mem_1r1w_sync: instantiating width_p=        128, els_p=          2, read_write_same_addr_p=          0, harden_p=          1 (TOP.testbench.wrapper.processor.m.multicore.cc.y[0].x[1].tile_node.tile.req_concentrator.in_ch[1].twofer.hardened.fifo.mem_1r1w_sync)
## bsg_mem_1r1w_sync_synth: instantiating width_p=        128, els_p=          2 (TOP.testbench.wrapper.processor.m.multicore.cc.y[0].x[1].tile_node.tile.req_concentrator.in_ch[1].twofer.hardened.fifo.mem_1r1w_sync.synth)
## bsg_mem_1r1w_sync: instantiating width_p=        128, els_p=          2, read_write_same_addr_p=          0, harden_p=          1 (TOP.testbench.wrapper.processor.m.multicore.cc.y[0].x[1].tile_node.tile.resp_concentrator.in_ch[0].twofer.hardened.fifo.mem_1r1w_sync)
## bsg_mem_1r1w_sync_synth: instantiating width_p=        128, els_p=          2 (TOP.testbench.wrapper.processor.m.multicore.cc.y[0].x[1].tile_node.tile.resp_concentrator.in_ch[0].twofer.hardened.fifo.mem_1r1w_sync.synth)
## bsg_mem_1r1w_sync: instantiating width_p=        128, els_p=          2, read_write_same_addr_p=          0, harden_p=          1 (TOP.testbench.wrapper.processor.m.multicore.cc.y[0].x[1].tile_node.tile.resp_concentrator.in_ch[1].twofer.hardened.fifo.mem_1r1w_sync)
## bsg_mem_1r1w_sync_synth: instantiating width_p=        128, els_p=          2 (TOP.testbench.wrapper.processor.m.multicore.cc.y[0].x[1].tile_node.tile.resp_concentrator.in_ch[1].twofer.hardened.fifo.mem_1r1w_sync.synth)
## bsg_mem_1r1w_sync: instantiating width_p=        128, els_p=          2, read_write_same_addr_p=          0, harden_p=          1 (TOP.testbench.wrapper.processor.m.multicore.cc.y[0].x[1].tile_node.tile.fill_concentrator.concentrator_in.in_ch[0].twofer.hardened.fifo.mem_1r1w_sync)
## bsg_mem_1r1w_sync_synth: instantiating width_p=        128, els_p=          2 (TOP.testbench.wrapper.processor.m.multicore.cc.y[0].x[1].tile_node.tile.fill_concentrator.concentrator_in.in_ch[0].twofer.hardened.fifo.mem_1r1w_sync.synth)
## bsg_mem_1r1w_sync: instantiating width_p=        128, els_p=          2, read_write_same_addr_p=          0, harden_p=          1 (TOP.testbench.wrapper.processor.m.multicore.cc.y[0].x[1].tile_node.tile.fill_concentrator.concentrator_in.in_ch[1].twofer.hardened.fifo.mem_1r1w_sync)
## bsg_mem_1r1w_sync_synth: instantiating width_p=        128, els_p=          2 (TOP.testbench.wrapper.processor.m.multicore.cc.y[0].x[1].tile_node.tile.fill_concentrator.concentrator_in.in_ch[1].twofer.hardened.fifo.mem_1r1w_sync.synth)
## bsg_mem_1r1w: instantiating width_p=        194, els_p=          4, read_write_same_addr_p=          0, harden_p=          0 (TOP.testbench.wrapper.processor.m.multicore.cc.y[0].x[0].tile_node.tile.core.slices[0].l2s.fifo.unhardened.un.fifo.mem_1r1w)
## bsg_mem_1rw_sync_mask_write_bit: instantiating width_p=         84, els_p=        256 (TOP.testbench.wrapper.processor.m.multicore.cc.y[0].x[0].tile_node.tile.core.slices[0].l2s.bank[0].cache.tag_mem)
## bsg_mem_1rw_sync_mask_write_byte: instantiating data_width_p=        512, els_p=       1024 (TOP.testbench.wrapper.processor.m.multicore.cc.y[0].x[0].tile_node.tile.core.slices[0].l2s.bank[0].cache.data_mem)
## bsg_mem_1rw_sync_mask_write_bit: instantiating width_p=          7, els_p=        256 (TOP.testbench.wrapper.processor.m.multicore.cc.y[0].x[0].tile_node.tile.core.slices[0].l2s.bank[0].cache.stat_mem)
## bsg_mem_1r1w: instantiating width_p=        128, els_p=          4, read_write_same_addr_p=          0, harden_p=          0 (TOP.testbench.wrapper.processor.m.multicore.cc.y[0].x[0].tile_node.tile.core.slices[0].l2s.bank[0].cache.dma.in_fifo.unhardened.un.fifo.mem_1r1w)
## bsg_mem_1r1w: instantiating width_p=        194, els_p=          4, read_write_same_addr_p=          0, harden_p=          0 (TOP.testbench.wrapper.processor.m.multicore.cc.y[0].x[0].tile_node.tile.core.slices[1].l2s.fifo.unhardened.un.fifo.mem_1r1w)
## bsg_mem_1rw_sync_mask_write_bit: instantiating width_p=         84, els_p=        256 (TOP.testbench.wrapper.processor.m.multicore.cc.y[0].x[0].tile_node.tile.core.slices[1].l2s.bank[0].cache.tag_mem)
## bsg_mem_1rw_sync_mask_write_byte: instantiating data_width_p=        512, els_p=       1024 (TOP.testbench.wrapper.processor.m.multicore.cc.y[0].x[0].tile_node.tile.core.slices[1].l2s.bank[0].cache.data_mem)
## bsg_mem_1rw_sync_mask_write_bit: instantiating width_p=          7, els_p=        256 (TOP.testbench.wrapper.processor.m.multicore.cc.y[0].x[0].tile_node.tile.core.slices[1].l2s.bank[0].cache.stat_mem)
## bsg_mem_1r1w: instantiating width_p=        128, els_p=          4, read_write_same_addr_p=          0, harden_p=          0 (TOP.testbench.wrapper.processor.m.multicore.cc.y[0].x[0].tile_node.tile.core.slices[1].l2s.bank[0].cache.dma.in_fifo.unhardened.un.fifo.mem_1r1w)
## bsg_mem_1r1w: instantiating width_p=        194, els_p=          4, read_write_same_addr_p=          0, harden_p=          0 (TOP.testbench.wrapper.processor.m.multicore.cc.y[0].x[1].tile_node.tile.core.slices[0].l2s.fifo.unhardened.un.fifo.mem_1r1w)
## bsg_mem_1rw_sync_mask_write_bit: instantiating width_p=         84, els_p=        256 (TOP.testbench.wrapper.processor.m.multicore.cc.y[0].x[1].tile_node.tile.core.slices[0].l2s.bank[0].cache.tag_mem)
## bsg_mem_1rw_sync_mask_write_byte: instantiating data_width_p=        512, els_p=       1024 (TOP.testbench.wrapper.processor.m.multicore.cc.y[0].x[1].tile_node.tile.core.slices[0].l2s.bank[0].cache.data_mem)
## bsg_mem_1rw_sync_mask_write_bit: instantiating width_p=          7, els_p=        256 (TOP.testbench.wrapper.processor.m.multicore.cc.y[0].x[1].tile_node.tile.core.slices[0].l2s.bank[0].cache.stat_mem)
## bsg_mem_1r1w: instantiating width_p=        128, els_p=          4, read_write_same_addr_p=          0, harden_p=          0 (TOP.testbench.wrapper.processor.m.multicore.cc.y[0].x[1].tile_node.tile.core.slices[0].l2s.bank[0].cache.dma.in_fifo.unhardened.un.fifo.mem_1r1w)
## bsg_mem_1r1w: instantiating width_p=        194, els_p=          4, read_write_same_addr_p=          0, harden_p=          0 (TOP.testbench.wrapper.processor.m.multicore.cc.y[0].x[1].tile_node.tile.core.slices[1].l2s.fifo.unhardened.un.fifo.mem_1r1w)
## bsg_mem_1rw_sync_mask_write_bit: instantiating width_p=         84, els_p=        256 (TOP.testbench.wrapper.processor.m.multicore.cc.y[0].x[1].tile_node.tile.core.slices[1].l2s.bank[0].cache.tag_mem)
## bsg_mem_1rw_sync_mask_write_byte: instantiating data_width_p=        512, els_p=       1024 (TOP.testbench.wrapper.processor.m.multicore.cc.y[0].x[1].tile_node.tile.core.slices[1].l2s.bank[0].cache.data_mem)
## bsg_mem_1rw_sync_mask_write_bit: instantiating width_p=          7, els_p=        256 (TOP.testbench.wrapper.processor.m.multicore.cc.y[0].x[1].tile_node.tile.core.slices[1].l2s.bank[0].cache.stat_mem)
## bsg_mem_1r1w: instantiating width_p=        128, els_p=          4, read_write_same_addr_p=          0, harden_p=          0 (TOP.testbench.wrapper.processor.m.multicore.cc.y[0].x[1].tile_node.tile.core.slices[1].l2s.bank[0].cache.dma.in_fifo.unhardened.un.fifo.mem_1r1w)
## bsg_mem_1r1w: instantiating width_p=        204, els_p=          2, read_write_same_addr_p=          0, harden_p=          0 (TOP.testbench.wrapper.processor.m.multicore.cc.y[0].x[0].tile_node.tile.core.core_lite.fe_lce.lce_cmd_fill_xbar.buffer[0].in_fifo.mem_1r1w)
## bsg_mem_1r1w: instantiating width_p=        204, els_p=          2, read_write_same_addr_p=          0, harden_p=          0 (TOP.testbench.wrapper.processor.m.multicore.cc.y[0].x[0].tile_node.tile.core.core_lite.fe_lce.lce_cmd_fill_xbar.buffer[1].in_fifo.mem_1r1w)
## bsg_mem_1r1w: instantiating width_p=        204, els_p=          2, read_write_same_addr_p=          0, harden_p=          0 (TOP.testbench.wrapper.processor.m.multicore.cc.y[0].x[0].tile_node.tile.core.core_lite.be_lce.lce_cmd_fill_xbar.buffer[0].in_fifo.mem_1r1w)
## bsg_mem_1r1w: instantiating width_p=        204, els_p=          2, read_write_same_addr_p=          0, harden_p=          0 (TOP.testbench.wrapper.processor.m.multicore.cc.y[0].x[0].tile_node.tile.core.core_lite.be_lce.lce_cmd_fill_xbar.buffer[1].in_fifo.mem_1r1w)
## bsg_mem_1r1w: instantiating width_p=        204, els_p=          2, read_write_same_addr_p=          0, harden_p=          0 (TOP.testbench.wrapper.processor.m.multicore.cc.y[0].x[1].tile_node.tile.core.core_lite.fe_lce.lce_cmd_fill_xbar.buffer[0].in_fifo.mem_1r1w)
## bsg_mem_1r1w: instantiating width_p=        204, els_p=          2, read_write_same_addr_p=          0, harden_p=          0 (TOP.testbench.wrapper.processor.m.multicore.cc.y[0].x[1].tile_node.tile.core.core_lite.fe_lce.lce_cmd_fill_xbar.buffer[1].in_fifo.mem_1r1w)
## bsg_mem_1r1w: instantiating width_p=        204, els_p=          2, read_write_same_addr_p=          0, harden_p=          0 (TOP.testbench.wrapper.processor.m.multicore.cc.y[0].x[1].tile_node.tile.core.core_lite.be_lce.lce_cmd_fill_xbar.buffer[0].in_fifo.mem_1r1w)
## bsg_mem_1r1w: instantiating width_p=        204, els_p=          2, read_write_same_addr_p=          0, harden_p=          0 (TOP.testbench.wrapper.processor.m.multicore.cc.y[0].x[1].tile_node.tile.core.core_lite.be_lce.lce_cmd_fill_xbar.buffer[1].in_fifo.mem_1r1w)
## bsg_mem_1r1w: instantiating width_p=        203, els_p=          2, read_write_same_addr_p=          0, harden_p=          0 (TOP.testbench.wrapper.processor.m.multicore.cc.y[0].x[0].tile_node.tile.core.core_lite.fe_lce.command.fill_pump_out.gearbox.fifo.mem_1r1w)
## bsg_mem_1r1w: instantiating width_p=        188, els_p=          2, read_write_same_addr_p=          0, harden_p=          0 (TOP.testbench.wrapper.processor.m.multicore.cc.y[0].x[0].tile_node.tile.core.core_lite.fe_lce.command.resp_pump_out.gearbox.fifo.mem_1r1w)
## bsg_mem_1r1w: instantiating width_p=        203, els_p=          2, read_write_same_addr_p=          0, harden_p=          0 (TOP.testbench.wrapper.processor.m.multicore.cc.y[0].x[0].tile_node.tile.core.core_lite.be_lce.command.fill_pump_out.gearbox.fifo.mem_1r1w)
## bsg_mem_1r1w: instantiating width_p=        188, els_p=          2, read_write_same_addr_p=          0, harden_p=          0 (TOP.testbench.wrapper.processor.m.multicore.cc.y[0].x[0].tile_node.tile.core.core_lite.be_lce.command.resp_pump_out.gearbox.fifo.mem_1r1w)
## bsg_mem_1r1w: instantiating width_p=        203, els_p=          2, read_write_same_addr_p=          0, harden_p=          0 (TOP.testbench.wrapper.processor.m.multicore.cc.y[0].x[1].tile_node.tile.core.core_lite.fe_lce.command.fill_pump_out.gearbox.fifo.mem_1r1w)
## bsg_mem_1r1w: instantiating width_p=        188, els_p=          2, read_write_same_addr_p=          0, harden_p=          0 (TOP.testbench.wrapper.processor.m.multicore.cc.y[0].x[1].tile_node.tile.core.core_lite.fe_lce.command.resp_pump_out.gearbox.fifo.mem_1r1w)
## bsg_mem_1r1w: instantiating width_p=        203, els_p=          2, read_write_same_addr_p=          0, harden_p=          0 (TOP.testbench.wrapper.processor.m.multicore.cc.y[0].x[1].tile_node.tile.core.core_lite.be_lce.command.fill_pump_out.gearbox.fifo.mem_1r1w)
## bsg_mem_1r1w: instantiating width_p=        188, els_p=          2, read_write_same_addr_p=          0, harden_p=          0 (TOP.testbench.wrapper.processor.m.multicore.cc.y[0].x[1].tile_node.tile.core.core_lite.be_lce.command.resp_pump_out.gearbox.fifo.mem_1r1w)
## bsg_mem_1rw_sync_mask_write_bit: instantiating width_p=        368, els_p=         32 (TOP.testbench.wrapper.processor.m.multicore.cc.y[0].x[0].tile_node.tile.cce.t.cce.directory.icache_dir_segment.directory)
## bsg_mem_1rw_sync_mask_write_bit: instantiating width_p=        368, els_p=         32 (TOP.testbench.wrapper.processor.m.multicore.cc.y[0].x[0].tile_node.tile.cce.t.cce.directory.dcache.dcache_dir_segment.directory)
## bsg_mem_1rw_sync_mask_write_bit: instantiating width_p=        368, els_p=         32 (TOP.testbench.wrapper.processor.m.multicore.cc.y[0].x[1].tile_node.tile.cce.t.cce.directory.icache_dir_segment.directory)
## bsg_mem_1rw_sync_mask_write_bit: instantiating width_p=        368, els_p=         32 (TOP.testbench.wrapper.processor.m.multicore.cc.y[0].x[1].tile_node.tile.cce.t.cce.directory.dcache.dcache_dir_segment.directory)
## bsg_mem_1r1w: instantiating width_p=        192, els_p=          2, read_write_same_addr_p=          0, harden_p=          0 (TOP.testbench.wrapper.processor.m.multicore.cc.y[0].x[0].tile_node.tile.core.core_lite.fe_lce.request.req_pump_out.gearbox.fifo.mem_1r1w)
## bsg_mem_1r1w: instantiating width_p=        192, els_p=          2, read_write_same_addr_p=          0, harden_p=          0 (TOP.testbench.wrapper.processor.m.multicore.cc.y[0].x[0].tile_node.tile.core.core_lite.be_lce.request.req_pump_out.gearbox.fifo.mem_1r1w)
## bsg_mem_1r1w: instantiating width_p=        192, els_p=          2, read_write_same_addr_p=          0, harden_p=          0 (TOP.testbench.wrapper.processor.m.multicore.cc.y[0].x[1].tile_node.tile.core.core_lite.fe_lce.request.req_pump_out.gearbox.fifo.mem_1r1w)
## bsg_mem_1r1w: instantiating width_p=        192, els_p=          2, read_write_same_addr_p=          0, harden_p=          0 (TOP.testbench.wrapper.processor.m.multicore.cc.y[0].x[1].tile_node.tile.core.core_lite.be_lce.request.req_pump_out.gearbox.fifo.mem_1r1w)
## bsg_mem_1r1w: instantiating width_p=        192, els_p=          2, read_write_same_addr_p=          0, harden_p=          0 (TOP.testbench.wrapper.processor.m.multicore.ic.node[0].io.io_tile.lce_link.req_pump_out.gearbox.fifo.mem_1r1w)
## bsg_mem_1r1w: instantiating width_p=        192, els_p=          2, read_write_same_addr_p=          0, harden_p=          0 (TOP.testbench.wrapper.processor.m.multicore.ic.node[1].io.io_tile.lce_link.req_pump_out.gearbox.fifo.mem_1r1w)
## bsg_mem_1r1w: instantiating width_p=        203, els_p=          2, read_write_same_addr_p=          0, harden_p=          0 (TOP.testbench.wrapper.processor.m.multicore.cc.y[0].x[0].tile_node.tile.core.core_lite.fe_lce.command.cmd_pump_in.gearbox.fifo.mem_1r1w)
## bsg_mem_1r1w: instantiating width_p=        203, els_p=          2, read_write_same_addr_p=          0, harden_p=          0 (TOP.testbench.wrapper.processor.m.multicore.cc.y[0].x[0].tile_node.tile.core.core_lite.be_lce.command.cmd_pump_in.gearbox.fifo.mem_1r1w)
## bsg_mem_1r1w: instantiating width_p=        203, els_p=          2, read_write_same_addr_p=          0, harden_p=          0 (TOP.testbench.wrapper.processor.m.multicore.cc.y[0].x[1].tile_node.tile.core.core_lite.fe_lce.command.cmd_pump_in.gearbox.fifo.mem_1r1w)
## bsg_mem_1r1w: instantiating width_p=        203, els_p=          2, read_write_same_addr_p=          0, harden_p=          0 (TOP.testbench.wrapper.processor.m.multicore.cc.y[0].x[1].tile_node.tile.core.core_lite.be_lce.command.cmd_pump_in.gearbox.fifo.mem_1r1w)
## bsg_mem_1r1w: instantiating width_p=        203, els_p=          2, read_write_same_addr_p=          0, harden_p=          0 (TOP.testbench.wrapper.processor.m.multicore.ic.node[0].io.io_tile.lce_link.cmd_pump_in.gearbox.fifo.mem_1r1w)
## bsg_mem_1r1w: instantiating width_p=        203, els_p=          2, read_write_same_addr_p=          0, harden_p=          0 (TOP.testbench.wrapper.processor.m.multicore.ic.node[1].io.io_tile.lce_link.cmd_pump_in.gearbox.fifo.mem_1r1w)
## bsg_mem_1r1w: instantiating width_p=        192, els_p=          2, read_write_same_addr_p=          0, harden_p=          0 (TOP.testbench.wrapper.processor.m.multicore.cc.y[0].x[0].tile_node.tile.cce.t.cce.req_pump_in.gearbox.fifo.mem_1r1w)
## bsg_mem_1r1w: instantiating width_p=        192, els_p=          2, read_write_same_addr_p=          0, harden_p=          0 (TOP.testbench.wrapper.processor.m.multicore.cc.y[0].x[1].tile_node.tile.cce.t.cce.req_pump_in.gearbox.fifo.mem_1r1w)
## bsg_mem_1r1w: instantiating width_p=        192, els_p=          2, read_write_same_addr_p=          0, harden_p=          0 (TOP.testbench.wrapper.processor.m.multicore.ic.node[0].io.io_tile.io_cce.req_pump_in.gearbox.fifo.mem_1r1w)
## bsg_mem_1r1w: instantiating width_p=        192, els_p=          2, read_write_same_addr_p=          0, harden_p=          0 (TOP.testbench.wrapper.processor.m.multicore.ic.node[1].io.io_tile.io_cce.req_pump_in.gearbox.fifo.mem_1r1w)
## bsg_mem_1r1w: instantiating width_p=        194, els_p=          2, read_write_same_addr_p=          0, harden_p=          0 (TOP.testbench.wrapper.processor.m.multicore.cc.y[0].x[0].tile_node.tile.cce.t.cce.fwd_pump_out.gearbox.fifo.mem_1r1w)
## bsg_mem_1r1w: instantiating width_p=        194, els_p=          2, read_write_same_addr_p=          0, harden_p=          0 (TOP.testbench.wrapper.processor.m.multicore.cc.y[0].x[1].tile_node.tile.cce.t.cce.fwd_pump_out.gearbox.fifo.mem_1r1w)
## bsg_mem_1r1w: instantiating width_p=        194, els_p=          2, read_write_same_addr_p=          0, harden_p=          0 (TOP.testbench.wrapper.processor.m.multicore.ic.node[0].io.io_tile.io_cce.fwd_pump_out.gearbox.fifo.mem_1r1w)
## bsg_mem_1r1w: instantiating width_p=        194, els_p=          2, read_write_same_addr_p=          0, harden_p=          0 (TOP.testbench.wrapper.processor.m.multicore.ic.node[1].io.io_tile.io_cce.fwd_pump_out.gearbox.fifo.mem_1r1w)
## bsg_mem_1r1w: instantiating width_p=        194, els_p=          2, read_write_same_addr_p=          0, harden_p=          0 (TOP.testbench.wrapper.processor.m.multicore.cc.y[0].x[0].tile_node.tile.cce.t.cce.rev_pump_in.gearbox.fifo.mem_1r1w)
## bsg_mem_1r1w: instantiating width_p=        194, els_p=          2, read_write_same_addr_p=          0, harden_p=          0 (TOP.testbench.wrapper.processor.m.multicore.cc.y[0].x[1].tile_node.tile.cce.t.cce.rev_pump_in.gearbox.fifo.mem_1r1w)
## bsg_mem_1r1w: instantiating width_p=        194, els_p=          2, read_write_same_addr_p=          0, harden_p=          0 (TOP.testbench.wrapper.processor.m.multicore.ic.node[0].io.io_tile.io_cce.rev_pump_in.gearbox.fifo.mem_1r1w)
## bsg_mem_1r1w: instantiating width_p=        194, els_p=          2, read_write_same_addr_p=          0, harden_p=          0 (TOP.testbench.wrapper.processor.m.multicore.ic.node[1].io.io_tile.io_cce.rev_pump_in.gearbox.fifo.mem_1r1w)
## bsg_mem_1r1w: instantiating width_p=        203, els_p=          2, read_write_same_addr_p=          0, harden_p=          0 (TOP.testbench.wrapper.processor.m.multicore.cc.y[0].x[0].tile_node.tile.cce.t.cce.cmd_pump_out.gearbox.fifo.mem_1r1w)
## bsg_mem_1r1w: instantiating width_p=        203, els_p=          2, read_write_same_addr_p=          0, harden_p=          0 (TOP.testbench.wrapper.processor.m.multicore.cc.y[0].x[1].tile_node.tile.cce.t.cce.cmd_pump_out.gearbox.fifo.mem_1r1w)
## bsg_mem_1r1w: instantiating width_p=        203, els_p=          2, read_write_same_addr_p=          0, harden_p=          0 (TOP.testbench.wrapper.processor.m.multicore.ic.node[0].io.io_tile.io_cce.cmd_pump_out.gearbox.fifo.mem_1r1w)
## bsg_mem_1r1w: instantiating width_p=        203, els_p=          2, read_write_same_addr_p=          0, harden_p=          0 (TOP.testbench.wrapper.processor.m.multicore.ic.node[1].io.io_tile.io_cce.cmd_pump_out.gearbox.fifo.mem_1r1w)
## bsg_mem_1r1w: instantiating width_p=        194, els_p=          2, read_write_same_addr_p=          0, harden_p=          0 (TOP.testbench.wrapper.processor.m.multicore.cc.y[0].x[0].tile_node.tile.core.slices[0].l2s.cache_controller.stream_pump.in.gearbox.fifo.mem_1r1w)
## bsg_mem_1r1w: instantiating width_p=        194, els_p=          2, read_write_same_addr_p=          0, harden_p=          0 (TOP.testbench.wrapper.processor.m.multicore.cc.y[0].x[0].tile_node.tile.core.slices[1].l2s.cache_controller.stream_pump.in.gearbox.fifo.mem_1r1w)
## bsg_mem_1r1w: instantiating width_p=        194, els_p=          2, read_write_same_addr_p=          0, harden_p=          0 (TOP.testbench.wrapper.processor.m.multicore.cc.y[0].x[0].tile_node.tile.core.loopback.fwd_pump_in.gearbox.fifo.mem_1r1w)
## bsg_mem_1r1w: instantiating width_p=        194, els_p=          2, read_write_same_addr_p=          0, harden_p=          0 (TOP.testbench.wrapper.processor.m.multicore.cc.y[0].x[1].tile_node.tile.core.slices[0].l2s.cache_controller.stream_pump.in.gearbox.fifo.mem_1r1w)
## bsg_mem_1r1w: instantiating width_p=        194, els_p=          2, read_write_same_addr_p=          0, harden_p=          0 (TOP.testbench.wrapper.processor.m.multicore.cc.y[0].x[1].tile_node.tile.core.slices[1].l2s.cache_controller.stream_pump.in.gearbox.fifo.mem_1r1w)
## bsg_mem_1r1w: instantiating width_p=        194, els_p=          2, read_write_same_addr_p=          0, harden_p=          0 (TOP.testbench.wrapper.processor.m.multicore.cc.y[0].x[1].tile_node.tile.core.loopback.fwd_pump_in.gearbox.fifo.mem_1r1w)
## bsg_mem_1r1w: instantiating width_p=        194, els_p=          2, read_write_same_addr_p=          0, harden_p=          0 (TOP.testbench.wrapper.processor.m.multicore.cc.y[0].x[0].tile_node.tile.core.slices[0].l2s.cache_controller.stream_pump.out.gearbox.fifo.mem_1r1w)
## bsg_mem_1r1w: instantiating width_p=        194, els_p=          2, read_write_same_addr_p=          0, harden_p=          0 (TOP.testbench.wrapper.processor.m.multicore.cc.y[0].x[0].tile_node.tile.core.slices[1].l2s.cache_controller.stream_pump.out.gearbox.fifo.mem_1r1w)
## bsg_mem_1r1w: instantiating width_p=        194, els_p=          2, read_write_same_addr_p=          0, harden_p=          0 (TOP.testbench.wrapper.processor.m.multicore.cc.y[0].x[0].tile_node.tile.core.loopback.rev_pump_out.gearbox.fifo.mem_1r1w)
## bsg_mem_1r1w: instantiating width_p=        194, els_p=          2, read_write_same_addr_p=          0, harden_p=          0 (TOP.testbench.wrapper.processor.m.multicore.cc.y[0].x[1].tile_node.tile.core.slices[0].l2s.cache_controller.stream_pump.out.gearbox.fifo.mem_1r1w)
## bsg_mem_1r1w: instantiating width_p=        194, els_p=          2, read_write_same_addr_p=          0, harden_p=          0 (TOP.testbench.wrapper.processor.m.multicore.cc.y[0].x[1].tile_node.tile.core.slices[1].l2s.cache_controller.stream_pump.out.gearbox.fifo.mem_1r1w)
## bsg_mem_1r1w: instantiating width_p=        194, els_p=          2, read_write_same_addr_p=          0, harden_p=          0 (TOP.testbench.wrapper.processor.m.multicore.cc.y[0].x[1].tile_node.tile.core.loopback.rev_pump_out.gearbox.fifo.mem_1r1w)
## bsg_mem_1r1w: instantiating width_p=         79, els_p=       1024, read_write_same_addr_p=          0, harden_p=          0 (TOP.testbench.wrapper.processor.m.multicore.cc.y[0].x[0].tile_node.tile.core.core_lite.core_minimal.be.cosim.wb[0].ird_fifo.MSYNC_1r1w)
## bsg_mem_1r1w: instantiating width_p=         79, els_p=       1024, read_write_same_addr_p=          0, harden_p=          0 (TOP.testbench.wrapper.processor.m.multicore.cc.y[0].x[0].tile_node.tile.core.core_lite.core_minimal.be.cosim.wb[0].frd_fifo.MSYNC_1r1w)
## bsg_mem_1r1w: instantiating width_p=         79, els_p=       1024, read_write_same_addr_p=          0, harden_p=          0 (TOP.testbench.wrapper.processor.m.multicore.cc.y[0].x[0].tile_node.tile.core.core_lite.core_minimal.be.cosim.wb[1].ird_fifo.MSYNC_1r1w)
## bsg_mem_1r1w: instantiating width_p=         79, els_p=       1024, read_write_same_addr_p=          0, harden_p=          0 (TOP.testbench.wrapper.processor.m.multicore.cc.y[0].x[0].tile_node.tile.core.core_lite.core_minimal.be.cosim.wb[1].frd_fifo.MSYNC_1r1w)
## bsg_mem_1r1w: instantiating width_p=         79, els_p=       1024, read_write_same_addr_p=          0, harden_p=          0 (TOP.testbench.wrapper.processor.m.multicore.cc.y[0].x[0].tile_node.tile.core.core_lite.core_minimal.be.cosim.wb[2].ird_fifo.MSYNC_1r1w)
## bsg_mem_1r1w: instantiating width_p=         79, els_p=       1024, read_write_same_addr_p=          0, harden_p=          0 (TOP.testbench.wrapper.processor.m.multicore.cc.y[0].x[0].tile_node.tile.core.core_lite.core_minimal.be.cosim.wb[2].frd_fifo.MSYNC_1r1w)
## bsg_mem_1r1w: instantiating width_p=         79, els_p=       1024, read_write_same_addr_p=          0, harden_p=          0 (TOP.testbench.wrapper.processor.m.multicore.cc.y[0].x[0].tile_node.tile.core.core_lite.core_minimal.be.cosim.wb[3].ird_fifo.MSYNC_1r1w)
## bsg_mem_1r1w: instantiating width_p=         79, els_p=       1024, read_write_same_addr_p=          0, harden_p=          0 (TOP.testbench.wrapper.processor.m.multicore.cc.y[0].x[0].tile_node.tile.core.core_lite.core_minimal.be.cosim.wb[3].frd_fifo.MSYNC_1r1w)
## bsg_mem_1r1w: instantiating width_p=         79, els_p=       1024, read_write_same_addr_p=          0, harden_p=          0 (TOP.testbench.wrapper.processor.m.multicore.cc.y[0].x[0].tile_node.tile.core.core_lite.core_minimal.be.cosim.wb[4].ird_fifo.MSYNC_1r1w)
## bsg_mem_1r1w: instantiating width_p=         79, els_p=       1024, read_write_same_addr_p=          0, harden_p=          0 (TOP.testbench.wrapper.processor.m.multicore.cc.y[0].x[0].tile_node.tile.core.core_lite.core_minimal.be.cosim.wb[4].frd_fifo.MSYNC_1r1w)
## bsg_mem_1r1w: instantiating width_p=         79, els_p=       1024, read_write_same_addr_p=          0, harden_p=          0 (TOP.testbench.wrapper.processor.m.multicore.cc.y[0].x[0].tile_node.tile.core.core_lite.core_minimal.be.cosim.wb[5].ird_fifo.MSYNC_1r1w)
## bsg_mem_1r1w: instantiating width_p=         79, els_p=       1024, read_write_same_addr_p=          0, harden_p=          0 (TOP.testbench.wrapper.processor.m.multicore.cc.y[0].x[0].tile_node.tile.core.core_lite.core_minimal.be.cosim.wb[5].frd_fifo.MSYNC_1r1w)
## bsg_mem_1r1w: instantiating width_p=         79, els_p=       1024, read_write_same_addr_p=          0, harden_p=          0 (TOP.testbench.wrapper.processor.m.multicore.cc.y[0].x[0].tile_node.tile.core.core_lite.core_minimal.be.cosim.wb[6].ird_fifo.MSYNC_1r1w)
## bsg_mem_1r1w: instantiating width_p=         79, els_p=       1024, read_write_same_addr_p=          0, harden_p=          0 (TOP.testbench.wrapper.processor.m.multicore.cc.y[0].x[0].tile_node.tile.core.core_lite.core_minimal.be.cosim.wb[6].frd_fifo.MSYNC_1r1w)
## bsg_mem_1r1w: instantiating width_p=         79, els_p=       1024, read_write_same_addr_p=          0, harden_p=          0 (TOP.testbench.wrapper.processor.m.multicore.cc.y[0].x[0].tile_node.tile.core.core_lite.core_minimal.be.cosim.wb[7].ird_fifo.MSYNC_1r1w)
## bsg_mem_1r1w: instantiating width_p=         79, els_p=       1024, read_write_same_addr_p=          0, harden_p=          0 (TOP.testbench.wrapper.processor.m.multicore.cc.y[0].x[0].tile_node.tile.core.core_lite.core_minimal.be.cosim.wb[7].frd_fifo.MSYNC_1r1w)
## bsg_mem_1r1w: instantiating width_p=         79, els_p=       1024, read_write_same_addr_p=          0, harden_p=          0 (TOP.testbench.wrapper.processor.m.multicore.cc.y[0].x[0].tile_node.tile.core.core_lite.core_minimal.be.cosim.wb[8].ird_fifo.MSYNC_1r1w)
## bsg_mem_1r1w: instantiating width_p=         79, els_p=       1024, read_write_same_addr_p=          0, harden_p=          0 (TOP.testbench.wrapper.processor.m.multicore.cc.y[0].x[0].tile_node.tile.core.core_lite.core_minimal.be.cosim.wb[8].frd_fifo.MSYNC_1r1w)
## bsg_mem_1r1w: instantiating width_p=         79, els_p=       1024, read_write_same_addr_p=          0, harden_p=          0 (TOP.testbench.wrapper.processor.m.multicore.cc.y[0].x[0].tile_node.tile.core.core_lite.core_minimal.be.cosim.wb[9].ird_fifo.MSYNC_1r1w)
## bsg_mem_1r1w: instantiating width_p=         79, els_p=       1024, read_write_same_addr_p=          0, harden_p=          0 (TOP.testbench.wrapper.processor.m.multicore.cc.y[0].x[0].tile_node.tile.core.core_lite.core_minimal.be.cosim.wb[9].frd_fifo.MSYNC_1r1w)
## bsg_mem_1r1w: instantiating width_p=         79, els_p=       1024, read_write_same_addr_p=          0, harden_p=          0 (TOP.testbench.wrapper.processor.m.multicore.cc.y[0].x[0].tile_node.tile.core.core_lite.core_minimal.be.cosim.wb[10].ird_fifo.MSYNC_1r1w)
## bsg_mem_1r1w: instantiating width_p=         79, els_p=       1024, read_write_same_addr_p=          0, harden_p=          0 (TOP.testbench.wrapper.processor.m.multicore.cc.y[0].x[0].tile_node.tile.core.core_lite.core_minimal.be.cosim.wb[10].frd_fifo.MSYNC_1r1w)
## bsg_mem_1r1w: instantiating width_p=         79, els_p=       1024, read_write_same_addr_p=          0, harden_p=          0 (TOP.testbench.wrapper.processor.m.multicore.cc.y[0].x[0].tile_node.tile.core.core_lite.core_minimal.be.cosim.wb[11].ird_fifo.MSYNC_1r1w)
## bsg_mem_1r1w: instantiating width_p=         79, els_p=       1024, read_write_same_addr_p=          0, harden_p=          0 (TOP.testbench.wrapper.processor.m.multicore.cc.y[0].x[0].tile_node.tile.core.core_lite.core_minimal.be.cosim.wb[11].frd_fifo.MSYNC_1r1w)
## bsg_mem_1r1w: instantiating width_p=         79, els_p=       1024, read_write_same_addr_p=          0, harden_p=          0 (TOP.testbench.wrapper.processor.m.multicore.cc.y[0].x[0].tile_node.tile.core.core_lite.core_minimal.be.cosim.wb[12].ird_fifo.MSYNC_1r1w)
## bsg_mem_1r1w: instantiating width_p=         79, els_p=       1024, read_write_same_addr_p=          0, harden_p=          0 (TOP.testbench.wrapper.processor.m.multicore.cc.y[0].x[0].tile_node.tile.core.core_lite.core_minimal.be.cosim.wb[12].frd_fifo.MSYNC_1r1w)
## bsg_mem_1r1w: instantiating width_p=         79, els_p=       1024, read_write_same_addr_p=          0, harden_p=          0 (TOP.testbench.wrapper.processor.m.multicore.cc.y[0].x[0].tile_node.tile.core.core_lite.core_minimal.be.cosim.wb[13].ird_fifo.MSYNC_1r1w)
## bsg_mem_1r1w: instantiating width_p=         79, els_p=       1024, read_write_same_addr_p=          0, harden_p=          0 (TOP.testbench.wrapper.processor.m.multicore.cc.y[0].x[0].tile_node.tile.core.core_lite.core_minimal.be.cosim.wb[13].frd_fifo.MSYNC_1r1w)
## bsg_mem_1r1w: instantiating width_p=         79, els_p=       1024, read_write_same_addr_p=          0, harden_p=          0 (TOP.testbench.wrapper.processor.m.multicore.cc.y[0].x[0].tile_node.tile.core.core_lite.core_minimal.be.cosim.wb[14].ird_fifo.MSYNC_1r1w)
## bsg_mem_1r1w: instantiating width_p=         79, els_p=       1024, read_write_same_addr_p=          0, harden_p=          0 (TOP.testbench.wrapper.processor.m.multicore.cc.y[0].x[0].tile_node.tile.core.core_lite.core_minimal.be.cosim.wb[14].frd_fifo.MSYNC_1r1w)
## bsg_mem_1r1w: instantiating width_p=         79, els_p=       1024, read_write_same_addr_p=          0, harden_p=          0 (TOP.testbench.wrapper.processor.m.multicore.cc.y[0].x[0].tile_node.tile.core.core_lite.core_minimal.be.cosim.wb[15].ird_fifo.MSYNC_1r1w)
## bsg_mem_1r1w: instantiating width_p=         79, els_p=       1024, read_write_same_addr_p=          0, harden_p=          0 (TOP.testbench.wrapper.processor.m.multicore.cc.y[0].x[0].tile_node.tile.core.core_lite.core_minimal.be.cosim.wb[15].frd_fifo.MSYNC_1r1w)
## bsg_mem_1r1w: instantiating width_p=         79, els_p=       1024, read_write_same_addr_p=          0, harden_p=          0 (TOP.testbench.wrapper.processor.m.multicore.cc.y[0].x[0].tile_node.tile.core.core_lite.core_minimal.be.cosim.wb[16].ird_fifo.MSYNC_1r1w)
## bsg_mem_1r1w: instantiating width_p=         79, els_p=       1024, read_write_same_addr_p=          0, harden_p=          0 (TOP.testbench.wrapper.processor.m.multicore.cc.y[0].x[0].tile_node.tile.core.core_lite.core_minimal.be.cosim.wb[16].frd_fifo.MSYNC_1r1w)
## bsg_mem_1r1w: instantiating width_p=         79, els_p=       1024, read_write_same_addr_p=          0, harden_p=          0 (TOP.testbench.wrapper.processor.m.multicore.cc.y[0].x[0].tile_node.tile.core.core_lite.core_minimal.be.cosim.wb[17].ird_fifo.MSYNC_1r1w)
## bsg_mem_1r1w: instantiating width_p=         79, els_p=       1024, read_write_same_addr_p=          0, harden_p=          0 (TOP.testbench.wrapper.processor.m.multicore.cc.y[0].x[0].tile_node.tile.core.core_lite.core_minimal.be.cosim.wb[17].frd_fifo.MSYNC_1r1w)
## bsg_mem_1r1w: instantiating width_p=         79, els_p=       1024, read_write_same_addr_p=          0, harden_p=          0 (TOP.testbench.wrapper.processor.m.multicore.cc.y[0].x[0].tile_node.tile.core.core_lite.core_minimal.be.cosim.wb[18].ird_fifo.MSYNC_1r1w)
## bsg_mem_1r1w: instantiating width_p=         79, els_p=       1024, read_write_same_addr_p=          0, harden_p=          0 (TOP.testbench.wrapper.processor.m.multicore.cc.y[0].x[0].tile_node.tile.core.core_lite.core_minimal.be.cosim.wb[18].frd_fifo.MSYNC_1r1w)
## bsg_mem_1r1w: instantiating width_p=         79, els_p=       1024, read_write_same_addr_p=          0, harden_p=          0 (TOP.testbench.wrapper.processor.m.multicore.cc.y[0].x[0].tile_node.tile.core.core_lite.core_minimal.be.cosim.wb[19].ird_fifo.MSYNC_1r1w)
## bsg_mem_1r1w: instantiating width_p=         79, els_p=       1024, read_write_same_addr_p=          0, harden_p=          0 (TOP.testbench.wrapper.processor.m.multicore.cc.y[0].x[0].tile_node.tile.core.core_lite.core_minimal.be.cosim.wb[19].frd_fifo.MSYNC_1r1w)
## bsg_mem_1r1w: instantiating width_p=         79, els_p=       1024, read_write_same_addr_p=          0, harden_p=          0 (TOP.testbench.wrapper.processor.m.multicore.cc.y[0].x[0].tile_node.tile.core.core_lite.core_minimal.be.cosim.wb[20].ird_fifo.MSYNC_1r1w)
## bsg_mem_1r1w: instantiating width_p=         79, els_p=       1024, read_write_same_addr_p=          0, harden_p=          0 (TOP.testbench.wrapper.processor.m.multicore.cc.y[0].x[0].tile_node.tile.core.core_lite.core_minimal.be.cosim.wb[20].frd_fifo.MSYNC_1r1w)
## bsg_mem_1r1w: instantiating width_p=         79, els_p=       1024, read_write_same_addr_p=          0, harden_p=          0 (TOP.testbench.wrapper.processor.m.multicore.cc.y[0].x[0].tile_node.tile.core.core_lite.core_minimal.be.cosim.wb[21].ird_fifo.MSYNC_1r1w)
## bsg_mem_1r1w: instantiating width_p=         79, els_p=       1024, read_write_same_addr_p=          0, harden_p=          0 (TOP.testbench.wrapper.processor.m.multicore.cc.y[0].x[0].tile_node.tile.core.core_lite.core_minimal.be.cosim.wb[21].frd_fifo.MSYNC_1r1w)
## bsg_mem_1r1w: instantiating width_p=         79, els_p=       1024, read_write_same_addr_p=          0, harden_p=          0 (TOP.testbench.wrapper.processor.m.multicore.cc.y[0].x[0].tile_node.tile.core.core_lite.core_minimal.be.cosim.wb[22].ird_fifo.MSYNC_1r1w)
## bsg_mem_1r1w: instantiating width_p=         79, els_p=       1024, read_write_same_addr_p=          0, harden_p=          0 (TOP.testbench.wrapper.processor.m.multicore.cc.y[0].x[0].tile_node.tile.core.core_lite.core_minimal.be.cosim.wb[22].frd_fifo.MSYNC_1r1w)
## bsg_mem_1r1w: instantiating width_p=         79, els_p=       1024, read_write_same_addr_p=          0, harden_p=          0 (TOP.testbench.wrapper.processor.m.multicore.cc.y[0].x[0].tile_node.tile.core.core_lite.core_minimal.be.cosim.wb[23].ird_fifo.MSYNC_1r1w)
## bsg_mem_1r1w: instantiating width_p=         79, els_p=       1024, read_write_same_addr_p=          0, harden_p=          0 (TOP.testbench.wrapper.processor.m.multicore.cc.y[0].x[0].tile_node.tile.core.core_lite.core_minimal.be.cosim.wb[23].frd_fifo.MSYNC_1r1w)
## bsg_mem_1r1w: instantiating width_p=         79, els_p=       1024, read_write_same_addr_p=          0, harden_p=          0 (TOP.testbench.wrapper.processor.m.multicore.cc.y[0].x[0].tile_node.tile.core.core_lite.core_minimal.be.cosim.wb[24].ird_fifo.MSYNC_1r1w)
## bsg_mem_1r1w: instantiating width_p=         79, els_p=       1024, read_write_same_addr_p=          0, harden_p=          0 (TOP.testbench.wrapper.processor.m.multicore.cc.y[0].x[0].tile_node.tile.core.core_lite.core_minimal.be.cosim.wb[24].frd_fifo.MSYNC_1r1w)
## bsg_mem_1r1w: instantiating width_p=         79, els_p=       1024, read_write_same_addr_p=          0, harden_p=          0 (TOP.testbench.wrapper.processor.m.multicore.cc.y[0].x[0].tile_node.tile.core.core_lite.core_minimal.be.cosim.wb[25].ird_fifo.MSYNC_1r1w)
## bsg_mem_1r1w: instantiating width_p=         79, els_p=       1024, read_write_same_addr_p=          0, harden_p=          0 (TOP.testbench.wrapper.processor.m.multicore.cc.y[0].x[0].tile_node.tile.core.core_lite.core_minimal.be.cosim.wb[25].frd_fifo.MSYNC_1r1w)
## bsg_mem_1r1w: instantiating width_p=         79, els_p=       1024, read_write_same_addr_p=          0, harden_p=          0 (TOP.testbench.wrapper.processor.m.multicore.cc.y[0].x[0].tile_node.tile.core.core_lite.core_minimal.be.cosim.wb[26].ird_fifo.MSYNC_1r1w)
## bsg_mem_1r1w: instantiating width_p=         79, els_p=       1024, read_write_same_addr_p=          0, harden_p=          0 (TOP.testbench.wrapper.processor.m.multicore.cc.y[0].x[0].tile_node.tile.core.core_lite.core_minimal.be.cosim.wb[26].frd_fifo.MSYNC_1r1w)
## bsg_mem_1r1w: instantiating width_p=         79, els_p=       1024, read_write_same_addr_p=          0, harden_p=          0 (TOP.testbench.wrapper.processor.m.multicore.cc.y[0].x[0].tile_node.tile.core.core_lite.core_minimal.be.cosim.wb[27].ird_fifo.MSYNC_1r1w)
## bsg_mem_1r1w: instantiating width_p=         79, els_p=       1024, read_write_same_addr_p=          0, harden_p=          0 (TOP.testbench.wrapper.processor.m.multicore.cc.y[0].x[0].tile_node.tile.core.core_lite.core_minimal.be.cosim.wb[27].frd_fifo.MSYNC_1r1w)
## bsg_mem_1r1w: instantiating width_p=         79, els_p=       1024, read_write_same_addr_p=          0, harden_p=          0 (TOP.testbench.wrapper.processor.m.multicore.cc.y[0].x[0].tile_node.tile.core.core_lite.core_minimal.be.cosim.wb[28].ird_fifo.MSYNC_1r1w)
## bsg_mem_1r1w: instantiating width_p=         79, els_p=       1024, read_write_same_addr_p=          0, harden_p=          0 (TOP.testbench.wrapper.processor.m.multicore.cc.y[0].x[0].tile_node.tile.core.core_lite.core_minimal.be.cosim.wb[28].frd_fifo.MSYNC_1r1w)
## bsg_mem_1r1w: instantiating width_p=         79, els_p=       1024, read_write_same_addr_p=          0, harden_p=          0 (TOP.testbench.wrapper.processor.m.multicore.cc.y[0].x[0].tile_node.tile.core.core_lite.core_minimal.be.cosim.wb[29].ird_fifo.MSYNC_1r1w)
## bsg_mem_1r1w: instantiating width_p=         79, els_p=       1024, read_write_same_addr_p=          0, harden_p=          0 (TOP.testbench.wrapper.processor.m.multicore.cc.y[0].x[0].tile_node.tile.core.core_lite.core_minimal.be.cosim.wb[29].frd_fifo.MSYNC_1r1w)
## bsg_mem_1r1w: instantiating width_p=         79, els_p=       1024, read_write_same_addr_p=          0, harden_p=          0 (TOP.testbench.wrapper.processor.m.multicore.cc.y[0].x[0].tile_node.tile.core.core_lite.core_minimal.be.cosim.wb[30].ird_fifo.MSYNC_1r1w)
## bsg_mem_1r1w: instantiating width_p=         79, els_p=       1024, read_write_same_addr_p=          0, harden_p=          0 (TOP.testbench.wrapper.processor.m.multicore.cc.y[0].x[0].tile_node.tile.core.core_lite.core_minimal.be.cosim.wb[30].frd_fifo.MSYNC_1r1w)
## bsg_mem_1r1w: instantiating width_p=         79, els_p=       1024, read_write_same_addr_p=          0, harden_p=          0 (TOP.testbench.wrapper.processor.m.multicore.cc.y[0].x[0].tile_node.tile.core.core_lite.core_minimal.be.cosim.wb[31].ird_fifo.MSYNC_1r1w)
## bsg_mem_1r1w: instantiating width_p=         79, els_p=       1024, read_write_same_addr_p=          0, harden_p=          0 (TOP.testbench.wrapper.processor.m.multicore.cc.y[0].x[0].tile_node.tile.core.core_lite.core_minimal.be.cosim.wb[31].frd_fifo.MSYNC_1r1w)
## bsg_mem_1r1w: instantiating width_p=         79, els_p=       1024, read_write_same_addr_p=          0, harden_p=          0 (TOP.testbench.wrapper.processor.m.multicore.cc.y[0].x[1].tile_node.tile.core.core_lite.core_minimal.be.cosim.wb[0].ird_fifo.MSYNC_1r1w)
## bsg_mem_1r1w: instantiating width_p=         79, els_p=       1024, read_write_same_addr_p=          0, harden_p=          0 (TOP.testbench.wrapper.processor.m.multicore.cc.y[0].x[1].tile_node.tile.core.core_lite.core_minimal.be.cosim.wb[0].frd_fifo.MSYNC_1r1w)
## bsg_mem_1r1w: instantiating width_p=         79, els_p=       1024, read_write_same_addr_p=          0, harden_p=          0 (TOP.testbench.wrapper.processor.m.multicore.cc.y[0].x[1].tile_node.tile.core.core_lite.core_minimal.be.cosim.wb[1].ird_fifo.MSYNC_1r1w)
## bsg_mem_1r1w: instantiating width_p=         79, els_p=       1024, read_write_same_addr_p=          0, harden_p=          0 (TOP.testbench.wrapper.processor.m.multicore.cc.y[0].x[1].tile_node.tile.core.core_lite.core_minimal.be.cosim.wb[1].frd_fifo.MSYNC_1r1w)
## bsg_mem_1r1w: instantiating width_p=         79, els_p=       1024, read_write_same_addr_p=          0, harden_p=          0 (TOP.testbench.wrapper.processor.m.multicore.cc.y[0].x[1].tile_node.tile.core.core_lite.core_minimal.be.cosim.wb[2].ird_fifo.MSYNC_1r1w)
## bsg_mem_1r1w: instantiating width_p=         79, els_p=       1024, read_write_same_addr_p=          0, harden_p=          0 (TOP.testbench.wrapper.processor.m.multicore.cc.y[0].x[1].tile_node.tile.core.core_lite.core_minimal.be.cosim.wb[2].frd_fifo.MSYNC_1r1w)
## bsg_mem_1r1w: instantiating width_p=         79, els_p=       1024, read_write_same_addr_p=          0, harden_p=          0 (TOP.testbench.wrapper.processor.m.multicore.cc.y[0].x[1].tile_node.tile.core.core_lite.core_minimal.be.cosim.wb[3].ird_fifo.MSYNC_1r1w)
## bsg_mem_1r1w: instantiating width_p=         79, els_p=       1024, read_write_same_addr_p=          0, harden_p=          0 (TOP.testbench.wrapper.processor.m.multicore.cc.y[0].x[1].tile_node.tile.core.core_lite.core_minimal.be.cosim.wb[3].frd_fifo.MSYNC_1r1w)
## bsg_mem_1r1w: instantiating width_p=         79, els_p=       1024, read_write_same_addr_p=          0, harden_p=          0 (TOP.testbench.wrapper.processor.m.multicore.cc.y[0].x[1].tile_node.tile.core.core_lite.core_minimal.be.cosim.wb[4].ird_fifo.MSYNC_1r1w)
## bsg_mem_1r1w: instantiating width_p=         79, els_p=       1024, read_write_same_addr_p=          0, harden_p=          0 (TOP.testbench.wrapper.processor.m.multicore.cc.y[0].x[1].tile_node.tile.core.core_lite.core_minimal.be.cosim.wb[4].frd_fifo.MSYNC_1r1w)
## bsg_mem_1r1w: instantiating width_p=         79, els_p=       1024, read_write_same_addr_p=          0, harden_p=          0 (TOP.testbench.wrapper.processor.m.multicore.cc.y[0].x[1].tile_node.tile.core.core_lite.core_minimal.be.cosim.wb[5].ird_fifo.MSYNC_1r1w)
## bsg_mem_1r1w: instantiating width_p=         79, els_p=       1024, read_write_same_addr_p=          0, harden_p=          0 (TOP.testbench.wrapper.processor.m.multicore.cc.y[0].x[1].tile_node.tile.core.core_lite.core_minimal.be.cosim.wb[5].frd_fifo.MSYNC_1r1w)
## bsg_mem_1r1w: instantiating width_p=         79, els_p=       1024, read_write_same_addr_p=          0, harden_p=          0 (TOP.testbench.wrapper.processor.m.multicore.cc.y[0].x[1].tile_node.tile.core.core_lite.core_minimal.be.cosim.wb[6].ird_fifo.MSYNC_1r1w)
## bsg_mem_1r1w: instantiating width_p=         79, els_p=       1024, read_write_same_addr_p=          0, harden_p=          0 (TOP.testbench.wrapper.processor.m.multicore.cc.y[0].x[1].tile_node.tile.core.core_lite.core_minimal.be.cosim.wb[6].frd_fifo.MSYNC_1r1w)
## bsg_mem_1r1w: instantiating width_p=         79, els_p=       1024, read_write_same_addr_p=          0, harden_p=          0 (TOP.testbench.wrapper.processor.m.multicore.cc.y[0].x[1].tile_node.tile.core.core_lite.core_minimal.be.cosim.wb[7].ird_fifo.MSYNC_1r1w)
## bsg_mem_1r1w: instantiating width_p=         79, els_p=       1024, read_write_same_addr_p=          0, harden_p=          0 (TOP.testbench.wrapper.processor.m.multicore.cc.y[0].x[1].tile_node.tile.core.core_lite.core_minimal.be.cosim.wb[7].frd_fifo.MSYNC_1r1w)
## bsg_mem_1r1w: instantiating width_p=         79, els_p=       1024, read_write_same_addr_p=          0, harden_p=          0 (TOP.testbench.wrapper.processor.m.multicore.cc.y[0].x[1].tile_node.tile.core.core_lite.core_minimal.be.cosim.wb[8].ird_fifo.MSYNC_1r1w)
## bsg_mem_1r1w: instantiating width_p=         79, els_p=       1024, read_write_same_addr_p=          0, harden_p=          0 (TOP.testbench.wrapper.processor.m.multicore.cc.y[0].x[1].tile_node.tile.core.core_lite.core_minimal.be.cosim.wb[8].frd_fifo.MSYNC_1r1w)
## bsg_mem_1r1w: instantiating width_p=         79, els_p=       1024, read_write_same_addr_p=          0, harden_p=          0 (TOP.testbench.wrapper.processor.m.multicore.cc.y[0].x[1].tile_node.tile.core.core_lite.core_minimal.be.cosim.wb[9].ird_fifo.MSYNC_1r1w)
## bsg_mem_1r1w: instantiating width_p=         79, els_p=       1024, read_write_same_addr_p=          0, harden_p=          0 (TOP.testbench.wrapper.processor.m.multicore.cc.y[0].x[1].tile_node.tile.core.core_lite.core_minimal.be.cosim.wb[9].frd_fifo.MSYNC_1r1w)
## bsg_mem_1r1w: instantiating width_p=         79, els_p=       1024, read_write_same_addr_p=          0, harden_p=          0 (TOP.testbench.wrapper.processor.m.multicore.cc.y[0].x[1].tile_node.tile.core.core_lite.core_minimal.be.cosim.wb[10].ird_fifo.MSYNC_1r1w)
## bsg_mem_1r1w: instantiating width_p=         79, els_p=       1024, read_write_same_addr_p=          0, harden_p=          0 (TOP.testbench.wrapper.processor.m.multicore.cc.y[0].x[1].tile_node.tile.core.core_lite.core_minimal.be.cosim.wb[10].frd_fifo.MSYNC_1r1w)
## bsg_mem_1r1w: instantiating width_p=         79, els_p=       1024, read_write_same_addr_p=          0, harden_p=          0 (TOP.testbench.wrapper.processor.m.multicore.cc.y[0].x[1].tile_node.tile.core.core_lite.core_minimal.be.cosim.wb[11].ird_fifo.MSYNC_1r1w)
## bsg_mem_1r1w: instantiating width_p=         79, els_p=       1024, read_write_same_addr_p=          0, harden_p=          0 (TOP.testbench.wrapper.processor.m.multicore.cc.y[0].x[1].tile_node.tile.core.core_lite.core_minimal.be.cosim.wb[11].frd_fifo.MSYNC_1r1w)
## bsg_mem_1r1w: instantiating width_p=         79, els_p=       1024, read_write_same_addr_p=          0, harden_p=          0 (TOP.testbench.wrapper.processor.m.multicore.cc.y[0].x[1].tile_node.tile.core.core_lite.core_minimal.be.cosim.wb[12].ird_fifo.MSYNC_1r1w)
## bsg_mem_1r1w: instantiating width_p=         79, els_p=       1024, read_write_same_addr_p=          0, harden_p=          0 (TOP.testbench.wrapper.processor.m.multicore.cc.y[0].x[1].tile_node.tile.core.core_lite.core_minimal.be.cosim.wb[12].frd_fifo.MSYNC_1r1w)
## bsg_mem_1r1w: instantiating width_p=         79, els_p=       1024, read_write_same_addr_p=          0, harden_p=          0 (TOP.testbench.wrapper.processor.m.multicore.cc.y[0].x[1].tile_node.tile.core.core_lite.core_minimal.be.cosim.wb[13].ird_fifo.MSYNC_1r1w)
## bsg_mem_1r1w: instantiating width_p=         79, els_p=       1024, read_write_same_addr_p=          0, harden_p=          0 (TOP.testbench.wrapper.processor.m.multicore.cc.y[0].x[1].tile_node.tile.core.core_lite.core_minimal.be.cosim.wb[13].frd_fifo.MSYNC_1r1w)
## bsg_mem_1r1w: instantiating width_p=         79, els_p=       1024, read_write_same_addr_p=          0, harden_p=          0 (TOP.testbench.wrapper.processor.m.multicore.cc.y[0].x[1].tile_node.tile.core.core_lite.core_minimal.be.cosim.wb[14].ird_fifo.MSYNC_1r1w)
## bsg_mem_1r1w: instantiating width_p=         79, els_p=       1024, read_write_same_addr_p=          0, harden_p=          0 (TOP.testbench.wrapper.processor.m.multicore.cc.y[0].x[1].tile_node.tile.core.core_lite.core_minimal.be.cosim.wb[14].frd_fifo.MSYNC_1r1w)
## bsg_mem_1r1w: instantiating width_p=         79, els_p=       1024, read_write_same_addr_p=          0, harden_p=          0 (TOP.testbench.wrapper.processor.m.multicore.cc.y[0].x[1].tile_node.tile.core.core_lite.core_minimal.be.cosim.wb[15].ird_fifo.MSYNC_1r1w)
## bsg_mem_1r1w: instantiating width_p=         79, els_p=       1024, read_write_same_addr_p=          0, harden_p=          0 (TOP.testbench.wrapper.processor.m.multicore.cc.y[0].x[1].tile_node.tile.core.core_lite.core_minimal.be.cosim.wb[15].frd_fifo.MSYNC_1r1w)
## bsg_mem_1r1w: instantiating width_p=         79, els_p=       1024, read_write_same_addr_p=          0, harden_p=          0 (TOP.testbench.wrapper.processor.m.multicore.cc.y[0].x[1].tile_node.tile.core.core_lite.core_minimal.be.cosim.wb[16].ird_fifo.MSYNC_1r1w)
## bsg_mem_1r1w: instantiating width_p=         79, els_p=       1024, read_write_same_addr_p=          0, harden_p=          0 (TOP.testbench.wrapper.processor.m.multicore.cc.y[0].x[1].tile_node.tile.core.core_lite.core_minimal.be.cosim.wb[16].frd_fifo.MSYNC_1r1w)
## bsg_mem_1r1w: instantiating width_p=         79, els_p=       1024, read_write_same_addr_p=          0, harden_p=          0 (TOP.testbench.wrapper.processor.m.multicore.cc.y[0].x[1].tile_node.tile.core.core_lite.core_minimal.be.cosim.wb[17].ird_fifo.MSYNC_1r1w)
## bsg_mem_1r1w: instantiating width_p=         79, els_p=       1024, read_write_same_addr_p=          0, harden_p=          0 (TOP.testbench.wrapper.processor.m.multicore.cc.y[0].x[1].tile_node.tile.core.core_lite.core_minimal.be.cosim.wb[17].frd_fifo.MSYNC_1r1w)
## bsg_mem_1r1w: instantiating width_p=         79, els_p=       1024, read_write_same_addr_p=          0, harden_p=          0 (TOP.testbench.wrapper.processor.m.multicore.cc.y[0].x[1].tile_node.tile.core.core_lite.core_minimal.be.cosim.wb[18].ird_fifo.MSYNC_1r1w)
## bsg_mem_1r1w: instantiating width_p=         79, els_p=       1024, read_write_same_addr_p=          0, harden_p=          0 (TOP.testbench.wrapper.processor.m.multicore.cc.y[0].x[1].tile_node.tile.core.core_lite.core_minimal.be.cosim.wb[18].frd_fifo.MSYNC_1r1w)
## bsg_mem_1r1w: instantiating width_p=         79, els_p=       1024, read_write_same_addr_p=          0, harden_p=          0 (TOP.testbench.wrapper.processor.m.multicore.cc.y[0].x[1].tile_node.tile.core.core_lite.core_minimal.be.cosim.wb[19].ird_fifo.MSYNC_1r1w)
## bsg_mem_1r1w: instantiating width_p=         79, els_p=       1024, read_write_same_addr_p=          0, harden_p=          0 (TOP.testbench.wrapper.processor.m.multicore.cc.y[0].x[1].tile_node.tile.core.core_lite.core_minimal.be.cosim.wb[19].frd_fifo.MSYNC_1r1w)
## bsg_mem_1r1w: instantiating width_p=         79, els_p=       1024, read_write_same_addr_p=          0, harden_p=          0 (TOP.testbench.wrapper.processor.m.multicore.cc.y[0].x[1].tile_node.tile.core.core_lite.core_minimal.be.cosim.wb[20].ird_fifo.MSYNC_1r1w)
## bsg_mem_1r1w: instantiating width_p=         79, els_p=       1024, read_write_same_addr_p=          0, harden_p=          0 (TOP.testbench.wrapper.processor.m.multicore.cc.y[0].x[1].tile_node.tile.core.core_lite.core_minimal.be.cosim.wb[20].frd_fifo.MSYNC_1r1w)
## bsg_mem_1r1w: instantiating width_p=         79, els_p=       1024, read_write_same_addr_p=          0, harden_p=          0 (TOP.testbench.wrapper.processor.m.multicore.cc.y[0].x[1].tile_node.tile.core.core_lite.core_minimal.be.cosim.wb[21].ird_fifo.MSYNC_1r1w)
## bsg_mem_1r1w: instantiating width_p=         79, els_p=       1024, read_write_same_addr_p=          0, harden_p=          0 (TOP.testbench.wrapper.processor.m.multicore.cc.y[0].x[1].tile_node.tile.core.core_lite.core_minimal.be.cosim.wb[21].frd_fifo.MSYNC_1r1w)
## bsg_mem_1r1w: instantiating width_p=         79, els_p=       1024, read_write_same_addr_p=          0, harden_p=          0 (TOP.testbench.wrapper.processor.m.multicore.cc.y[0].x[1].tile_node.tile.core.core_lite.core_minimal.be.cosim.wb[22].ird_fifo.MSYNC_1r1w)
## bsg_mem_1r1w: instantiating width_p=         79, els_p=       1024, read_write_same_addr_p=          0, harden_p=          0 (TOP.testbench.wrapper.processor.m.multicore.cc.y[0].x[1].tile_node.tile.core.core_lite.core_minimal.be.cosim.wb[22].frd_fifo.MSYNC_1r1w)
## bsg_mem_1r1w: instantiating width_p=         79, els_p=       1024, read_write_same_addr_p=          0, harden_p=          0 (TOP.testbench.wrapper.processor.m.multicore.cc.y[0].x[1].tile_node.tile.core.core_lite.core_minimal.be.cosim.wb[23].ird_fifo.MSYNC_1r1w)
## bsg_mem_1r1w: instantiating width_p=         79, els_p=       1024, read_write_same_addr_p=          0, harden_p=          0 (TOP.testbench.wrapper.processor.m.multicore.cc.y[0].x[1].tile_node.tile.core.core_lite.core_minimal.be.cosim.wb[23].frd_fifo.MSYNC_1r1w)
## bsg_mem_1r1w: instantiating width_p=         79, els_p=       1024, read_write_same_addr_p=          0, harden_p=          0 (TOP.testbench.wrapper.processor.m.multicore.cc.y[0].x[1].tile_node.tile.core.core_lite.core_minimal.be.cosim.wb[24].ird_fifo.MSYNC_1r1w)
## bsg_mem_1r1w: instantiating width_p=         79, els_p=       1024, read_write_same_addr_p=          0, harden_p=          0 (TOP.testbench.wrapper.processor.m.multicore.cc.y[0].x[1].tile_node.tile.core.core_lite.core_minimal.be.cosim.wb[24].frd_fifo.MSYNC_1r1w)
## bsg_mem_1r1w: instantiating width_p=         79, els_p=       1024, read_write_same_addr_p=          0, harden_p=          0 (TOP.testbench.wrapper.processor.m.multicore.cc.y[0].x[1].tile_node.tile.core.core_lite.core_minimal.be.cosim.wb[25].ird_fifo.MSYNC_1r1w)
## bsg_mem_1r1w: instantiating width_p=         79, els_p=       1024, read_write_same_addr_p=          0, harden_p=          0 (TOP.testbench.wrapper.processor.m.multicore.cc.y[0].x[1].tile_node.tile.core.core_lite.core_minimal.be.cosim.wb[25].frd_fifo.MSYNC_1r1w)
## bsg_mem_1r1w: instantiating width_p=         79, els_p=       1024, read_write_same_addr_p=          0, harden_p=          0 (TOP.testbench.wrapper.processor.m.multicore.cc.y[0].x[1].tile_node.tile.core.core_lite.core_minimal.be.cosim.wb[26].ird_fifo.MSYNC_1r1w)
## bsg_mem_1r1w: instantiating width_p=         79, els_p=       1024, read_write_same_addr_p=          0, harden_p=          0 (TOP.testbench.wrapper.processor.m.multicore.cc.y[0].x[1].tile_node.tile.core.core_lite.core_minimal.be.cosim.wb[26].frd_fifo.MSYNC_1r1w)
## bsg_mem_1r1w: instantiating width_p=         79, els_p=       1024, read_write_same_addr_p=          0, harden_p=          0 (TOP.testbench.wrapper.processor.m.multicore.cc.y[0].x[1].tile_node.tile.core.core_lite.core_minimal.be.cosim.wb[27].ird_fifo.MSYNC_1r1w)
## bsg_mem_1r1w: instantiating width_p=         79, els_p=       1024, read_write_same_addr_p=          0, harden_p=          0 (TOP.testbench.wrapper.processor.m.multicore.cc.y[0].x[1].tile_node.tile.core.core_lite.core_minimal.be.cosim.wb[27].frd_fifo.MSYNC_1r1w)
## bsg_mem_1r1w: instantiating width_p=         79, els_p=       1024, read_write_same_addr_p=          0, harden_p=          0 (TOP.testbench.wrapper.processor.m.multicore.cc.y[0].x[1].tile_node.tile.core.core_lite.core_minimal.be.cosim.wb[28].ird_fifo.MSYNC_1r1w)
## bsg_mem_1r1w: instantiating width_p=         79, els_p=       1024, read_write_same_addr_p=          0, harden_p=          0 (TOP.testbench.wrapper.processor.m.multicore.cc.y[0].x[1].tile_node.tile.core.core_lite.core_minimal.be.cosim.wb[28].frd_fifo.MSYNC_1r1w)
## bsg_mem_1r1w: instantiating width_p=         79, els_p=       1024, read_write_same_addr_p=          0, harden_p=          0 (TOP.testbench.wrapper.processor.m.multicore.cc.y[0].x[1].tile_node.tile.core.core_lite.core_minimal.be.cosim.wb[29].ird_fifo.MSYNC_1r1w)
## bsg_mem_1r1w: instantiating width_p=         79, els_p=       1024, read_write_same_addr_p=          0, harden_p=          0 (TOP.testbench.wrapper.processor.m.multicore.cc.y[0].x[1].tile_node.tile.core.core_lite.core_minimal.be.cosim.wb[29].frd_fifo.MSYNC_1r1w)
## bsg_mem_1r1w: instantiating width_p=         79, els_p=       1024, read_write_same_addr_p=          0, harden_p=          0 (TOP.testbench.wrapper.processor.m.multicore.cc.y[0].x[1].tile_node.tile.core.core_lite.core_minimal.be.cosim.wb[30].ird_fifo.MSYNC_1r1w)
## bsg_mem_1r1w: instantiating width_p=         79, els_p=       1024, read_write_same_addr_p=          0, harden_p=          0 (TOP.testbench.wrapper.processor.m.multicore.cc.y[0].x[1].tile_node.tile.core.core_lite.core_minimal.be.cosim.wb[30].frd_fifo.MSYNC_1r1w)
## bsg_mem_1r1w: instantiating width_p=         79, els_p=       1024, read_write_same_addr_p=          0, harden_p=          0 (TOP.testbench.wrapper.processor.m.multicore.cc.y[0].x[1].tile_node.tile.core.core_lite.core_minimal.be.cosim.wb[31].ird_fifo.MSYNC_1r1w)
## bsg_mem_1r1w: instantiating width_p=         79, els_p=       1024, read_write_same_addr_p=          0, harden_p=          0 (TOP.testbench.wrapper.processor.m.multicore.cc.y[0].x[1].tile_node.tile.core.core_lite.core_minimal.be.cosim.wb[31].frd_fifo.MSYNC_1r1w)
## bsg_mem_1rw_sync_mask_write_byte: instantiating data_width_p=         64, els_p=        512 (TOP.testbench.wrapper.processor.m.multicore.cc.y[0].x[0].tile_node.tile.core.core_lite.core_minimal.be.calculator.pipe_mem.dcache.d[0].data_mem)
## bsg_mem_1rw_sync: instantiating width_p=          8, els_p=        512 (TOP.testbench.wrapper.processor.m.multicore.cc.y[0].x[0].tile_node.tile.core.core_lite.core_minimal.be.calculator.pipe_mem.dcache.d[0].data_mem.synth.nz.bk[0].mem_1rw_sync)
## bsg_mem_1rw_sync: instantiating width_p=          8, els_p=        512 (TOP.testbench.wrapper.processor.m.multicore.cc.y[0].x[0].tile_node.tile.core.core_lite.core_minimal.be.calculator.pipe_mem.dcache.d[0].data_mem.synth.nz.bk[1].mem_1rw_sync)
## bsg_mem_1rw_sync: instantiating width_p=          8, els_p=        512 (TOP.testbench.wrapper.processor.m.multicore.cc.y[0].x[0].tile_node.tile.core.core_lite.core_minimal.be.calculator.pipe_mem.dcache.d[0].data_mem.synth.nz.bk[2].mem_1rw_sync)
## bsg_mem_1rw_sync: instantiating width_p=          8, els_p=        512 (TOP.testbench.wrapper.processor.m.multicore.cc.y[0].x[0].tile_node.tile.core.core_lite.core_minimal.be.calculator.pipe_mem.dcache.d[0].data_mem.synth.nz.bk[3].mem_1rw_sync)
## bsg_mem_1rw_sync: instantiating width_p=          8, els_p=        512 (TOP.testbench.wrapper.processor.m.multicore.cc.y[0].x[0].tile_node.tile.core.core_lite.core_minimal.be.calculator.pipe_mem.dcache.d[0].data_mem.synth.nz.bk[4].mem_1rw_sync)
## bsg_mem_1rw_sync: instantiating width_p=          8, els_p=        512 (TOP.testbench.wrapper.processor.m.multicore.cc.y[0].x[0].tile_node.tile.core.core_lite.core_minimal.be.calculator.pipe_mem.dcache.d[0].data_mem.synth.nz.bk[5].mem_1rw_sync)
## bsg_mem_1rw_sync: instantiating width_p=          8, els_p=        512 (TOP.testbench.wrapper.processor.m.multicore.cc.y[0].x[0].tile_node.tile.core.core_lite.core_minimal.be.calculator.pipe_mem.dcache.d[0].data_mem.synth.nz.bk[6].mem_1rw_sync)
## bsg_mem_1rw_sync: instantiating width_p=          8, els_p=        512 (TOP.testbench.wrapper.processor.m.multicore.cc.y[0].x[0].tile_node.tile.core.core_lite.core_minimal.be.calculator.pipe_mem.dcache.d[0].data_mem.synth.nz.bk[7].mem_1rw_sync)
## bsg_mem_1rw_sync_mask_write_byte: instantiating data_width_p=         64, els_p=        512 (TOP.testbench.wrapper.processor.m.multicore.cc.y[0].x[0].tile_node.tile.core.core_lite.core_minimal.be.calculator.pipe_mem.dcache.d[1].data_mem)
## bsg_mem_1rw_sync: instantiating width_p=          8, els_p=        512 (TOP.testbench.wrapper.processor.m.multicore.cc.y[0].x[0].tile_node.tile.core.core_lite.core_minimal.be.calculator.pipe_mem.dcache.d[1].data_mem.synth.nz.bk[0].mem_1rw_sync)
## bsg_mem_1rw_sync: instantiating width_p=          8, els_p=        512 (TOP.testbench.wrapper.processor.m.multicore.cc.y[0].x[0].tile_node.tile.core.core_lite.core_minimal.be.calculator.pipe_mem.dcache.d[1].data_mem.synth.nz.bk[1].mem_1rw_sync)
## bsg_mem_1rw_sync: instantiating width_p=          8, els_p=        512 (TOP.testbench.wrapper.processor.m.multicore.cc.y[0].x[0].tile_node.tile.core.core_lite.core_minimal.be.calculator.pipe_mem.dcache.d[1].data_mem.synth.nz.bk[2].mem_1rw_sync)
## bsg_mem_1rw_sync: instantiating width_p=          8, els_p=        512 (TOP.testbench.wrapper.processor.m.multicore.cc.y[0].x[0].tile_node.tile.core.core_lite.core_minimal.be.calculator.pipe_mem.dcache.d[1].data_mem.synth.nz.bk[3].mem_1rw_sync)
## bsg_mem_1rw_sync: instantiating width_p=          8, els_p=        512 (TOP.testbench.wrapper.processor.m.multicore.cc.y[0].x[0].tile_node.tile.core.core_lite.core_minimal.be.calculator.pipe_mem.dcache.d[1].data_mem.synth.nz.bk[4].mem_1rw_sync)
## bsg_mem_1rw_sync: instantiating width_p=          8, els_p=        512 (TOP.testbench.wrapper.processor.m.multicore.cc.y[0].x[0].tile_node.tile.core.core_lite.core_minimal.be.calculator.pipe_mem.dcache.d[1].data_mem.synth.nz.bk[5].mem_1rw_sync)
## bsg_mem_1rw_sync: instantiating width_p=          8, els_p=        512 (TOP.testbench.wrapper.processor.m.multicore.cc.y[0].x[0].tile_node.tile.core.core_lite.core_minimal.be.calculator.pipe_mem.dcache.d[1].data_mem.synth.nz.bk[6].mem_1rw_sync)
## bsg_mem_1rw_sync: instantiating width_p=          8, els_p=        512 (TOP.testbench.wrapper.processor.m.multicore.cc.y[0].x[0].tile_node.tile.core.core_lite.core_minimal.be.calculator.pipe_mem.dcache.d[1].data_mem.synth.nz.bk[7].mem_1rw_sync)
## bsg_mem_1rw_sync_mask_write_byte: instantiating data_width_p=         64, els_p=        512 (TOP.testbench.wrapper.processor.m.multicore.cc.y[0].x[0].tile_node.tile.core.core_lite.core_minimal.be.calculator.pipe_mem.dcache.d[2].data_mem)
## bsg_mem_1rw_sync: instantiating width_p=          8, els_p=        512 (TOP.testbench.wrapper.processor.m.multicore.cc.y[0].x[0].tile_node.tile.core.core_lite.core_minimal.be.calculator.pipe_mem.dcache.d[2].data_mem.synth.nz.bk[0].mem_1rw_sync)
## bsg_mem_1rw_sync: instantiating width_p=          8, els_p=        512 (TOP.testbench.wrapper.processor.m.multicore.cc.y[0].x[0].tile_node.tile.core.core_lite.core_minimal.be.calculator.pipe_mem.dcache.d[2].data_mem.synth.nz.bk[1].mem_1rw_sync)
## bsg_mem_1rw_sync: instantiating width_p=          8, els_p=        512 (TOP.testbench.wrapper.processor.m.multicore.cc.y[0].x[0].tile_node.tile.core.core_lite.core_minimal.be.calculator.pipe_mem.dcache.d[2].data_mem.synth.nz.bk[2].mem_1rw_sync)
## bsg_mem_1rw_sync: instantiating width_p=          8, els_p=        512 (TOP.testbench.wrapper.processor.m.multicore.cc.y[0].x[0].tile_node.tile.core.core_lite.core_minimal.be.calculator.pipe_mem.dcache.d[2].data_mem.synth.nz.bk[3].mem_1rw_sync)
## bsg_mem_1rw_sync: instantiating width_p=          8, els_p=        512 (TOP.testbench.wrapper.processor.m.multicore.cc.y[0].x[0].tile_node.tile.core.core_lite.core_minimal.be.calculator.pipe_mem.dcache.d[2].data_mem.synth.nz.bk[4].mem_1rw_sync)
## bsg_mem_1rw_sync: instantiating width_p=          8, els_p=        512 (TOP.testbench.wrapper.processor.m.multicore.cc.y[0].x[0].tile_node.tile.core.core_lite.core_minimal.be.calculator.pipe_mem.dcache.d[2].data_mem.synth.nz.bk[5].mem_1rw_sync)
## bsg_mem_1rw_sync: instantiating width_p=          8, els_p=        512 (TOP.testbench.wrapper.processor.m.multicore.cc.y[0].x[0].tile_node.tile.core.core_lite.core_minimal.be.calculator.pipe_mem.dcache.d[2].data_mem.synth.nz.bk[6].mem_1rw_sync)
## bsg_mem_1rw_sync: instantiating width_p=          8, els_p=        512 (TOP.testbench.wrapper.processor.m.multicore.cc.y[0].x[0].tile_node.tile.core.core_lite.core_minimal.be.calculator.pipe_mem.dcache.d[2].data_mem.synth.nz.bk[7].mem_1rw_sync)
## bsg_mem_1rw_sync_mask_write_byte: instantiating data_width_p=         64, els_p=        512 (TOP.testbench.wrapper.processor.m.multicore.cc.y[0].x[0].tile_node.tile.core.core_lite.core_minimal.be.calculator.pipe_mem.dcache.d[3].data_mem)
## bsg_mem_1rw_sync: instantiating width_p=          8, els_p=        512 (TOP.testbench.wrapper.processor.m.multicore.cc.y[0].x[0].tile_node.tile.core.core_lite.core_minimal.be.calculator.pipe_mem.dcache.d[3].data_mem.synth.nz.bk[0].mem_1rw_sync)
## bsg_mem_1rw_sync: instantiating width_p=          8, els_p=        512 (TOP.testbench.wrapper.processor.m.multicore.cc.y[0].x[0].tile_node.tile.core.core_lite.core_minimal.be.calculator.pipe_mem.dcache.d[3].data_mem.synth.nz.bk[1].mem_1rw_sync)
## bsg_mem_1rw_sync: instantiating width_p=          8, els_p=        512 (TOP.testbench.wrapper.processor.m.multicore.cc.y[0].x[0].tile_node.tile.core.core_lite.core_minimal.be.calculator.pipe_mem.dcache.d[3].data_mem.synth.nz.bk[2].mem_1rw_sync)
## bsg_mem_1rw_sync: instantiating width_p=          8, els_p=        512 (TOP.testbench.wrapper.processor.m.multicore.cc.y[0].x[0].tile_node.tile.core.core_lite.core_minimal.be.calculator.pipe_mem.dcache.d[3].data_mem.synth.nz.bk[3].mem_1rw_sync)
## bsg_mem_1rw_sync: instantiating width_p=          8, els_p=        512 (TOP.testbench.wrapper.processor.m.multicore.cc.y[0].x[0].tile_node.tile.core.core_lite.core_minimal.be.calculator.pipe_mem.dcache.d[3].data_mem.synth.nz.bk[4].mem_1rw_sync)
## bsg_mem_1rw_sync: instantiating width_p=          8, els_p=        512 (TOP.testbench.wrapper.processor.m.multicore.cc.y[0].x[0].tile_node.tile.core.core_lite.core_minimal.be.calculator.pipe_mem.dcache.d[3].data_mem.synth.nz.bk[5].mem_1rw_sync)
## bsg_mem_1rw_sync: instantiating width_p=          8, els_p=        512 (TOP.testbench.wrapper.processor.m.multicore.cc.y[0].x[0].tile_node.tile.core.core_lite.core_minimal.be.calculator.pipe_mem.dcache.d[3].data_mem.synth.nz.bk[6].mem_1rw_sync)
## bsg_mem_1rw_sync: instantiating width_p=          8, els_p=        512 (TOP.testbench.wrapper.processor.m.multicore.cc.y[0].x[0].tile_node.tile.core.core_lite.core_minimal.be.calculator.pipe_mem.dcache.d[3].data_mem.synth.nz.bk[7].mem_1rw_sync)
## bsg_mem_1rw_sync_mask_write_byte: instantiating data_width_p=         64, els_p=        512 (TOP.testbench.wrapper.processor.m.multicore.cc.y[0].x[0].tile_node.tile.core.core_lite.core_minimal.be.calculator.pipe_mem.dcache.d[4].data_mem)
## bsg_mem_1rw_sync: instantiating width_p=          8, els_p=        512 (TOP.testbench.wrapper.processor.m.multicore.cc.y[0].x[0].tile_node.tile.core.core_lite.core_minimal.be.calculator.pipe_mem.dcache.d[4].data_mem.synth.nz.bk[0].mem_1rw_sync)
## bsg_mem_1rw_sync: instantiating width_p=          8, els_p=        512 (TOP.testbench.wrapper.processor.m.multicore.cc.y[0].x[0].tile_node.tile.core.core_lite.core_minimal.be.calculator.pipe_mem.dcache.d[4].data_mem.synth.nz.bk[1].mem_1rw_sync)
## bsg_mem_1rw_sync: instantiating width_p=          8, els_p=        512 (TOP.testbench.wrapper.processor.m.multicore.cc.y[0].x[0].tile_node.tile.core.core_lite.core_minimal.be.calculator.pipe_mem.dcache.d[4].data_mem.synth.nz.bk[2].mem_1rw_sync)
## bsg_mem_1rw_sync: instantiating width_p=          8, els_p=        512 (TOP.testbench.wrapper.processor.m.multicore.cc.y[0].x[0].tile_node.tile.core.core_lite.core_minimal.be.calculator.pipe_mem.dcache.d[4].data_mem.synth.nz.bk[3].mem_1rw_sync)
## bsg_mem_1rw_sync: instantiating width_p=          8, els_p=        512 (TOP.testbench.wrapper.processor.m.multicore.cc.y[0].x[0].tile_node.tile.core.core_lite.core_minimal.be.calculator.pipe_mem.dcache.d[4].data_mem.synth.nz.bk[4].mem_1rw_sync)
## bsg_mem_1rw_sync: instantiating width_p=          8, els_p=        512 (TOP.testbench.wrapper.processor.m.multicore.cc.y[0].x[0].tile_node.tile.core.core_lite.core_minimal.be.calculator.pipe_mem.dcache.d[4].data_mem.synth.nz.bk[5].mem_1rw_sync)
## bsg_mem_1rw_sync: instantiating width_p=          8, els_p=        512 (TOP.testbench.wrapper.processor.m.multicore.cc.y[0].x[0].tile_node.tile.core.core_lite.core_minimal.be.calculator.pipe_mem.dcache.d[4].data_mem.synth.nz.bk[6].mem_1rw_sync)
## bsg_mem_1rw_sync: instantiating width_p=          8, els_p=        512 (TOP.testbench.wrapper.processor.m.multicore.cc.y[0].x[0].tile_node.tile.core.core_lite.core_minimal.be.calculator.pipe_mem.dcache.d[4].data_mem.synth.nz.bk[7].mem_1rw_sync)
## bsg_mem_1rw_sync_mask_write_byte: instantiating data_width_p=         64, els_p=        512 (TOP.testbench.wrapper.processor.m.multicore.cc.y[0].x[0].tile_node.tile.core.core_lite.core_minimal.be.calculator.pipe_mem.dcache.d[5].data_mem)
## bsg_mem_1rw_sync: instantiating width_p=          8, els_p=        512 (TOP.testbench.wrapper.processor.m.multicore.cc.y[0].x[0].tile_node.tile.core.core_lite.core_minimal.be.calculator.pipe_mem.dcache.d[5].data_mem.synth.nz.bk[0].mem_1rw_sync)
## bsg_mem_1rw_sync: instantiating width_p=          8, els_p=        512 (TOP.testbench.wrapper.processor.m.multicore.cc.y[0].x[0].tile_node.tile.core.core_lite.core_minimal.be.calculator.pipe_mem.dcache.d[5].data_mem.synth.nz.bk[1].mem_1rw_sync)
## bsg_mem_1rw_sync: instantiating width_p=          8, els_p=        512 (TOP.testbench.wrapper.processor.m.multicore.cc.y[0].x[0].tile_node.tile.core.core_lite.core_minimal.be.calculator.pipe_mem.dcache.d[5].data_mem.synth.nz.bk[2].mem_1rw_sync)
## bsg_mem_1rw_sync: instantiating width_p=          8, els_p=        512 (TOP.testbench.wrapper.processor.m.multicore.cc.y[0].x[0].tile_node.tile.core.core_lite.core_minimal.be.calculator.pipe_mem.dcache.d[5].data_mem.synth.nz.bk[3].mem_1rw_sync)
## bsg_mem_1rw_sync: instantiating width_p=          8, els_p=        512 (TOP.testbench.wrapper.processor.m.multicore.cc.y[0].x[0].tile_node.tile.core.core_lite.core_minimal.be.calculator.pipe_mem.dcache.d[5].data_mem.synth.nz.bk[4].mem_1rw_sync)
## bsg_mem_1rw_sync: instantiating width_p=          8, els_p=        512 (TOP.testbench.wrapper.processor.m.multicore.cc.y[0].x[0].tile_node.tile.core.core_lite.core_minimal.be.calculator.pipe_mem.dcache.d[5].data_mem.synth.nz.bk[5].mem_1rw_sync)
## bsg_mem_1rw_sync: instantiating width_p=          8, els_p=        512 (TOP.testbench.wrapper.processor.m.multicore.cc.y[0].x[0].tile_node.tile.core.core_lite.core_minimal.be.calculator.pipe_mem.dcache.d[5].data_mem.synth.nz.bk[6].mem_1rw_sync)
## bsg_mem_1rw_sync: instantiating width_p=          8, els_p=        512 (TOP.testbench.wrapper.processor.m.multicore.cc.y[0].x[0].tile_node.tile.core.core_lite.core_minimal.be.calculator.pipe_mem.dcache.d[5].data_mem.synth.nz.bk[7].mem_1rw_sync)
## bsg_mem_1rw_sync_mask_write_byte: instantiating data_width_p=         64, els_p=        512 (TOP.testbench.wrapper.processor.m.multicore.cc.y[0].x[0].tile_node.tile.core.core_lite.core_minimal.be.calculator.pipe_mem.dcache.d[6].data_mem)
## bsg_mem_1rw_sync: instantiating width_p=          8, els_p=        512 (TOP.testbench.wrapper.processor.m.multicore.cc.y[0].x[0].tile_node.tile.core.core_lite.core_minimal.be.calculator.pipe_mem.dcache.d[6].data_mem.synth.nz.bk[0].mem_1rw_sync)
## bsg_mem_1rw_sync: instantiating width_p=          8, els_p=        512 (TOP.testbench.wrapper.processor.m.multicore.cc.y[0].x[0].tile_node.tile.core.core_lite.core_minimal.be.calculator.pipe_mem.dcache.d[6].data_mem.synth.nz.bk[1].mem_1rw_sync)
## bsg_mem_1rw_sync: instantiating width_p=          8, els_p=        512 (TOP.testbench.wrapper.processor.m.multicore.cc.y[0].x[0].tile_node.tile.core.core_lite.core_minimal.be.calculator.pipe_mem.dcache.d[6].data_mem.synth.nz.bk[2].mem_1rw_sync)
## bsg_mem_1rw_sync: instantiating width_p=          8, els_p=        512 (TOP.testbench.wrapper.processor.m.multicore.cc.y[0].x[0].tile_node.tile.core.core_lite.core_minimal.be.calculator.pipe_mem.dcache.d[6].data_mem.synth.nz.bk[3].mem_1rw_sync)
## bsg_mem_1rw_sync: instantiating width_p=          8, els_p=        512 (TOP.testbench.wrapper.processor.m.multicore.cc.y[0].x[0].tile_node.tile.core.core_lite.core_minimal.be.calculator.pipe_mem.dcache.d[6].data_mem.synth.nz.bk[4].mem_1rw_sync)
## bsg_mem_1rw_sync: instantiating width_p=          8, els_p=        512 (TOP.testbench.wrapper.processor.m.multicore.cc.y[0].x[0].tile_node.tile.core.core_lite.core_minimal.be.calculator.pipe_mem.dcache.d[6].data_mem.synth.nz.bk[5].mem_1rw_sync)
## bsg_mem_1rw_sync: instantiating width_p=          8, els_p=        512 (TOP.testbench.wrapper.processor.m.multicore.cc.y[0].x[0].tile_node.tile.core.core_lite.core_minimal.be.calculator.pipe_mem.dcache.d[6].data_mem.synth.nz.bk[6].mem_1rw_sync)
## bsg_mem_1rw_sync: instantiating width_p=          8, els_p=        512 (TOP.testbench.wrapper.processor.m.multicore.cc.y[0].x[0].tile_node.tile.core.core_lite.core_minimal.be.calculator.pipe_mem.dcache.d[6].data_mem.synth.nz.bk[7].mem_1rw_sync)
## bsg_mem_1rw_sync_mask_write_byte: instantiating data_width_p=         64, els_p=        512 (TOP.testbench.wrapper.processor.m.multicore.cc.y[0].x[0].tile_node.tile.core.core_lite.core_minimal.be.calculator.pipe_mem.dcache.d[7].data_mem)
## bsg_mem_1rw_sync: instantiating width_p=          8, els_p=        512 (TOP.testbench.wrapper.processor.m.multicore.cc.y[0].x[0].tile_node.tile.core.core_lite.core_minimal.be.calculator.pipe_mem.dcache.d[7].data_mem.synth.nz.bk[0].mem_1rw_sync)
## bsg_mem_1rw_sync: instantiating width_p=          8, els_p=        512 (TOP.testbench.wrapper.processor.m.multicore.cc.y[0].x[0].tile_node.tile.core.core_lite.core_minimal.be.calculator.pipe_mem.dcache.d[7].data_mem.synth.nz.bk[1].mem_1rw_sync)
## bsg_mem_1rw_sync: instantiating width_p=          8, els_p=        512 (TOP.testbench.wrapper.processor.m.multicore.cc.y[0].x[0].tile_node.tile.core.core_lite.core_minimal.be.calculator.pipe_mem.dcache.d[7].data_mem.synth.nz.bk[2].mem_1rw_sync)
## bsg_mem_1rw_sync: instantiating width_p=          8, els_p=        512 (TOP.testbench.wrapper.processor.m.multicore.cc.y[0].x[0].tile_node.tile.core.core_lite.core_minimal.be.calculator.pipe_mem.dcache.d[7].data_mem.synth.nz.bk[3].mem_1rw_sync)
## bsg_mem_1rw_sync: instantiating width_p=          8, els_p=        512 (TOP.testbench.wrapper.processor.m.multicore.cc.y[0].x[0].tile_node.tile.core.core_lite.core_minimal.be.calculator.pipe_mem.dcache.d[7].data_mem.synth.nz.bk[4].mem_1rw_sync)
## bsg_mem_1rw_sync: instantiating width_p=          8, els_p=        512 (TOP.testbench.wrapper.processor.m.multicore.cc.y[0].x[0].tile_node.tile.core.core_lite.core_minimal.be.calculator.pipe_mem.dcache.d[7].data_mem.synth.nz.bk[5].mem_1rw_sync)
## bsg_mem_1rw_sync: instantiating width_p=          8, els_p=        512 (TOP.testbench.wrapper.processor.m.multicore.cc.y[0].x[0].tile_node.tile.core.core_lite.core_minimal.be.calculator.pipe_mem.dcache.d[7].data_mem.synth.nz.bk[6].mem_1rw_sync)
## bsg_mem_1rw_sync: instantiating width_p=          8, els_p=        512 (TOP.testbench.wrapper.processor.m.multicore.cc.y[0].x[0].tile_node.tile.core.core_lite.core_minimal.be.calculator.pipe_mem.dcache.d[7].data_mem.synth.nz.bk[7].mem_1rw_sync)
## bsg_mem_1rw_sync_mask_write_byte: instantiating data_width_p=         64, els_p=        512 (TOP.testbench.wrapper.processor.m.multicore.cc.y[0].x[1].tile_node.tile.core.core_lite.core_minimal.be.calculator.pipe_mem.dcache.d[0].data_mem)
## bsg_mem_1rw_sync: instantiating width_p=          8, els_p=        512 (TOP.testbench.wrapper.processor.m.multicore.cc.y[0].x[1].tile_node.tile.core.core_lite.core_minimal.be.calculator.pipe_mem.dcache.d[0].data_mem.synth.nz.bk[0].mem_1rw_sync)
## bsg_mem_1rw_sync: instantiating width_p=          8, els_p=        512 (TOP.testbench.wrapper.processor.m.multicore.cc.y[0].x[1].tile_node.tile.core.core_lite.core_minimal.be.calculator.pipe_mem.dcache.d[0].data_mem.synth.nz.bk[1].mem_1rw_sync)
## bsg_mem_1rw_sync: instantiating width_p=          8, els_p=        512 (TOP.testbench.wrapper.processor.m.multicore.cc.y[0].x[1].tile_node.tile.core.core_lite.core_minimal.be.calculator.pipe_mem.dcache.d[0].data_mem.synth.nz.bk[2].mem_1rw_sync)
## bsg_mem_1rw_sync: instantiating width_p=          8, els_p=        512 (TOP.testbench.wrapper.processor.m.multicore.cc.y[0].x[1].tile_node.tile.core.core_lite.core_minimal.be.calculator.pipe_mem.dcache.d[0].data_mem.synth.nz.bk[3].mem_1rw_sync)
## bsg_mem_1rw_sync: instantiating width_p=          8, els_p=        512 (TOP.testbench.wrapper.processor.m.multicore.cc.y[0].x[1].tile_node.tile.core.core_lite.core_minimal.be.calculator.pipe_mem.dcache.d[0].data_mem.synth.nz.bk[4].mem_1rw_sync)
## bsg_mem_1rw_sync: instantiating width_p=          8, els_p=        512 (TOP.testbench.wrapper.processor.m.multicore.cc.y[0].x[1].tile_node.tile.core.core_lite.core_minimal.be.calculator.pipe_mem.dcache.d[0].data_mem.synth.nz.bk[5].mem_1rw_sync)
## bsg_mem_1rw_sync: instantiating width_p=          8, els_p=        512 (TOP.testbench.wrapper.processor.m.multicore.cc.y[0].x[1].tile_node.tile.core.core_lite.core_minimal.be.calculator.pipe_mem.dcache.d[0].data_mem.synth.nz.bk[6].mem_1rw_sync)
## bsg_mem_1rw_sync: instantiating width_p=          8, els_p=        512 (TOP.testbench.wrapper.processor.m.multicore.cc.y[0].x[1].tile_node.tile.core.core_lite.core_minimal.be.calculator.pipe_mem.dcache.d[0].data_mem.synth.nz.bk[7].mem_1rw_sync)
## bsg_mem_1rw_sync_mask_write_byte: instantiating data_width_p=         64, els_p=        512 (TOP.testbench.wrapper.processor.m.multicore.cc.y[0].x[1].tile_node.tile.core.core_lite.core_minimal.be.calculator.pipe_mem.dcache.d[1].data_mem)
## bsg_mem_1rw_sync: instantiating width_p=          8, els_p=        512 (TOP.testbench.wrapper.processor.m.multicore.cc.y[0].x[1].tile_node.tile.core.core_lite.core_minimal.be.calculator.pipe_mem.dcache.d[1].data_mem.synth.nz.bk[0].mem_1rw_sync)
## bsg_mem_1rw_sync: instantiating width_p=          8, els_p=        512 (TOP.testbench.wrapper.processor.m.multicore.cc.y[0].x[1].tile_node.tile.core.core_lite.core_minimal.be.calculator.pipe_mem.dcache.d[1].data_mem.synth.nz.bk[1].mem_1rw_sync)
## bsg_mem_1rw_sync: instantiating width_p=          8, els_p=        512 (TOP.testbench.wrapper.processor.m.multicore.cc.y[0].x[1].tile_node.tile.core.core_lite.core_minimal.be.calculator.pipe_mem.dcache.d[1].data_mem.synth.nz.bk[2].mem_1rw_sync)
## bsg_mem_1rw_sync: instantiating width_p=          8, els_p=        512 (TOP.testbench.wrapper.processor.m.multicore.cc.y[0].x[1].tile_node.tile.core.core_lite.core_minimal.be.calculator.pipe_mem.dcache.d[1].data_mem.synth.nz.bk[3].mem_1rw_sync)
## bsg_mem_1rw_sync: instantiating width_p=          8, els_p=        512 (TOP.testbench.wrapper.processor.m.multicore.cc.y[0].x[1].tile_node.tile.core.core_lite.core_minimal.be.calculator.pipe_mem.dcache.d[1].data_mem.synth.nz.bk[4].mem_1rw_sync)
## bsg_mem_1rw_sync: instantiating width_p=          8, els_p=        512 (TOP.testbench.wrapper.processor.m.multicore.cc.y[0].x[1].tile_node.tile.core.core_lite.core_minimal.be.calculator.pipe_mem.dcache.d[1].data_mem.synth.nz.bk[5].mem_1rw_sync)
## bsg_mem_1rw_sync: instantiating width_p=          8, els_p=        512 (TOP.testbench.wrapper.processor.m.multicore.cc.y[0].x[1].tile_node.tile.core.core_lite.core_minimal.be.calculator.pipe_mem.dcache.d[1].data_mem.synth.nz.bk[6].mem_1rw_sync)
## bsg_mem_1rw_sync: instantiating width_p=          8, els_p=        512 (TOP.testbench.wrapper.processor.m.multicore.cc.y[0].x[1].tile_node.tile.core.core_lite.core_minimal.be.calculator.pipe_mem.dcache.d[1].data_mem.synth.nz.bk[7].mem_1rw_sync)
## bsg_mem_1rw_sync_mask_write_byte: instantiating data_width_p=         64, els_p=        512 (TOP.testbench.wrapper.processor.m.multicore.cc.y[0].x[1].tile_node.tile.core.core_lite.core_minimal.be.calculator.pipe_mem.dcache.d[2].data_mem)
## bsg_mem_1rw_sync: instantiating width_p=          8, els_p=        512 (TOP.testbench.wrapper.processor.m.multicore.cc.y[0].x[1].tile_node.tile.core.core_lite.core_minimal.be.calculator.pipe_mem.dcache.d[2].data_mem.synth.nz.bk[0].mem_1rw_sync)
## bsg_mem_1rw_sync: instantiating width_p=          8, els_p=        512 (TOP.testbench.wrapper.processor.m.multicore.cc.y[0].x[1].tile_node.tile.core.core_lite.core_minimal.be.calculator.pipe_mem.dcache.d[2].data_mem.synth.nz.bk[1].mem_1rw_sync)
## bsg_mem_1rw_sync: instantiating width_p=          8, els_p=        512 (TOP.testbench.wrapper.processor.m.multicore.cc.y[0].x[1].tile_node.tile.core.core_lite.core_minimal.be.calculator.pipe_mem.dcache.d[2].data_mem.synth.nz.bk[2].mem_1rw_sync)
## bsg_mem_1rw_sync: instantiating width_p=          8, els_p=        512 (TOP.testbench.wrapper.processor.m.multicore.cc.y[0].x[1].tile_node.tile.core.core_lite.core_minimal.be.calculator.pipe_mem.dcache.d[2].data_mem.synth.nz.bk[3].mem_1rw_sync)
## bsg_mem_1rw_sync: instantiating width_p=          8, els_p=        512 (TOP.testbench.wrapper.processor.m.multicore.cc.y[0].x[1].tile_node.tile.core.core_lite.core_minimal.be.calculator.pipe_mem.dcache.d[2].data_mem.synth.nz.bk[4].mem_1rw_sync)
## bsg_mem_1rw_sync: instantiating width_p=          8, els_p=        512 (TOP.testbench.wrapper.processor.m.multicore.cc.y[0].x[1].tile_node.tile.core.core_lite.core_minimal.be.calculator.pipe_mem.dcache.d[2].data_mem.synth.nz.bk[5].mem_1rw_sync)
## bsg_mem_1rw_sync: instantiating width_p=          8, els_p=        512 (TOP.testbench.wrapper.processor.m.multicore.cc.y[0].x[1].tile_node.tile.core.core_lite.core_minimal.be.calculator.pipe_mem.dcache.d[2].data_mem.synth.nz.bk[6].mem_1rw_sync)
## bsg_mem_1rw_sync: instantiating width_p=          8, els_p=        512 (TOP.testbench.wrapper.processor.m.multicore.cc.y[0].x[1].tile_node.tile.core.core_lite.core_minimal.be.calculator.pipe_mem.dcache.d[2].data_mem.synth.nz.bk[7].mem_1rw_sync)
## bsg_mem_1rw_sync_mask_write_byte: instantiating data_width_p=         64, els_p=        512 (TOP.testbench.wrapper.processor.m.multicore.cc.y[0].x[1].tile_node.tile.core.core_lite.core_minimal.be.calculator.pipe_mem.dcache.d[3].data_mem)
## bsg_mem_1rw_sync: instantiating width_p=          8, els_p=        512 (TOP.testbench.wrapper.processor.m.multicore.cc.y[0].x[1].tile_node.tile.core.core_lite.core_minimal.be.calculator.pipe_mem.dcache.d[3].data_mem.synth.nz.bk[0].mem_1rw_sync)
## bsg_mem_1rw_sync: instantiating width_p=          8, els_p=        512 (TOP.testbench.wrapper.processor.m.multicore.cc.y[0].x[1].tile_node.tile.core.core_lite.core_minimal.be.calculator.pipe_mem.dcache.d[3].data_mem.synth.nz.bk[1].mem_1rw_sync)
## bsg_mem_1rw_sync: instantiating width_p=          8, els_p=        512 (TOP.testbench.wrapper.processor.m.multicore.cc.y[0].x[1].tile_node.tile.core.core_lite.core_minimal.be.calculator.pipe_mem.dcache.d[3].data_mem.synth.nz.bk[2].mem_1rw_sync)
## bsg_mem_1rw_sync: instantiating width_p=          8, els_p=        512 (TOP.testbench.wrapper.processor.m.multicore.cc.y[0].x[1].tile_node.tile.core.core_lite.core_minimal.be.calculator.pipe_mem.dcache.d[3].data_mem.synth.nz.bk[3].mem_1rw_sync)
## bsg_mem_1rw_sync: instantiating width_p=          8, els_p=        512 (TOP.testbench.wrapper.processor.m.multicore.cc.y[0].x[1].tile_node.tile.core.core_lite.core_minimal.be.calculator.pipe_mem.dcache.d[3].data_mem.synth.nz.bk[4].mem_1rw_sync)
## bsg_mem_1rw_sync: instantiating width_p=          8, els_p=        512 (TOP.testbench.wrapper.processor.m.multicore.cc.y[0].x[1].tile_node.tile.core.core_lite.core_minimal.be.calculator.pipe_mem.dcache.d[3].data_mem.synth.nz.bk[5].mem_1rw_sync)
## bsg_mem_1rw_sync: instantiating width_p=          8, els_p=        512 (TOP.testbench.wrapper.processor.m.multicore.cc.y[0].x[1].tile_node.tile.core.core_lite.core_minimal.be.calculator.pipe_mem.dcache.d[3].data_mem.synth.nz.bk[6].mem_1rw_sync)
## bsg_mem_1rw_sync: instantiating width_p=          8, els_p=        512 (TOP.testbench.wrapper.processor.m.multicore.cc.y[0].x[1].tile_node.tile.core.core_lite.core_minimal.be.calculator.pipe_mem.dcache.d[3].data_mem.synth.nz.bk[7].mem_1rw_sync)
## bsg_mem_1rw_sync_mask_write_byte: instantiating data_width_p=         64, els_p=        512 (TOP.testbench.wrapper.processor.m.multicore.cc.y[0].x[1].tile_node.tile.core.core_lite.core_minimal.be.calculator.pipe_mem.dcache.d[4].data_mem)
## bsg_mem_1rw_sync: instantiating width_p=          8, els_p=        512 (TOP.testbench.wrapper.processor.m.multicore.cc.y[0].x[1].tile_node.tile.core.core_lite.core_minimal.be.calculator.pipe_mem.dcache.d[4].data_mem.synth.nz.bk[0].mem_1rw_sync)
## bsg_mem_1rw_sync: instantiating width_p=          8, els_p=        512 (TOP.testbench.wrapper.processor.m.multicore.cc.y[0].x[1].tile_node.tile.core.core_lite.core_minimal.be.calculator.pipe_mem.dcache.d[4].data_mem.synth.nz.bk[1].mem_1rw_sync)
## bsg_mem_1rw_sync: instantiating width_p=          8, els_p=        512 (TOP.testbench.wrapper.processor.m.multicore.cc.y[0].x[1].tile_node.tile.core.core_lite.core_minimal.be.calculator.pipe_mem.dcache.d[4].data_mem.synth.nz.bk[2].mem_1rw_sync)
## bsg_mem_1rw_sync: instantiating width_p=          8, els_p=        512 (TOP.testbench.wrapper.processor.m.multicore.cc.y[0].x[1].tile_node.tile.core.core_lite.core_minimal.be.calculator.pipe_mem.dcache.d[4].data_mem.synth.nz.bk[3].mem_1rw_sync)
## bsg_mem_1rw_sync: instantiating width_p=          8, els_p=        512 (TOP.testbench.wrapper.processor.m.multicore.cc.y[0].x[1].tile_node.tile.core.core_lite.core_minimal.be.calculator.pipe_mem.dcache.d[4].data_mem.synth.nz.bk[4].mem_1rw_sync)
## bsg_mem_1rw_sync: instantiating width_p=          8, els_p=        512 (TOP.testbench.wrapper.processor.m.multicore.cc.y[0].x[1].tile_node.tile.core.core_lite.core_minimal.be.calculator.pipe_mem.dcache.d[4].data_mem.synth.nz.bk[5].mem_1rw_sync)
## bsg_mem_1rw_sync: instantiating width_p=          8, els_p=        512 (TOP.testbench.wrapper.processor.m.multicore.cc.y[0].x[1].tile_node.tile.core.core_lite.core_minimal.be.calculator.pipe_mem.dcache.d[4].data_mem.synth.nz.bk[6].mem_1rw_sync)
## bsg_mem_1rw_sync: instantiating width_p=          8, els_p=        512 (TOP.testbench.wrapper.processor.m.multicore.cc.y[0].x[1].tile_node.tile.core.core_lite.core_minimal.be.calculator.pipe_mem.dcache.d[4].data_mem.synth.nz.bk[7].mem_1rw_sync)
## bsg_mem_1rw_sync_mask_write_byte: instantiating data_width_p=         64, els_p=        512 (TOP.testbench.wrapper.processor.m.multicore.cc.y[0].x[1].tile_node.tile.core.core_lite.core_minimal.be.calculator.pipe_mem.dcache.d[5].data_mem)
## bsg_mem_1rw_sync: instantiating width_p=          8, els_p=        512 (TOP.testbench.wrapper.processor.m.multicore.cc.y[0].x[1].tile_node.tile.core.core_lite.core_minimal.be.calculator.pipe_mem.dcache.d[5].data_mem.synth.nz.bk[0].mem_1rw_sync)
## bsg_mem_1rw_sync: instantiating width_p=          8, els_p=        512 (TOP.testbench.wrapper.processor.m.multicore.cc.y[0].x[1].tile_node.tile.core.core_lite.core_minimal.be.calculator.pipe_mem.dcache.d[5].data_mem.synth.nz.bk[1].mem_1rw_sync)
## bsg_mem_1rw_sync: instantiating width_p=          8, els_p=        512 (TOP.testbench.wrapper.processor.m.multicore.cc.y[0].x[1].tile_node.tile.core.core_lite.core_minimal.be.calculator.pipe_mem.dcache.d[5].data_mem.synth.nz.bk[2].mem_1rw_sync)
## bsg_mem_1rw_sync: instantiating width_p=          8, els_p=        512 (TOP.testbench.wrapper.processor.m.multicore.cc.y[0].x[1].tile_node.tile.core.core_lite.core_minimal.be.calculator.pipe_mem.dcache.d[5].data_mem.synth.nz.bk[3].mem_1rw_sync)
## bsg_mem_1rw_sync: instantiating width_p=          8, els_p=        512 (TOP.testbench.wrapper.processor.m.multicore.cc.y[0].x[1].tile_node.tile.core.core_lite.core_minimal.be.calculator.pipe_mem.dcache.d[5].data_mem.synth.nz.bk[4].mem_1rw_sync)
## bsg_mem_1rw_sync: instantiating width_p=          8, els_p=        512 (TOP.testbench.wrapper.processor.m.multicore.cc.y[0].x[1].tile_node.tile.core.core_lite.core_minimal.be.calculator.pipe_mem.dcache.d[5].data_mem.synth.nz.bk[5].mem_1rw_sync)
## bsg_mem_1rw_sync: instantiating width_p=          8, els_p=        512 (TOP.testbench.wrapper.processor.m.multicore.cc.y[0].x[1].tile_node.tile.core.core_lite.core_minimal.be.calculator.pipe_mem.dcache.d[5].data_mem.synth.nz.bk[6].mem_1rw_sync)
## bsg_mem_1rw_sync: instantiating width_p=          8, els_p=        512 (TOP.testbench.wrapper.processor.m.multicore.cc.y[0].x[1].tile_node.tile.core.core_lite.core_minimal.be.calculator.pipe_mem.dcache.d[5].data_mem.synth.nz.bk[7].mem_1rw_sync)
## bsg_mem_1rw_sync_mask_write_byte: instantiating data_width_p=         64, els_p=        512 (TOP.testbench.wrapper.processor.m.multicore.cc.y[0].x[1].tile_node.tile.core.core_lite.core_minimal.be.calculator.pipe_mem.dcache.d[6].data_mem)
## bsg_mem_1rw_sync: instantiating width_p=          8, els_p=        512 (TOP.testbench.wrapper.processor.m.multicore.cc.y[0].x[1].tile_node.tile.core.core_lite.core_minimal.be.calculator.pipe_mem.dcache.d[6].data_mem.synth.nz.bk[0].mem_1rw_sync)
## bsg_mem_1rw_sync: instantiating width_p=          8, els_p=        512 (TOP.testbench.wrapper.processor.m.multicore.cc.y[0].x[1].tile_node.tile.core.core_lite.core_minimal.be.calculator.pipe_mem.dcache.d[6].data_mem.synth.nz.bk[1].mem_1rw_sync)
## bsg_mem_1rw_sync: instantiating width_p=          8, els_p=        512 (TOP.testbench.wrapper.processor.m.multicore.cc.y[0].x[1].tile_node.tile.core.core_lite.core_minimal.be.calculator.pipe_mem.dcache.d[6].data_mem.synth.nz.bk[2].mem_1rw_sync)
## bsg_mem_1rw_sync: instantiating width_p=          8, els_p=        512 (TOP.testbench.wrapper.processor.m.multicore.cc.y[0].x[1].tile_node.tile.core.core_lite.core_minimal.be.calculator.pipe_mem.dcache.d[6].data_mem.synth.nz.bk[3].mem_1rw_sync)
## bsg_mem_1rw_sync: instantiating width_p=          8, els_p=        512 (TOP.testbench.wrapper.processor.m.multicore.cc.y[0].x[1].tile_node.tile.core.core_lite.core_minimal.be.calculator.pipe_mem.dcache.d[6].data_mem.synth.nz.bk[4].mem_1rw_sync)
## bsg_mem_1rw_sync: instantiating width_p=          8, els_p=        512 (TOP.testbench.wrapper.processor.m.multicore.cc.y[0].x[1].tile_node.tile.core.core_lite.core_minimal.be.calculator.pipe_mem.dcache.d[6].data_mem.synth.nz.bk[5].mem_1rw_sync)
## bsg_mem_1rw_sync: instantiating width_p=          8, els_p=        512 (TOP.testbench.wrapper.processor.m.multicore.cc.y[0].x[1].tile_node.tile.core.core_lite.core_minimal.be.calculator.pipe_mem.dcache.d[6].data_mem.synth.nz.bk[6].mem_1rw_sync)
## bsg_mem_1rw_sync: instantiating width_p=          8, els_p=        512 (TOP.testbench.wrapper.processor.m.multicore.cc.y[0].x[1].tile_node.tile.core.core_lite.core_minimal.be.calculator.pipe_mem.dcache.d[6].data_mem.synth.nz.bk[7].mem_1rw_sync)
## bsg_mem_1rw_sync_mask_write_byte: instantiating data_width_p=         64, els_p=        512 (TOP.testbench.wrapper.processor.m.multicore.cc.y[0].x[1].tile_node.tile.core.core_lite.core_minimal.be.calculator.pipe_mem.dcache.d[7].data_mem)
## bsg_mem_1rw_sync: instantiating width_p=          8, els_p=        512 (TOP.testbench.wrapper.processor.m.multicore.cc.y[0].x[1].tile_node.tile.core.core_lite.core_minimal.be.calculator.pipe_mem.dcache.d[7].data_mem.synth.nz.bk[0].mem_1rw_sync)
## bsg_mem_1rw_sync: instantiating width_p=          8, els_p=        512 (TOP.testbench.wrapper.processor.m.multicore.cc.y[0].x[1].tile_node.tile.core.core_lite.core_minimal.be.calculator.pipe_mem.dcache.d[7].data_mem.synth.nz.bk[1].mem_1rw_sync)
## bsg_mem_1rw_sync: instantiating width_p=          8, els_p=        512 (TOP.testbench.wrapper.processor.m.multicore.cc.y[0].x[1].tile_node.tile.core.core_lite.core_minimal.be.calculator.pipe_mem.dcache.d[7].data_mem.synth.nz.bk[2].mem_1rw_sync)
## bsg_mem_1rw_sync: instantiating width_p=          8, els_p=        512 (TOP.testbench.wrapper.processor.m.multicore.cc.y[0].x[1].tile_node.tile.core.core_lite.core_minimal.be.calculator.pipe_mem.dcache.d[7].data_mem.synth.nz.bk[3].mem_1rw_sync)
## bsg_mem_1rw_sync: instantiating width_p=          8, els_p=        512 (TOP.testbench.wrapper.processor.m.multicore.cc.y[0].x[1].tile_node.tile.core.core_lite.core_minimal.be.calculator.pipe_mem.dcache.d[7].data_mem.synth.nz.bk[4].mem_1rw_sync)
## bsg_mem_1rw_sync: instantiating width_p=          8, els_p=        512 (TOP.testbench.wrapper.processor.m.multicore.cc.y[0].x[1].tile_node.tile.core.core_lite.core_minimal.be.calculator.pipe_mem.dcache.d[7].data_mem.synth.nz.bk[5].mem_1rw_sync)
## bsg_mem_1rw_sync: instantiating width_p=          8, els_p=        512 (TOP.testbench.wrapper.processor.m.multicore.cc.y[0].x[1].tile_node.tile.core.core_lite.core_minimal.be.calculator.pipe_mem.dcache.d[7].data_mem.synth.nz.bk[6].mem_1rw_sync)
## bsg_mem_1rw_sync: instantiating width_p=          8, els_p=        512 (TOP.testbench.wrapper.processor.m.multicore.cc.y[0].x[1].tile_node.tile.core.core_lite.core_minimal.be.calculator.pipe_mem.dcache.d[7].data_mem.synth.nz.bk[7].mem_1rw_sync)
## bsg_mem_1rw_sync: instantiating width_p=          8, els_p=       1024 (TOP.testbench.wrapper.processor.m.multicore.cc.y[0].x[0].tile_node.tile.core.slices[0].l2s.bank[0].cache.data_mem.synth.nz.bk[0].mem_1rw_sync)
## bsg_mem_1rw_sync: instantiating width_p=          8, els_p=       1024 (TOP.testbench.wrapper.processor.m.multicore.cc.y[0].x[0].tile_node.tile.core.slices[0].l2s.bank[0].cache.data_mem.synth.nz.bk[1].mem_1rw_sync)
## bsg_mem_1rw_sync: instantiating width_p=          8, els_p=       1024 (TOP.testbench.wrapper.processor.m.multicore.cc.y[0].x[0].tile_node.tile.core.slices[0].l2s.bank[0].cache.data_mem.synth.nz.bk[2].mem_1rw_sync)
## bsg_mem_1rw_sync: instantiating width_p=          8, els_p=       1024 (TOP.testbench.wrapper.processor.m.multicore.cc.y[0].x[0].tile_node.tile.core.slices[0].l2s.bank[0].cache.data_mem.synth.nz.bk[3].mem_1rw_sync)
## bsg_mem_1rw_sync: instantiating width_p=          8, els_p=       1024 (TOP.testbench.wrapper.processor.m.multicore.cc.y[0].x[0].tile_node.tile.core.slices[0].l2s.bank[0].cache.data_mem.synth.nz.bk[4].mem_1rw_sync)
## bsg_mem_1rw_sync: instantiating width_p=          8, els_p=       1024 (TOP.testbench.wrapper.processor.m.multicore.cc.y[0].x[0].tile_node.tile.core.slices[0].l2s.bank[0].cache.data_mem.synth.nz.bk[5].mem_1rw_sync)
## bsg_mem_1rw_sync: instantiating width_p=          8, els_p=       1024 (TOP.testbench.wrapper.processor.m.multicore.cc.y[0].x[0].tile_node.tile.core.slices[0].l2s.bank[0].cache.data_mem.synth.nz.bk[6].mem_1rw_sync)
## bsg_mem_1rw_sync: instantiating width_p=          8, els_p=       1024 (TOP.testbench.wrapper.processor.m.multicore.cc.y[0].x[0].tile_node.tile.core.slices[0].l2s.bank[0].cache.data_mem.synth.nz.bk[7].mem_1rw_sync)
## bsg_mem_1rw_sync: instantiating width_p=          8, els_p=       1024 (TOP.testbench.wrapper.processor.m.multicore.cc.y[0].x[0].tile_node.tile.core.slices[0].l2s.bank[0].cache.data_mem.synth.nz.bk[8].mem_1rw_sync)
## bsg_mem_1rw_sync: instantiating width_p=          8, els_p=       1024 (TOP.testbench.wrapper.processor.m.multicore.cc.y[0].x[0].tile_node.tile.core.slices[0].l2s.bank[0].cache.data_mem.synth.nz.bk[9].mem_1rw_sync)
## bsg_mem_1rw_sync: instantiating width_p=          8, els_p=       1024 (TOP.testbench.wrapper.processor.m.multicore.cc.y[0].x[0].tile_node.tile.core.slices[0].l2s.bank[0].cache.data_mem.synth.nz.bk[10].mem_1rw_sync)
## bsg_mem_1rw_sync: instantiating width_p=          8, els_p=       1024 (TOP.testbench.wrapper.processor.m.multicore.cc.y[0].x[0].tile_node.tile.core.slices[0].l2s.bank[0].cache.data_mem.synth.nz.bk[11].mem_1rw_sync)
## bsg_mem_1rw_sync: instantiating width_p=          8, els_p=       1024 (TOP.testbench.wrapper.processor.m.multicore.cc.y[0].x[0].tile_node.tile.core.slices[0].l2s.bank[0].cache.data_mem.synth.nz.bk[12].mem_1rw_sync)
## bsg_mem_1rw_sync: instantiating width_p=          8, els_p=       1024 (TOP.testbench.wrapper.processor.m.multicore.cc.y[0].x[0].tile_node.tile.core.slices[0].l2s.bank[0].cache.data_mem.synth.nz.bk[13].mem_1rw_sync)
## bsg_mem_1rw_sync: instantiating width_p=          8, els_p=       1024 (TOP.testbench.wrapper.processor.m.multicore.cc.y[0].x[0].tile_node.tile.core.slices[0].l2s.bank[0].cache.data_mem.synth.nz.bk[14].mem_1rw_sync)
## bsg_mem_1rw_sync: instantiating width_p=          8, els_p=       1024 (TOP.testbench.wrapper.processor.m.multicore.cc.y[0].x[0].tile_node.tile.core.slices[0].l2s.bank[0].cache.data_mem.synth.nz.bk[15].mem_1rw_sync)
## bsg_mem_1rw_sync: instantiating width_p=          8, els_p=       1024 (TOP.testbench.wrapper.processor.m.multicore.cc.y[0].x[0].tile_node.tile.core.slices[0].l2s.bank[0].cache.data_mem.synth.nz.bk[16].mem_1rw_sync)
## bsg_mem_1rw_sync: instantiating width_p=          8, els_p=       1024 (TOP.testbench.wrapper.processor.m.multicore.cc.y[0].x[0].tile_node.tile.core.slices[0].l2s.bank[0].cache.data_mem.synth.nz.bk[17].mem_1rw_sync)
## bsg_mem_1rw_sync: instantiating width_p=          8, els_p=       1024 (TOP.testbench.wrapper.processor.m.multicore.cc.y[0].x[0].tile_node.tile.core.slices[0].l2s.bank[0].cache.data_mem.synth.nz.bk[18].mem_1rw_sync)
## bsg_mem_1rw_sync: instantiating width_p=          8, els_p=       1024 (TOP.testbench.wrapper.processor.m.multicore.cc.y[0].x[0].tile_node.tile.core.slices[0].l2s.bank[0].cache.data_mem.synth.nz.bk[19].mem_1rw_sync)
## bsg_mem_1rw_sync: instantiating width_p=          8, els_p=       1024 (TOP.testbench.wrapper.processor.m.multicore.cc.y[0].x[0].tile_node.tile.core.slices[0].l2s.bank[0].cache.data_mem.synth.nz.bk[20].mem_1rw_sync)
## bsg_mem_1rw_sync: instantiating width_p=          8, els_p=       1024 (TOP.testbench.wrapper.processor.m.multicore.cc.y[0].x[0].tile_node.tile.core.slices[0].l2s.bank[0].cache.data_mem.synth.nz.bk[21].mem_1rw_sync)
## bsg_mem_1rw_sync: instantiating width_p=          8, els_p=       1024 (TOP.testbench.wrapper.processor.m.multicore.cc.y[0].x[0].tile_node.tile.core.slices[0].l2s.bank[0].cache.data_mem.synth.nz.bk[22].mem_1rw_sync)
## bsg_mem_1rw_sync: instantiating width_p=          8, els_p=       1024 (TOP.testbench.wrapper.processor.m.multicore.cc.y[0].x[0].tile_node.tile.core.slices[0].l2s.bank[0].cache.data_mem.synth.nz.bk[23].mem_1rw_sync)
## bsg_mem_1rw_sync: instantiating width_p=          8, els_p=       1024 (TOP.testbench.wrapper.processor.m.multicore.cc.y[0].x[0].tile_node.tile.core.slices[0].l2s.bank[0].cache.data_mem.synth.nz.bk[24].mem_1rw_sync)
## bsg_mem_1rw_sync: instantiating width_p=          8, els_p=       1024 (TOP.testbench.wrapper.processor.m.multicore.cc.y[0].x[0].tile_node.tile.core.slices[0].l2s.bank[0].cache.data_mem.synth.nz.bk[25].mem_1rw_sync)
## bsg_mem_1rw_sync: instantiating width_p=          8, els_p=       1024 (TOP.testbench.wrapper.processor.m.multicore.cc.y[0].x[0].tile_node.tile.core.slices[0].l2s.bank[0].cache.data_mem.synth.nz.bk[26].mem_1rw_sync)
## bsg_mem_1rw_sync: instantiating width_p=          8, els_p=       1024 (TOP.testbench.wrapper.processor.m.multicore.cc.y[0].x[0].tile_node.tile.core.slices[0].l2s.bank[0].cache.data_mem.synth.nz.bk[27].mem_1rw_sync)
## bsg_mem_1rw_sync: instantiating width_p=          8, els_p=       1024 (TOP.testbench.wrapper.processor.m.multicore.cc.y[0].x[0].tile_node.tile.core.slices[0].l2s.bank[0].cache.data_mem.synth.nz.bk[28].mem_1rw_sync)
## bsg_mem_1rw_sync: instantiating width_p=          8, els_p=       1024 (TOP.testbench.wrapper.processor.m.multicore.cc.y[0].x[0].tile_node.tile.core.slices[0].l2s.bank[0].cache.data_mem.synth.nz.bk[29].mem_1rw_sync)
## bsg_mem_1rw_sync: instantiating width_p=          8, els_p=       1024 (TOP.testbench.wrapper.processor.m.multicore.cc.y[0].x[0].tile_node.tile.core.slices[0].l2s.bank[0].cache.data_mem.synth.nz.bk[30].mem_1rw_sync)
## bsg_mem_1rw_sync: instantiating width_p=          8, els_p=       1024 (TOP.testbench.wrapper.processor.m.multicore.cc.y[0].x[0].tile_node.tile.core.slices[0].l2s.bank[0].cache.data_mem.synth.nz.bk[31].mem_1rw_sync)
## bsg_mem_1rw_sync: instantiating width_p=          8, els_p=       1024 (TOP.testbench.wrapper.processor.m.multicore.cc.y[0].x[0].tile_node.tile.core.slices[0].l2s.bank[0].cache.data_mem.synth.nz.bk[32].mem_1rw_sync)
## bsg_mem_1rw_sync: instantiating width_p=          8, els_p=       1024 (TOP.testbench.wrapper.processor.m.multicore.cc.y[0].x[0].tile_node.tile.core.slices[0].l2s.bank[0].cache.data_mem.synth.nz.bk[33].mem_1rw_sync)
## bsg_mem_1rw_sync: instantiating width_p=          8, els_p=       1024 (TOP.testbench.wrapper.processor.m.multicore.cc.y[0].x[0].tile_node.tile.core.slices[0].l2s.bank[0].cache.data_mem.synth.nz.bk[34].mem_1rw_sync)
## bsg_mem_1rw_sync: instantiating width_p=          8, els_p=       1024 (TOP.testbench.wrapper.processor.m.multicore.cc.y[0].x[0].tile_node.tile.core.slices[0].l2s.bank[0].cache.data_mem.synth.nz.bk[35].mem_1rw_sync)
## bsg_mem_1rw_sync: instantiating width_p=          8, els_p=       1024 (TOP.testbench.wrapper.processor.m.multicore.cc.y[0].x[0].tile_node.tile.core.slices[0].l2s.bank[0].cache.data_mem.synth.nz.bk[36].mem_1rw_sync)
## bsg_mem_1rw_sync: instantiating width_p=          8, els_p=       1024 (TOP.testbench.wrapper.processor.m.multicore.cc.y[0].x[0].tile_node.tile.core.slices[0].l2s.bank[0].cache.data_mem.synth.nz.bk[37].mem_1rw_sync)
## bsg_mem_1rw_sync: instantiating width_p=          8, els_p=       1024 (TOP.testbench.wrapper.processor.m.multicore.cc.y[0].x[0].tile_node.tile.core.slices[0].l2s.bank[0].cache.data_mem.synth.nz.bk[38].mem_1rw_sync)
## bsg_mem_1rw_sync: instantiating width_p=          8, els_p=       1024 (TOP.testbench.wrapper.processor.m.multicore.cc.y[0].x[0].tile_node.tile.core.slices[0].l2s.bank[0].cache.data_mem.synth.nz.bk[39].mem_1rw_sync)
## bsg_mem_1rw_sync: instantiating width_p=          8, els_p=       1024 (TOP.testbench.wrapper.processor.m.multicore.cc.y[0].x[0].tile_node.tile.core.slices[0].l2s.bank[0].cache.data_mem.synth.nz.bk[40].mem_1rw_sync)
## bsg_mem_1rw_sync: instantiating width_p=          8, els_p=       1024 (TOP.testbench.wrapper.processor.m.multicore.cc.y[0].x[0].tile_node.tile.core.slices[0].l2s.bank[0].cache.data_mem.synth.nz.bk[41].mem_1rw_sync)
## bsg_mem_1rw_sync: instantiating width_p=          8, els_p=       1024 (TOP.testbench.wrapper.processor.m.multicore.cc.y[0].x[0].tile_node.tile.core.slices[0].l2s.bank[0].cache.data_mem.synth.nz.bk[42].mem_1rw_sync)
## bsg_mem_1rw_sync: instantiating width_p=          8, els_p=       1024 (TOP.testbench.wrapper.processor.m.multicore.cc.y[0].x[0].tile_node.tile.core.slices[0].l2s.bank[0].cache.data_mem.synth.nz.bk[43].mem_1rw_sync)
## bsg_mem_1rw_sync: instantiating width_p=          8, els_p=       1024 (TOP.testbench.wrapper.processor.m.multicore.cc.y[0].x[0].tile_node.tile.core.slices[0].l2s.bank[0].cache.data_mem.synth.nz.bk[44].mem_1rw_sync)
## bsg_mem_1rw_sync: instantiating width_p=          8, els_p=       1024 (TOP.testbench.wrapper.processor.m.multicore.cc.y[0].x[0].tile_node.tile.core.slices[0].l2s.bank[0].cache.data_mem.synth.nz.bk[45].mem_1rw_sync)
## bsg_mem_1rw_sync: instantiating width_p=          8, els_p=       1024 (TOP.testbench.wrapper.processor.m.multicore.cc.y[0].x[0].tile_node.tile.core.slices[0].l2s.bank[0].cache.data_mem.synth.nz.bk[46].mem_1rw_sync)
## bsg_mem_1rw_sync: instantiating width_p=          8, els_p=       1024 (TOP.testbench.wrapper.processor.m.multicore.cc.y[0].x[0].tile_node.tile.core.slices[0].l2s.bank[0].cache.data_mem.synth.nz.bk[47].mem_1rw_sync)
## bsg_mem_1rw_sync: instantiating width_p=          8, els_p=       1024 (TOP.testbench.wrapper.processor.m.multicore.cc.y[0].x[0].tile_node.tile.core.slices[0].l2s.bank[0].cache.data_mem.synth.nz.bk[48].mem_1rw_sync)
## bsg_mem_1rw_sync: instantiating width_p=          8, els_p=       1024 (TOP.testbench.wrapper.processor.m.multicore.cc.y[0].x[0].tile_node.tile.core.slices[0].l2s.bank[0].cache.data_mem.synth.nz.bk[49].mem_1rw_sync)
## bsg_mem_1rw_sync: instantiating width_p=          8, els_p=       1024 (TOP.testbench.wrapper.processor.m.multicore.cc.y[0].x[0].tile_node.tile.core.slices[0].l2s.bank[0].cache.data_mem.synth.nz.bk[50].mem_1rw_sync)
## bsg_mem_1rw_sync: instantiating width_p=          8, els_p=       1024 (TOP.testbench.wrapper.processor.m.multicore.cc.y[0].x[0].tile_node.tile.core.slices[0].l2s.bank[0].cache.data_mem.synth.nz.bk[51].mem_1rw_sync)
## bsg_mem_1rw_sync: instantiating width_p=          8, els_p=       1024 (TOP.testbench.wrapper.processor.m.multicore.cc.y[0].x[0].tile_node.tile.core.slices[0].l2s.bank[0].cache.data_mem.synth.nz.bk[52].mem_1rw_sync)
## bsg_mem_1rw_sync: instantiating width_p=          8, els_p=       1024 (TOP.testbench.wrapper.processor.m.multicore.cc.y[0].x[0].tile_node.tile.core.slices[0].l2s.bank[0].cache.data_mem.synth.nz.bk[53].mem_1rw_sync)
## bsg_mem_1rw_sync: instantiating width_p=          8, els_p=       1024 (TOP.testbench.wrapper.processor.m.multicore.cc.y[0].x[0].tile_node.tile.core.slices[0].l2s.bank[0].cache.data_mem.synth.nz.bk[54].mem_1rw_sync)
## bsg_mem_1rw_sync: instantiating width_p=          8, els_p=       1024 (TOP.testbench.wrapper.processor.m.multicore.cc.y[0].x[0].tile_node.tile.core.slices[0].l2s.bank[0].cache.data_mem.synth.nz.bk[55].mem_1rw_sync)
## bsg_mem_1rw_sync: instantiating width_p=          8, els_p=       1024 (TOP.testbench.wrapper.processor.m.multicore.cc.y[0].x[0].tile_node.tile.core.slices[0].l2s.bank[0].cache.data_mem.synth.nz.bk[56].mem_1rw_sync)
## bsg_mem_1rw_sync: instantiating width_p=          8, els_p=       1024 (TOP.testbench.wrapper.processor.m.multicore.cc.y[0].x[0].tile_node.tile.core.slices[0].l2s.bank[0].cache.data_mem.synth.nz.bk[57].mem_1rw_sync)
## bsg_mem_1rw_sync: instantiating width_p=          8, els_p=       1024 (TOP.testbench.wrapper.processor.m.multicore.cc.y[0].x[0].tile_node.tile.core.slices[0].l2s.bank[0].cache.data_mem.synth.nz.bk[58].mem_1rw_sync)
## bsg_mem_1rw_sync: instantiating width_p=          8, els_p=       1024 (TOP.testbench.wrapper.processor.m.multicore.cc.y[0].x[0].tile_node.tile.core.slices[0].l2s.bank[0].cache.data_mem.synth.nz.bk[59].mem_1rw_sync)
## bsg_mem_1rw_sync: instantiating width_p=          8, els_p=       1024 (TOP.testbench.wrapper.processor.m.multicore.cc.y[0].x[0].tile_node.tile.core.slices[0].l2s.bank[0].cache.data_mem.synth.nz.bk[60].mem_1rw_sync)
## bsg_mem_1rw_sync: instantiating width_p=          8, els_p=       1024 (TOP.testbench.wrapper.processor.m.multicore.cc.y[0].x[0].tile_node.tile.core.slices[0].l2s.bank[0].cache.data_mem.synth.nz.bk[61].mem_1rw_sync)
## bsg_mem_1rw_sync: instantiating width_p=          8, els_p=       1024 (TOP.testbench.wrapper.processor.m.multicore.cc.y[0].x[0].tile_node.tile.core.slices[0].l2s.bank[0].cache.data_mem.synth.nz.bk[62].mem_1rw_sync)
## bsg_mem_1rw_sync: instantiating width_p=          8, els_p=       1024 (TOP.testbench.wrapper.processor.m.multicore.cc.y[0].x[0].tile_node.tile.core.slices[0].l2s.bank[0].cache.data_mem.synth.nz.bk[63].mem_1rw_sync)
## bsg_mem_1rw_sync: instantiating width_p=          8, els_p=       1024 (TOP.testbench.wrapper.processor.m.multicore.cc.y[0].x[0].tile_node.tile.core.slices[1].l2s.bank[0].cache.data_mem.synth.nz.bk[0].mem_1rw_sync)
## bsg_mem_1rw_sync: instantiating width_p=          8, els_p=       1024 (TOP.testbench.wrapper.processor.m.multicore.cc.y[0].x[0].tile_node.tile.core.slices[1].l2s.bank[0].cache.data_mem.synth.nz.bk[1].mem_1rw_sync)
## bsg_mem_1rw_sync: instantiating width_p=          8, els_p=       1024 (TOP.testbench.wrapper.processor.m.multicore.cc.y[0].x[0].tile_node.tile.core.slices[1].l2s.bank[0].cache.data_mem.synth.nz.bk[2].mem_1rw_sync)
## bsg_mem_1rw_sync: instantiating width_p=          8, els_p=       1024 (TOP.testbench.wrapper.processor.m.multicore.cc.y[0].x[0].tile_node.tile.core.slices[1].l2s.bank[0].cache.data_mem.synth.nz.bk[3].mem_1rw_sync)
## bsg_mem_1rw_sync: instantiating width_p=          8, els_p=       1024 (TOP.testbench.wrapper.processor.m.multicore.cc.y[0].x[0].tile_node.tile.core.slices[1].l2s.bank[0].cache.data_mem.synth.nz.bk[4].mem_1rw_sync)
## bsg_mem_1rw_sync: instantiating width_p=          8, els_p=       1024 (TOP.testbench.wrapper.processor.m.multicore.cc.y[0].x[0].tile_node.tile.core.slices[1].l2s.bank[0].cache.data_mem.synth.nz.bk[5].mem_1rw_sync)
## bsg_mem_1rw_sync: instantiating width_p=          8, els_p=       1024 (TOP.testbench.wrapper.processor.m.multicore.cc.y[0].x[0].tile_node.tile.core.slices[1].l2s.bank[0].cache.data_mem.synth.nz.bk[6].mem_1rw_sync)
## bsg_mem_1rw_sync: instantiating width_p=          8, els_p=       1024 (TOP.testbench.wrapper.processor.m.multicore.cc.y[0].x[0].tile_node.tile.core.slices[1].l2s.bank[0].cache.data_mem.synth.nz.bk[7].mem_1rw_sync)
## bsg_mem_1rw_sync: instantiating width_p=          8, els_p=       1024 (TOP.testbench.wrapper.processor.m.multicore.cc.y[0].x[0].tile_node.tile.core.slices[1].l2s.bank[0].cache.data_mem.synth.nz.bk[8].mem_1rw_sync)
## bsg_mem_1rw_sync: instantiating width_p=          8, els_p=       1024 (TOP.testbench.wrapper.processor.m.multicore.cc.y[0].x[0].tile_node.tile.core.slices[1].l2s.bank[0].cache.data_mem.synth.nz.bk[9].mem_1rw_sync)
## bsg_mem_1rw_sync: instantiating width_p=          8, els_p=       1024 (TOP.testbench.wrapper.processor.m.multicore.cc.y[0].x[0].tile_node.tile.core.slices[1].l2s.bank[0].cache.data_mem.synth.nz.bk[10].mem_1rw_sync)
## bsg_mem_1rw_sync: instantiating width_p=          8, els_p=       1024 (TOP.testbench.wrapper.processor.m.multicore.cc.y[0].x[0].tile_node.tile.core.slices[1].l2s.bank[0].cache.data_mem.synth.nz.bk[11].mem_1rw_sync)
## bsg_mem_1rw_sync: instantiating width_p=          8, els_p=       1024 (TOP.testbench.wrapper.processor.m.multicore.cc.y[0].x[0].tile_node.tile.core.slices[1].l2s.bank[0].cache.data_mem.synth.nz.bk[12].mem_1rw_sync)
## bsg_mem_1rw_sync: instantiating width_p=          8, els_p=       1024 (TOP.testbench.wrapper.processor.m.multicore.cc.y[0].x[0].tile_node.tile.core.slices[1].l2s.bank[0].cache.data_mem.synth.nz.bk[13].mem_1rw_sync)
## bsg_mem_1rw_sync: instantiating width_p=          8, els_p=       1024 (TOP.testbench.wrapper.processor.m.multicore.cc.y[0].x[0].tile_node.tile.core.slices[1].l2s.bank[0].cache.data_mem.synth.nz.bk[14].mem_1rw_sync)
## bsg_mem_1rw_sync: instantiating width_p=          8, els_p=       1024 (TOP.testbench.wrapper.processor.m.multicore.cc.y[0].x[0].tile_node.tile.core.slices[1].l2s.bank[0].cache.data_mem.synth.nz.bk[15].mem_1rw_sync)
## bsg_mem_1rw_sync: instantiating width_p=          8, els_p=       1024 (TOP.testbench.wrapper.processor.m.multicore.cc.y[0].x[0].tile_node.tile.core.slices[1].l2s.bank[0].cache.data_mem.synth.nz.bk[16].mem_1rw_sync)
## bsg_mem_1rw_sync: instantiating width_p=          8, els_p=       1024 (TOP.testbench.wrapper.processor.m.multicore.cc.y[0].x[0].tile_node.tile.core.slices[1].l2s.bank[0].cache.data_mem.synth.nz.bk[17].mem_1rw_sync)
## bsg_mem_1rw_sync: instantiating width_p=          8, els_p=       1024 (TOP.testbench.wrapper.processor.m.multicore.cc.y[0].x[0].tile_node.tile.core.slices[1].l2s.bank[0].cache.data_mem.synth.nz.bk[18].mem_1rw_sync)
## bsg_mem_1rw_sync: instantiating width_p=          8, els_p=       1024 (TOP.testbench.wrapper.processor.m.multicore.cc.y[0].x[0].tile_node.tile.core.slices[1].l2s.bank[0].cache.data_mem.synth.nz.bk[19].mem_1rw_sync)
## bsg_mem_1rw_sync: instantiating width_p=          8, els_p=       1024 (TOP.testbench.wrapper.processor.m.multicore.cc.y[0].x[0].tile_node.tile.core.slices[1].l2s.bank[0].cache.data_mem.synth.nz.bk[20].mem_1rw_sync)
## bsg_mem_1rw_sync: instantiating width_p=          8, els_p=       1024 (TOP.testbench.wrapper.processor.m.multicore.cc.y[0].x[0].tile_node.tile.core.slices[1].l2s.bank[0].cache.data_mem.synth.nz.bk[21].mem_1rw_sync)
## bsg_mem_1rw_sync: instantiating width_p=          8, els_p=       1024 (TOP.testbench.wrapper.processor.m.multicore.cc.y[0].x[0].tile_node.tile.core.slices[1].l2s.bank[0].cache.data_mem.synth.nz.bk[22].mem_1rw_sync)
## bsg_mem_1rw_sync: instantiating width_p=          8, els_p=       1024 (TOP.testbench.wrapper.processor.m.multicore.cc.y[0].x[0].tile_node.tile.core.slices[1].l2s.bank[0].cache.data_mem.synth.nz.bk[23].mem_1rw_sync)
## bsg_mem_1rw_sync: instantiating width_p=          8, els_p=       1024 (TOP.testbench.wrapper.processor.m.multicore.cc.y[0].x[0].tile_node.tile.core.slices[1].l2s.bank[0].cache.data_mem.synth.nz.bk[24].mem_1rw_sync)
## bsg_mem_1rw_sync: instantiating width_p=          8, els_p=       1024 (TOP.testbench.wrapper.processor.m.multicore.cc.y[0].x[0].tile_node.tile.core.slices[1].l2s.bank[0].cache.data_mem.synth.nz.bk[25].mem_1rw_sync)
## bsg_mem_1rw_sync: instantiating width_p=          8, els_p=       1024 (TOP.testbench.wrapper.processor.m.multicore.cc.y[0].x[0].tile_node.tile.core.slices[1].l2s.bank[0].cache.data_mem.synth.nz.bk[26].mem_1rw_sync)
## bsg_mem_1rw_sync: instantiating width_p=          8, els_p=       1024 (TOP.testbench.wrapper.processor.m.multicore.cc.y[0].x[0].tile_node.tile.core.slices[1].l2s.bank[0].cache.data_mem.synth.nz.bk[27].mem_1rw_sync)
## bsg_mem_1rw_sync: instantiating width_p=          8, els_p=       1024 (TOP.testbench.wrapper.processor.m.multicore.cc.y[0].x[0].tile_node.tile.core.slices[1].l2s.bank[0].cache.data_mem.synth.nz.bk[28].mem_1rw_sync)
## bsg_mem_1rw_sync: instantiating width_p=          8, els_p=       1024 (TOP.testbench.wrapper.processor.m.multicore.cc.y[0].x[0].tile_node.tile.core.slices[1].l2s.bank[0].cache.data_mem.synth.nz.bk[29].mem_1rw_sync)
## bsg_mem_1rw_sync: instantiating width_p=          8, els_p=       1024 (TOP.testbench.wrapper.processor.m.multicore.cc.y[0].x[0].tile_node.tile.core.slices[1].l2s.bank[0].cache.data_mem.synth.nz.bk[30].mem_1rw_sync)
## bsg_mem_1rw_sync: instantiating width_p=          8, els_p=       1024 (TOP.testbench.wrapper.processor.m.multicore.cc.y[0].x[0].tile_node.tile.core.slices[1].l2s.bank[0].cache.data_mem.synth.nz.bk[31].mem_1rw_sync)
## bsg_mem_1rw_sync: instantiating width_p=          8, els_p=       1024 (TOP.testbench.wrapper.processor.m.multicore.cc.y[0].x[0].tile_node.tile.core.slices[1].l2s.bank[0].cache.data_mem.synth.nz.bk[32].mem_1rw_sync)
## bsg_mem_1rw_sync: instantiating width_p=          8, els_p=       1024 (TOP.testbench.wrapper.processor.m.multicore.cc.y[0].x[0].tile_node.tile.core.slices[1].l2s.bank[0].cache.data_mem.synth.nz.bk[33].mem_1rw_sync)
## bsg_mem_1rw_sync: instantiating width_p=          8, els_p=       1024 (TOP.testbench.wrapper.processor.m.multicore.cc.y[0].x[0].tile_node.tile.core.slices[1].l2s.bank[0].cache.data_mem.synth.nz.bk[34].mem_1rw_sync)
## bsg_mem_1rw_sync: instantiating width_p=          8, els_p=       1024 (TOP.testbench.wrapper.processor.m.multicore.cc.y[0].x[0].tile_node.tile.core.slices[1].l2s.bank[0].cache.data_mem.synth.nz.bk[35].mem_1rw_sync)
## bsg_mem_1rw_sync: instantiating width_p=          8, els_p=       1024 (TOP.testbench.wrapper.processor.m.multicore.cc.y[0].x[0].tile_node.tile.core.slices[1].l2s.bank[0].cache.data_mem.synth.nz.bk[36].mem_1rw_sync)
## bsg_mem_1rw_sync: instantiating width_p=          8, els_p=       1024 (TOP.testbench.wrapper.processor.m.multicore.cc.y[0].x[0].tile_node.tile.core.slices[1].l2s.bank[0].cache.data_mem.synth.nz.bk[37].mem_1rw_sync)
## bsg_mem_1rw_sync: instantiating width_p=          8, els_p=       1024 (TOP.testbench.wrapper.processor.m.multicore.cc.y[0].x[0].tile_node.tile.core.slices[1].l2s.bank[0].cache.data_mem.synth.nz.bk[38].mem_1rw_sync)
## bsg_mem_1rw_sync: instantiating width_p=          8, els_p=       1024 (TOP.testbench.wrapper.processor.m.multicore.cc.y[0].x[0].tile_node.tile.core.slices[1].l2s.bank[0].cache.data_mem.synth.nz.bk[39].mem_1rw_sync)
## bsg_mem_1rw_sync: instantiating width_p=          8, els_p=       1024 (TOP.testbench.wrapper.processor.m.multicore.cc.y[0].x[0].tile_node.tile.core.slices[1].l2s.bank[0].cache.data_mem.synth.nz.bk[40].mem_1rw_sync)
## bsg_mem_1rw_sync: instantiating width_p=          8, els_p=       1024 (TOP.testbench.wrapper.processor.m.multicore.cc.y[0].x[0].tile_node.tile.core.slices[1].l2s.bank[0].cache.data_mem.synth.nz.bk[41].mem_1rw_sync)
## bsg_mem_1rw_sync: instantiating width_p=          8, els_p=       1024 (TOP.testbench.wrapper.processor.m.multicore.cc.y[0].x[0].tile_node.tile.core.slices[1].l2s.bank[0].cache.data_mem.synth.nz.bk[42].mem_1rw_sync)
## bsg_mem_1rw_sync: instantiating width_p=          8, els_p=       1024 (TOP.testbench.wrapper.processor.m.multicore.cc.y[0].x[0].tile_node.tile.core.slices[1].l2s.bank[0].cache.data_mem.synth.nz.bk[43].mem_1rw_sync)
## bsg_mem_1rw_sync: instantiating width_p=          8, els_p=       1024 (TOP.testbench.wrapper.processor.m.multicore.cc.y[0].x[0].tile_node.tile.core.slices[1].l2s.bank[0].cache.data_mem.synth.nz.bk[44].mem_1rw_sync)
## bsg_mem_1rw_sync: instantiating width_p=          8, els_p=       1024 (TOP.testbench.wrapper.processor.m.multicore.cc.y[0].x[0].tile_node.tile.core.slices[1].l2s.bank[0].cache.data_mem.synth.nz.bk[45].mem_1rw_sync)
## bsg_mem_1rw_sync: instantiating width_p=          8, els_p=       1024 (TOP.testbench.wrapper.processor.m.multicore.cc.y[0].x[0].tile_node.tile.core.slices[1].l2s.bank[0].cache.data_mem.synth.nz.bk[46].mem_1rw_sync)
## bsg_mem_1rw_sync: instantiating width_p=          8, els_p=       1024 (TOP.testbench.wrapper.processor.m.multicore.cc.y[0].x[0].tile_node.tile.core.slices[1].l2s.bank[0].cache.data_mem.synth.nz.bk[47].mem_1rw_sync)
## bsg_mem_1rw_sync: instantiating width_p=          8, els_p=       1024 (TOP.testbench.wrapper.processor.m.multicore.cc.y[0].x[0].tile_node.tile.core.slices[1].l2s.bank[0].cache.data_mem.synth.nz.bk[48].mem_1rw_sync)
## bsg_mem_1rw_sync: instantiating width_p=          8, els_p=       1024 (TOP.testbench.wrapper.processor.m.multicore.cc.y[0].x[0].tile_node.tile.core.slices[1].l2s.bank[0].cache.data_mem.synth.nz.bk[49].mem_1rw_sync)
## bsg_mem_1rw_sync: instantiating width_p=          8, els_p=       1024 (TOP.testbench.wrapper.processor.m.multicore.cc.y[0].x[0].tile_node.tile.core.slices[1].l2s.bank[0].cache.data_mem.synth.nz.bk[50].mem_1rw_sync)
## bsg_mem_1rw_sync: instantiating width_p=          8, els_p=       1024 (TOP.testbench.wrapper.processor.m.multicore.cc.y[0].x[0].tile_node.tile.core.slices[1].l2s.bank[0].cache.data_mem.synth.nz.bk[51].mem_1rw_sync)
## bsg_mem_1rw_sync: instantiating width_p=          8, els_p=       1024 (TOP.testbench.wrapper.processor.m.multicore.cc.y[0].x[0].tile_node.tile.core.slices[1].l2s.bank[0].cache.data_mem.synth.nz.bk[52].mem_1rw_sync)
## bsg_mem_1rw_sync: instantiating width_p=          8, els_p=       1024 (TOP.testbench.wrapper.processor.m.multicore.cc.y[0].x[0].tile_node.tile.core.slices[1].l2s.bank[0].cache.data_mem.synth.nz.bk[53].mem_1rw_sync)
## bsg_mem_1rw_sync: instantiating width_p=          8, els_p=       1024 (TOP.testbench.wrapper.processor.m.multicore.cc.y[0].x[0].tile_node.tile.core.slices[1].l2s.bank[0].cache.data_mem.synth.nz.bk[54].mem_1rw_sync)
## bsg_mem_1rw_sync: instantiating width_p=          8, els_p=       1024 (TOP.testbench.wrapper.processor.m.multicore.cc.y[0].x[0].tile_node.tile.core.slices[1].l2s.bank[0].cache.data_mem.synth.nz.bk[55].mem_1rw_sync)
## bsg_mem_1rw_sync: instantiating width_p=          8, els_p=       1024 (TOP.testbench.wrapper.processor.m.multicore.cc.y[0].x[0].tile_node.tile.core.slices[1].l2s.bank[0].cache.data_mem.synth.nz.bk[56].mem_1rw_sync)
## bsg_mem_1rw_sync: instantiating width_p=          8, els_p=       1024 (TOP.testbench.wrapper.processor.m.multicore.cc.y[0].x[0].tile_node.tile.core.slices[1].l2s.bank[0].cache.data_mem.synth.nz.bk[57].mem_1rw_sync)
## bsg_mem_1rw_sync: instantiating width_p=          8, els_p=       1024 (TOP.testbench.wrapper.processor.m.multicore.cc.y[0].x[0].tile_node.tile.core.slices[1].l2s.bank[0].cache.data_mem.synth.nz.bk[58].mem_1rw_sync)
## bsg_mem_1rw_sync: instantiating width_p=          8, els_p=       1024 (TOP.testbench.wrapper.processor.m.multicore.cc.y[0].x[0].tile_node.tile.core.slices[1].l2s.bank[0].cache.data_mem.synth.nz.bk[59].mem_1rw_sync)
## bsg_mem_1rw_sync: instantiating width_p=          8, els_p=       1024 (TOP.testbench.wrapper.processor.m.multicore.cc.y[0].x[0].tile_node.tile.core.slices[1].l2s.bank[0].cache.data_mem.synth.nz.bk[60].mem_1rw_sync)
## bsg_mem_1rw_sync: instantiating width_p=          8, els_p=       1024 (TOP.testbench.wrapper.processor.m.multicore.cc.y[0].x[0].tile_node.tile.core.slices[1].l2s.bank[0].cache.data_mem.synth.nz.bk[61].mem_1rw_sync)
## bsg_mem_1rw_sync: instantiating width_p=          8, els_p=       1024 (TOP.testbench.wrapper.processor.m.multicore.cc.y[0].x[0].tile_node.tile.core.slices[1].l2s.bank[0].cache.data_mem.synth.nz.bk[62].mem_1rw_sync)
## bsg_mem_1rw_sync: instantiating width_p=          8, els_p=       1024 (TOP.testbench.wrapper.processor.m.multicore.cc.y[0].x[0].tile_node.tile.core.slices[1].l2s.bank[0].cache.data_mem.synth.nz.bk[63].mem_1rw_sync)
## bsg_mem_1rw_sync: instantiating width_p=          8, els_p=       1024 (TOP.testbench.wrapper.processor.m.multicore.cc.y[0].x[1].tile_node.tile.core.slices[0].l2s.bank[0].cache.data_mem.synth.nz.bk[0].mem_1rw_sync)
## bsg_mem_1rw_sync: instantiating width_p=          8, els_p=       1024 (TOP.testbench.wrapper.processor.m.multicore.cc.y[0].x[1].tile_node.tile.core.slices[0].l2s.bank[0].cache.data_mem.synth.nz.bk[1].mem_1rw_sync)
## bsg_mem_1rw_sync: instantiating width_p=          8, els_p=       1024 (TOP.testbench.wrapper.processor.m.multicore.cc.y[0].x[1].tile_node.tile.core.slices[0].l2s.bank[0].cache.data_mem.synth.nz.bk[2].mem_1rw_sync)
## bsg_mem_1rw_sync: instantiating width_p=          8, els_p=       1024 (TOP.testbench.wrapper.processor.m.multicore.cc.y[0].x[1].tile_node.tile.core.slices[0].l2s.bank[0].cache.data_mem.synth.nz.bk[3].mem_1rw_sync)
## bsg_mem_1rw_sync: instantiating width_p=          8, els_p=       1024 (TOP.testbench.wrapper.processor.m.multicore.cc.y[0].x[1].tile_node.tile.core.slices[0].l2s.bank[0].cache.data_mem.synth.nz.bk[4].mem_1rw_sync)
## bsg_mem_1rw_sync: instantiating width_p=          8, els_p=       1024 (TOP.testbench.wrapper.processor.m.multicore.cc.y[0].x[1].tile_node.tile.core.slices[0].l2s.bank[0].cache.data_mem.synth.nz.bk[5].mem_1rw_sync)
## bsg_mem_1rw_sync: instantiating width_p=          8, els_p=       1024 (TOP.testbench.wrapper.processor.m.multicore.cc.y[0].x[1].tile_node.tile.core.slices[0].l2s.bank[0].cache.data_mem.synth.nz.bk[6].mem_1rw_sync)
## bsg_mem_1rw_sync: instantiating width_p=          8, els_p=       1024 (TOP.testbench.wrapper.processor.m.multicore.cc.y[0].x[1].tile_node.tile.core.slices[0].l2s.bank[0].cache.data_mem.synth.nz.bk[7].mem_1rw_sync)
## bsg_mem_1rw_sync: instantiating width_p=          8, els_p=       1024 (TOP.testbench.wrapper.processor.m.multicore.cc.y[0].x[1].tile_node.tile.core.slices[0].l2s.bank[0].cache.data_mem.synth.nz.bk[8].mem_1rw_sync)
## bsg_mem_1rw_sync: instantiating width_p=          8, els_p=       1024 (TOP.testbench.wrapper.processor.m.multicore.cc.y[0].x[1].tile_node.tile.core.slices[0].l2s.bank[0].cache.data_mem.synth.nz.bk[9].mem_1rw_sync)
## bsg_mem_1rw_sync: instantiating width_p=          8, els_p=       1024 (TOP.testbench.wrapper.processor.m.multicore.cc.y[0].x[1].tile_node.tile.core.slices[0].l2s.bank[0].cache.data_mem.synth.nz.bk[10].mem_1rw_sync)
## bsg_mem_1rw_sync: instantiating width_p=          8, els_p=       1024 (TOP.testbench.wrapper.processor.m.multicore.cc.y[0].x[1].tile_node.tile.core.slices[0].l2s.bank[0].cache.data_mem.synth.nz.bk[11].mem_1rw_sync)
## bsg_mem_1rw_sync: instantiating width_p=          8, els_p=       1024 (TOP.testbench.wrapper.processor.m.multicore.cc.y[0].x[1].tile_node.tile.core.slices[0].l2s.bank[0].cache.data_mem.synth.nz.bk[12].mem_1rw_sync)
## bsg_mem_1rw_sync: instantiating width_p=          8, els_p=       1024 (TOP.testbench.wrapper.processor.m.multicore.cc.y[0].x[1].tile_node.tile.core.slices[0].l2s.bank[0].cache.data_mem.synth.nz.bk[13].mem_1rw_sync)
## bsg_mem_1rw_sync: instantiating width_p=          8, els_p=       1024 (TOP.testbench.wrapper.processor.m.multicore.cc.y[0].x[1].tile_node.tile.core.slices[0].l2s.bank[0].cache.data_mem.synth.nz.bk[14].mem_1rw_sync)
## bsg_mem_1rw_sync: instantiating width_p=          8, els_p=       1024 (TOP.testbench.wrapper.processor.m.multicore.cc.y[0].x[1].tile_node.tile.core.slices[0].l2s.bank[0].cache.data_mem.synth.nz.bk[15].mem_1rw_sync)
## bsg_mem_1rw_sync: instantiating width_p=          8, els_p=       1024 (TOP.testbench.wrapper.processor.m.multicore.cc.y[0].x[1].tile_node.tile.core.slices[0].l2s.bank[0].cache.data_mem.synth.nz.bk[16].mem_1rw_sync)
## bsg_mem_1rw_sync: instantiating width_p=          8, els_p=       1024 (TOP.testbench.wrapper.processor.m.multicore.cc.y[0].x[1].tile_node.tile.core.slices[0].l2s.bank[0].cache.data_mem.synth.nz.bk[17].mem_1rw_sync)
## bsg_mem_1rw_sync: instantiating width_p=          8, els_p=       1024 (TOP.testbench.wrapper.processor.m.multicore.cc.y[0].x[1].tile_node.tile.core.slices[0].l2s.bank[0].cache.data_mem.synth.nz.bk[18].mem_1rw_sync)
## bsg_mem_1rw_sync: instantiating width_p=          8, els_p=       1024 (TOP.testbench.wrapper.processor.m.multicore.cc.y[0].x[1].tile_node.tile.core.slices[0].l2s.bank[0].cache.data_mem.synth.nz.bk[19].mem_1rw_sync)
## bsg_mem_1rw_sync: instantiating width_p=          8, els_p=       1024 (TOP.testbench.wrapper.processor.m.multicore.cc.y[0].x[1].tile_node.tile.core.slices[0].l2s.bank[0].cache.data_mem.synth.nz.bk[20].mem_1rw_sync)
## bsg_mem_1rw_sync: instantiating width_p=          8, els_p=       1024 (TOP.testbench.wrapper.processor.m.multicore.cc.y[0].x[1].tile_node.tile.core.slices[0].l2s.bank[0].cache.data_mem.synth.nz.bk[21].mem_1rw_sync)
## bsg_mem_1rw_sync: instantiating width_p=          8, els_p=       1024 (TOP.testbench.wrapper.processor.m.multicore.cc.y[0].x[1].tile_node.tile.core.slices[0].l2s.bank[0].cache.data_mem.synth.nz.bk[22].mem_1rw_sync)
## bsg_mem_1rw_sync: instantiating width_p=          8, els_p=       1024 (TOP.testbench.wrapper.processor.m.multicore.cc.y[0].x[1].tile_node.tile.core.slices[0].l2s.bank[0].cache.data_mem.synth.nz.bk[23].mem_1rw_sync)
## bsg_mem_1rw_sync: instantiating width_p=          8, els_p=       1024 (TOP.testbench.wrapper.processor.m.multicore.cc.y[0].x[1].tile_node.tile.core.slices[0].l2s.bank[0].cache.data_mem.synth.nz.bk[24].mem_1rw_sync)
## bsg_mem_1rw_sync: instantiating width_p=          8, els_p=       1024 (TOP.testbench.wrapper.processor.m.multicore.cc.y[0].x[1].tile_node.tile.core.slices[0].l2s.bank[0].cache.data_mem.synth.nz.bk[25].mem_1rw_sync)
## bsg_mem_1rw_sync: instantiating width_p=          8, els_p=       1024 (TOP.testbench.wrapper.processor.m.multicore.cc.y[0].x[1].tile_node.tile.core.slices[0].l2s.bank[0].cache.data_mem.synth.nz.bk[26].mem_1rw_sync)
## bsg_mem_1rw_sync: instantiating width_p=          8, els_p=       1024 (TOP.testbench.wrapper.processor.m.multicore.cc.y[0].x[1].tile_node.tile.core.slices[0].l2s.bank[0].cache.data_mem.synth.nz.bk[27].mem_1rw_sync)
## bsg_mem_1rw_sync: instantiating width_p=          8, els_p=       1024 (TOP.testbench.wrapper.processor.m.multicore.cc.y[0].x[1].tile_node.tile.core.slices[0].l2s.bank[0].cache.data_mem.synth.nz.bk[28].mem_1rw_sync)
## bsg_mem_1rw_sync: instantiating width_p=          8, els_p=       1024 (TOP.testbench.wrapper.processor.m.multicore.cc.y[0].x[1].tile_node.tile.core.slices[0].l2s.bank[0].cache.data_mem.synth.nz.bk[29].mem_1rw_sync)
## bsg_mem_1rw_sync: instantiating width_p=          8, els_p=       1024 (TOP.testbench.wrapper.processor.m.multicore.cc.y[0].x[1].tile_node.tile.core.slices[0].l2s.bank[0].cache.data_mem.synth.nz.bk[30].mem_1rw_sync)
## bsg_mem_1rw_sync: instantiating width_p=          8, els_p=       1024 (TOP.testbench.wrapper.processor.m.multicore.cc.y[0].x[1].tile_node.tile.core.slices[0].l2s.bank[0].cache.data_mem.synth.nz.bk[31].mem_1rw_sync)
## bsg_mem_1rw_sync: instantiating width_p=          8, els_p=       1024 (TOP.testbench.wrapper.processor.m.multicore.cc.y[0].x[1].tile_node.tile.core.slices[0].l2s.bank[0].cache.data_mem.synth.nz.bk[32].mem_1rw_sync)
## bsg_mem_1rw_sync: instantiating width_p=          8, els_p=       1024 (TOP.testbench.wrapper.processor.m.multicore.cc.y[0].x[1].tile_node.tile.core.slices[0].l2s.bank[0].cache.data_mem.synth.nz.bk[33].mem_1rw_sync)
## bsg_mem_1rw_sync: instantiating width_p=          8, els_p=       1024 (TOP.testbench.wrapper.processor.m.multicore.cc.y[0].x[1].tile_node.tile.core.slices[0].l2s.bank[0].cache.data_mem.synth.nz.bk[34].mem_1rw_sync)
## bsg_mem_1rw_sync: instantiating width_p=          8, els_p=       1024 (TOP.testbench.wrapper.processor.m.multicore.cc.y[0].x[1].tile_node.tile.core.slices[0].l2s.bank[0].cache.data_mem.synth.nz.bk[35].mem_1rw_sync)
## bsg_mem_1rw_sync: instantiating width_p=          8, els_p=       1024 (TOP.testbench.wrapper.processor.m.multicore.cc.y[0].x[1].tile_node.tile.core.slices[0].l2s.bank[0].cache.data_mem.synth.nz.bk[36].mem_1rw_sync)
## bsg_mem_1rw_sync: instantiating width_p=          8, els_p=       1024 (TOP.testbench.wrapper.processor.m.multicore.cc.y[0].x[1].tile_node.tile.core.slices[0].l2s.bank[0].cache.data_mem.synth.nz.bk[37].mem_1rw_sync)
## bsg_mem_1rw_sync: instantiating width_p=          8, els_p=       1024 (TOP.testbench.wrapper.processor.m.multicore.cc.y[0].x[1].tile_node.tile.core.slices[0].l2s.bank[0].cache.data_mem.synth.nz.bk[38].mem_1rw_sync)
## bsg_mem_1rw_sync: instantiating width_p=          8, els_p=       1024 (TOP.testbench.wrapper.processor.m.multicore.cc.y[0].x[1].tile_node.tile.core.slices[0].l2s.bank[0].cache.data_mem.synth.nz.bk[39].mem_1rw_sync)
## bsg_mem_1rw_sync: instantiating width_p=          8, els_p=       1024 (TOP.testbench.wrapper.processor.m.multicore.cc.y[0].x[1].tile_node.tile.core.slices[0].l2s.bank[0].cache.data_mem.synth.nz.bk[40].mem_1rw_sync)
## bsg_mem_1rw_sync: instantiating width_p=          8, els_p=       1024 (TOP.testbench.wrapper.processor.m.multicore.cc.y[0].x[1].tile_node.tile.core.slices[0].l2s.bank[0].cache.data_mem.synth.nz.bk[41].mem_1rw_sync)
## bsg_mem_1rw_sync: instantiating width_p=          8, els_p=       1024 (TOP.testbench.wrapper.processor.m.multicore.cc.y[0].x[1].tile_node.tile.core.slices[0].l2s.bank[0].cache.data_mem.synth.nz.bk[42].mem_1rw_sync)
## bsg_mem_1rw_sync: instantiating width_p=          8, els_p=       1024 (TOP.testbench.wrapper.processor.m.multicore.cc.y[0].x[1].tile_node.tile.core.slices[0].l2s.bank[0].cache.data_mem.synth.nz.bk[43].mem_1rw_sync)
## bsg_mem_1rw_sync: instantiating width_p=          8, els_p=       1024 (TOP.testbench.wrapper.processor.m.multicore.cc.y[0].x[1].tile_node.tile.core.slices[0].l2s.bank[0].cache.data_mem.synth.nz.bk[44].mem_1rw_sync)
## bsg_mem_1rw_sync: instantiating width_p=          8, els_p=       1024 (TOP.testbench.wrapper.processor.m.multicore.cc.y[0].x[1].tile_node.tile.core.slices[0].l2s.bank[0].cache.data_mem.synth.nz.bk[45].mem_1rw_sync)
## bsg_mem_1rw_sync: instantiating width_p=          8, els_p=       1024 (TOP.testbench.wrapper.processor.m.multicore.cc.y[0].x[1].tile_node.tile.core.slices[0].l2s.bank[0].cache.data_mem.synth.nz.bk[46].mem_1rw_sync)
## bsg_mem_1rw_sync: instantiating width_p=          8, els_p=       1024 (TOP.testbench.wrapper.processor.m.multicore.cc.y[0].x[1].tile_node.tile.core.slices[0].l2s.bank[0].cache.data_mem.synth.nz.bk[47].mem_1rw_sync)
## bsg_mem_1rw_sync: instantiating width_p=          8, els_p=       1024 (TOP.testbench.wrapper.processor.m.multicore.cc.y[0].x[1].tile_node.tile.core.slices[0].l2s.bank[0].cache.data_mem.synth.nz.bk[48].mem_1rw_sync)
## bsg_mem_1rw_sync: instantiating width_p=          8, els_p=       1024 (TOP.testbench.wrapper.processor.m.multicore.cc.y[0].x[1].tile_node.tile.core.slices[0].l2s.bank[0].cache.data_mem.synth.nz.bk[49].mem_1rw_sync)
## bsg_mem_1rw_sync: instantiating width_p=          8, els_p=       1024 (TOP.testbench.wrapper.processor.m.multicore.cc.y[0].x[1].tile_node.tile.core.slices[0].l2s.bank[0].cache.data_mem.synth.nz.bk[50].mem_1rw_sync)
## bsg_mem_1rw_sync: instantiating width_p=          8, els_p=       1024 (TOP.testbench.wrapper.processor.m.multicore.cc.y[0].x[1].tile_node.tile.core.slices[0].l2s.bank[0].cache.data_mem.synth.nz.bk[51].mem_1rw_sync)
## bsg_mem_1rw_sync: instantiating width_p=          8, els_p=       1024 (TOP.testbench.wrapper.processor.m.multicore.cc.y[0].x[1].tile_node.tile.core.slices[0].l2s.bank[0].cache.data_mem.synth.nz.bk[52].mem_1rw_sync)
## bsg_mem_1rw_sync: instantiating width_p=          8, els_p=       1024 (TOP.testbench.wrapper.processor.m.multicore.cc.y[0].x[1].tile_node.tile.core.slices[0].l2s.bank[0].cache.data_mem.synth.nz.bk[53].mem_1rw_sync)
## bsg_mem_1rw_sync: instantiating width_p=          8, els_p=       1024 (TOP.testbench.wrapper.processor.m.multicore.cc.y[0].x[1].tile_node.tile.core.slices[0].l2s.bank[0].cache.data_mem.synth.nz.bk[54].mem_1rw_sync)
## bsg_mem_1rw_sync: instantiating width_p=          8, els_p=       1024 (TOP.testbench.wrapper.processor.m.multicore.cc.y[0].x[1].tile_node.tile.core.slices[0].l2s.bank[0].cache.data_mem.synth.nz.bk[55].mem_1rw_sync)
## bsg_mem_1rw_sync: instantiating width_p=          8, els_p=       1024 (TOP.testbench.wrapper.processor.m.multicore.cc.y[0].x[1].tile_node.tile.core.slices[0].l2s.bank[0].cache.data_mem.synth.nz.bk[56].mem_1rw_sync)
## bsg_mem_1rw_sync: instantiating width_p=          8, els_p=       1024 (TOP.testbench.wrapper.processor.m.multicore.cc.y[0].x[1].tile_node.tile.core.slices[0].l2s.bank[0].cache.data_mem.synth.nz.bk[57].mem_1rw_sync)
## bsg_mem_1rw_sync: instantiating width_p=          8, els_p=       1024 (TOP.testbench.wrapper.processor.m.multicore.cc.y[0].x[1].tile_node.tile.core.slices[0].l2s.bank[0].cache.data_mem.synth.nz.bk[58].mem_1rw_sync)
## bsg_mem_1rw_sync: instantiating width_p=          8, els_p=       1024 (TOP.testbench.wrapper.processor.m.multicore.cc.y[0].x[1].tile_node.tile.core.slices[0].l2s.bank[0].cache.data_mem.synth.nz.bk[59].mem_1rw_sync)
## bsg_mem_1rw_sync: instantiating width_p=          8, els_p=       1024 (TOP.testbench.wrapper.processor.m.multicore.cc.y[0].x[1].tile_node.tile.core.slices[0].l2s.bank[0].cache.data_mem.synth.nz.bk[60].mem_1rw_sync)
## bsg_mem_1rw_sync: instantiating width_p=          8, els_p=       1024 (TOP.testbench.wrapper.processor.m.multicore.cc.y[0].x[1].tile_node.tile.core.slices[0].l2s.bank[0].cache.data_mem.synth.nz.bk[61].mem_1rw_sync)
## bsg_mem_1rw_sync: instantiating width_p=          8, els_p=       1024 (TOP.testbench.wrapper.processor.m.multicore.cc.y[0].x[1].tile_node.tile.core.slices[0].l2s.bank[0].cache.data_mem.synth.nz.bk[62].mem_1rw_sync)
## bsg_mem_1rw_sync: instantiating width_p=          8, els_p=       1024 (TOP.testbench.wrapper.processor.m.multicore.cc.y[0].x[1].tile_node.tile.core.slices[0].l2s.bank[0].cache.data_mem.synth.nz.bk[63].mem_1rw_sync)
## bsg_mem_1rw_sync: instantiating width_p=          8, els_p=       1024 (TOP.testbench.wrapper.processor.m.multicore.cc.y[0].x[1].tile_node.tile.core.slices[1].l2s.bank[0].cache.data_mem.synth.nz.bk[0].mem_1rw_sync)
## bsg_mem_1rw_sync: instantiating width_p=          8, els_p=       1024 (TOP.testbench.wrapper.processor.m.multicore.cc.y[0].x[1].tile_node.tile.core.slices[1].l2s.bank[0].cache.data_mem.synth.nz.bk[1].mem_1rw_sync)
## bsg_mem_1rw_sync: instantiating width_p=          8, els_p=       1024 (TOP.testbench.wrapper.processor.m.multicore.cc.y[0].x[1].tile_node.tile.core.slices[1].l2s.bank[0].cache.data_mem.synth.nz.bk[2].mem_1rw_sync)
## bsg_mem_1rw_sync: instantiating width_p=          8, els_p=       1024 (TOP.testbench.wrapper.processor.m.multicore.cc.y[0].x[1].tile_node.tile.core.slices[1].l2s.bank[0].cache.data_mem.synth.nz.bk[3].mem_1rw_sync)
## bsg_mem_1rw_sync: instantiating width_p=          8, els_p=       1024 (TOP.testbench.wrapper.processor.m.multicore.cc.y[0].x[1].tile_node.tile.core.slices[1].l2s.bank[0].cache.data_mem.synth.nz.bk[4].mem_1rw_sync)
## bsg_mem_1rw_sync: instantiating width_p=          8, els_p=       1024 (TOP.testbench.wrapper.processor.m.multicore.cc.y[0].x[1].tile_node.tile.core.slices[1].l2s.bank[0].cache.data_mem.synth.nz.bk[5].mem_1rw_sync)
## bsg_mem_1rw_sync: instantiating width_p=          8, els_p=       1024 (TOP.testbench.wrapper.processor.m.multicore.cc.y[0].x[1].tile_node.tile.core.slices[1].l2s.bank[0].cache.data_mem.synth.nz.bk[6].mem_1rw_sync)
## bsg_mem_1rw_sync: instantiating width_p=          8, els_p=       1024 (TOP.testbench.wrapper.processor.m.multicore.cc.y[0].x[1].tile_node.tile.core.slices[1].l2s.bank[0].cache.data_mem.synth.nz.bk[7].mem_1rw_sync)
## bsg_mem_1rw_sync: instantiating width_p=          8, els_p=       1024 (TOP.testbench.wrapper.processor.m.multicore.cc.y[0].x[1].tile_node.tile.core.slices[1].l2s.bank[0].cache.data_mem.synth.nz.bk[8].mem_1rw_sync)
## bsg_mem_1rw_sync: instantiating width_p=          8, els_p=       1024 (TOP.testbench.wrapper.processor.m.multicore.cc.y[0].x[1].tile_node.tile.core.slices[1].l2s.bank[0].cache.data_mem.synth.nz.bk[9].mem_1rw_sync)
## bsg_mem_1rw_sync: instantiating width_p=          8, els_p=       1024 (TOP.testbench.wrapper.processor.m.multicore.cc.y[0].x[1].tile_node.tile.core.slices[1].l2s.bank[0].cache.data_mem.synth.nz.bk[10].mem_1rw_sync)
## bsg_mem_1rw_sync: instantiating width_p=          8, els_p=       1024 (TOP.testbench.wrapper.processor.m.multicore.cc.y[0].x[1].tile_node.tile.core.slices[1].l2s.bank[0].cache.data_mem.synth.nz.bk[11].mem_1rw_sync)
## bsg_mem_1rw_sync: instantiating width_p=          8, els_p=       1024 (TOP.testbench.wrapper.processor.m.multicore.cc.y[0].x[1].tile_node.tile.core.slices[1].l2s.bank[0].cache.data_mem.synth.nz.bk[12].mem_1rw_sync)
## bsg_mem_1rw_sync: instantiating width_p=          8, els_p=       1024 (TOP.testbench.wrapper.processor.m.multicore.cc.y[0].x[1].tile_node.tile.core.slices[1].l2s.bank[0].cache.data_mem.synth.nz.bk[13].mem_1rw_sync)
## bsg_mem_1rw_sync: instantiating width_p=          8, els_p=       1024 (TOP.testbench.wrapper.processor.m.multicore.cc.y[0].x[1].tile_node.tile.core.slices[1].l2s.bank[0].cache.data_mem.synth.nz.bk[14].mem_1rw_sync)
## bsg_mem_1rw_sync: instantiating width_p=          8, els_p=       1024 (TOP.testbench.wrapper.processor.m.multicore.cc.y[0].x[1].tile_node.tile.core.slices[1].l2s.bank[0].cache.data_mem.synth.nz.bk[15].mem_1rw_sync)
## bsg_mem_1rw_sync: instantiating width_p=          8, els_p=       1024 (TOP.testbench.wrapper.processor.m.multicore.cc.y[0].x[1].tile_node.tile.core.slices[1].l2s.bank[0].cache.data_mem.synth.nz.bk[16].mem_1rw_sync)
## bsg_mem_1rw_sync: instantiating width_p=          8, els_p=       1024 (TOP.testbench.wrapper.processor.m.multicore.cc.y[0].x[1].tile_node.tile.core.slices[1].l2s.bank[0].cache.data_mem.synth.nz.bk[17].mem_1rw_sync)
## bsg_mem_1rw_sync: instantiating width_p=          8, els_p=       1024 (TOP.testbench.wrapper.processor.m.multicore.cc.y[0].x[1].tile_node.tile.core.slices[1].l2s.bank[0].cache.data_mem.synth.nz.bk[18].mem_1rw_sync)
## bsg_mem_1rw_sync: instantiating width_p=          8, els_p=       1024 (TOP.testbench.wrapper.processor.m.multicore.cc.y[0].x[1].tile_node.tile.core.slices[1].l2s.bank[0].cache.data_mem.synth.nz.bk[19].mem_1rw_sync)
## bsg_mem_1rw_sync: instantiating width_p=          8, els_p=       1024 (TOP.testbench.wrapper.processor.m.multicore.cc.y[0].x[1].tile_node.tile.core.slices[1].l2s.bank[0].cache.data_mem.synth.nz.bk[20].mem_1rw_sync)
## bsg_mem_1rw_sync: instantiating width_p=          8, els_p=       1024 (TOP.testbench.wrapper.processor.m.multicore.cc.y[0].x[1].tile_node.tile.core.slices[1].l2s.bank[0].cache.data_mem.synth.nz.bk[21].mem_1rw_sync)
## bsg_mem_1rw_sync: instantiating width_p=          8, els_p=       1024 (TOP.testbench.wrapper.processor.m.multicore.cc.y[0].x[1].tile_node.tile.core.slices[1].l2s.bank[0].cache.data_mem.synth.nz.bk[22].mem_1rw_sync)
## bsg_mem_1rw_sync: instantiating width_p=          8, els_p=       1024 (TOP.testbench.wrapper.processor.m.multicore.cc.y[0].x[1].tile_node.tile.core.slices[1].l2s.bank[0].cache.data_mem.synth.nz.bk[23].mem_1rw_sync)
## bsg_mem_1rw_sync: instantiating width_p=          8, els_p=       1024 (TOP.testbench.wrapper.processor.m.multicore.cc.y[0].x[1].tile_node.tile.core.slices[1].l2s.bank[0].cache.data_mem.synth.nz.bk[24].mem_1rw_sync)
## bsg_mem_1rw_sync: instantiating width_p=          8, els_p=       1024 (TOP.testbench.wrapper.processor.m.multicore.cc.y[0].x[1].tile_node.tile.core.slices[1].l2s.bank[0].cache.data_mem.synth.nz.bk[25].mem_1rw_sync)
## bsg_mem_1rw_sync: instantiating width_p=          8, els_p=       1024 (TOP.testbench.wrapper.processor.m.multicore.cc.y[0].x[1].tile_node.tile.core.slices[1].l2s.bank[0].cache.data_mem.synth.nz.bk[26].mem_1rw_sync)
## bsg_mem_1rw_sync: instantiating width_p=          8, els_p=       1024 (TOP.testbench.wrapper.processor.m.multicore.cc.y[0].x[1].tile_node.tile.core.slices[1].l2s.bank[0].cache.data_mem.synth.nz.bk[27].mem_1rw_sync)
## bsg_mem_1rw_sync: instantiating width_p=          8, els_p=       1024 (TOP.testbench.wrapper.processor.m.multicore.cc.y[0].x[1].tile_node.tile.core.slices[1].l2s.bank[0].cache.data_mem.synth.nz.bk[28].mem_1rw_sync)
## bsg_mem_1rw_sync: instantiating width_p=          8, els_p=       1024 (TOP.testbench.wrapper.processor.m.multicore.cc.y[0].x[1].tile_node.tile.core.slices[1].l2s.bank[0].cache.data_mem.synth.nz.bk[29].mem_1rw_sync)
## bsg_mem_1rw_sync: instantiating width_p=          8, els_p=       1024 (TOP.testbench.wrapper.processor.m.multicore.cc.y[0].x[1].tile_node.tile.core.slices[1].l2s.bank[0].cache.data_mem.synth.nz.bk[30].mem_1rw_sync)
## bsg_mem_1rw_sync: instantiating width_p=          8, els_p=       1024 (TOP.testbench.wrapper.processor.m.multicore.cc.y[0].x[1].tile_node.tile.core.slices[1].l2s.bank[0].cache.data_mem.synth.nz.bk[31].mem_1rw_sync)
## bsg_mem_1rw_sync: instantiating width_p=          8, els_p=       1024 (TOP.testbench.wrapper.processor.m.multicore.cc.y[0].x[1].tile_node.tile.core.slices[1].l2s.bank[0].cache.data_mem.synth.nz.bk[32].mem_1rw_sync)
## bsg_mem_1rw_sync: instantiating width_p=          8, els_p=       1024 (TOP.testbench.wrapper.processor.m.multicore.cc.y[0].x[1].tile_node.tile.core.slices[1].l2s.bank[0].cache.data_mem.synth.nz.bk[33].mem_1rw_sync)
## bsg_mem_1rw_sync: instantiating width_p=          8, els_p=       1024 (TOP.testbench.wrapper.processor.m.multicore.cc.y[0].x[1].tile_node.tile.core.slices[1].l2s.bank[0].cache.data_mem.synth.nz.bk[34].mem_1rw_sync)
## bsg_mem_1rw_sync: instantiating width_p=          8, els_p=       1024 (TOP.testbench.wrapper.processor.m.multicore.cc.y[0].x[1].tile_node.tile.core.slices[1].l2s.bank[0].cache.data_mem.synth.nz.bk[35].mem_1rw_sync)
## bsg_mem_1rw_sync: instantiating width_p=          8, els_p=       1024 (TOP.testbench.wrapper.processor.m.multicore.cc.y[0].x[1].tile_node.tile.core.slices[1].l2s.bank[0].cache.data_mem.synth.nz.bk[36].mem_1rw_sync)
## bsg_mem_1rw_sync: instantiating width_p=          8, els_p=       1024 (TOP.testbench.wrapper.processor.m.multicore.cc.y[0].x[1].tile_node.tile.core.slices[1].l2s.bank[0].cache.data_mem.synth.nz.bk[37].mem_1rw_sync)
## bsg_mem_1rw_sync: instantiating width_p=          8, els_p=       1024 (TOP.testbench.wrapper.processor.m.multicore.cc.y[0].x[1].tile_node.tile.core.slices[1].l2s.bank[0].cache.data_mem.synth.nz.bk[38].mem_1rw_sync)
## bsg_mem_1rw_sync: instantiating width_p=          8, els_p=       1024 (TOP.testbench.wrapper.processor.m.multicore.cc.y[0].x[1].tile_node.tile.core.slices[1].l2s.bank[0].cache.data_mem.synth.nz.bk[39].mem_1rw_sync)
## bsg_mem_1rw_sync: instantiating width_p=          8, els_p=       1024 (TOP.testbench.wrapper.processor.m.multicore.cc.y[0].x[1].tile_node.tile.core.slices[1].l2s.bank[0].cache.data_mem.synth.nz.bk[40].mem_1rw_sync)
## bsg_mem_1rw_sync: instantiating width_p=          8, els_p=       1024 (TOP.testbench.wrapper.processor.m.multicore.cc.y[0].x[1].tile_node.tile.core.slices[1].l2s.bank[0].cache.data_mem.synth.nz.bk[41].mem_1rw_sync)
## bsg_mem_1rw_sync: instantiating width_p=          8, els_p=       1024 (TOP.testbench.wrapper.processor.m.multicore.cc.y[0].x[1].tile_node.tile.core.slices[1].l2s.bank[0].cache.data_mem.synth.nz.bk[42].mem_1rw_sync)
## bsg_mem_1rw_sync: instantiating width_p=          8, els_p=       1024 (TOP.testbench.wrapper.processor.m.multicore.cc.y[0].x[1].tile_node.tile.core.slices[1].l2s.bank[0].cache.data_mem.synth.nz.bk[43].mem_1rw_sync)
## bsg_mem_1rw_sync: instantiating width_p=          8, els_p=       1024 (TOP.testbench.wrapper.processor.m.multicore.cc.y[0].x[1].tile_node.tile.core.slices[1].l2s.bank[0].cache.data_mem.synth.nz.bk[44].mem_1rw_sync)
## bsg_mem_1rw_sync: instantiating width_p=          8, els_p=       1024 (TOP.testbench.wrapper.processor.m.multicore.cc.y[0].x[1].tile_node.tile.core.slices[1].l2s.bank[0].cache.data_mem.synth.nz.bk[45].mem_1rw_sync)
## bsg_mem_1rw_sync: instantiating width_p=          8, els_p=       1024 (TOP.testbench.wrapper.processor.m.multicore.cc.y[0].x[1].tile_node.tile.core.slices[1].l2s.bank[0].cache.data_mem.synth.nz.bk[46].mem_1rw_sync)
## bsg_mem_1rw_sync: instantiating width_p=          8, els_p=       1024 (TOP.testbench.wrapper.processor.m.multicore.cc.y[0].x[1].tile_node.tile.core.slices[1].l2s.bank[0].cache.data_mem.synth.nz.bk[47].mem_1rw_sync)
## bsg_mem_1rw_sync: instantiating width_p=          8, els_p=       1024 (TOP.testbench.wrapper.processor.m.multicore.cc.y[0].x[1].tile_node.tile.core.slices[1].l2s.bank[0].cache.data_mem.synth.nz.bk[48].mem_1rw_sync)
## bsg_mem_1rw_sync: instantiating width_p=          8, els_p=       1024 (TOP.testbench.wrapper.processor.m.multicore.cc.y[0].x[1].tile_node.tile.core.slices[1].l2s.bank[0].cache.data_mem.synth.nz.bk[49].mem_1rw_sync)
## bsg_mem_1rw_sync: instantiating width_p=          8, els_p=       1024 (TOP.testbench.wrapper.processor.m.multicore.cc.y[0].x[1].tile_node.tile.core.slices[1].l2s.bank[0].cache.data_mem.synth.nz.bk[50].mem_1rw_sync)
## bsg_mem_1rw_sync: instantiating width_p=          8, els_p=       1024 (TOP.testbench.wrapper.processor.m.multicore.cc.y[0].x[1].tile_node.tile.core.slices[1].l2s.bank[0].cache.data_mem.synth.nz.bk[51].mem_1rw_sync)
## bsg_mem_1rw_sync: instantiating width_p=          8, els_p=       1024 (TOP.testbench.wrapper.processor.m.multicore.cc.y[0].x[1].tile_node.tile.core.slices[1].l2s.bank[0].cache.data_mem.synth.nz.bk[52].mem_1rw_sync)
## bsg_mem_1rw_sync: instantiating width_p=          8, els_p=       1024 (TOP.testbench.wrapper.processor.m.multicore.cc.y[0].x[1].tile_node.tile.core.slices[1].l2s.bank[0].cache.data_mem.synth.nz.bk[53].mem_1rw_sync)
## bsg_mem_1rw_sync: instantiating width_p=          8, els_p=       1024 (TOP.testbench.wrapper.processor.m.multicore.cc.y[0].x[1].tile_node.tile.core.slices[1].l2s.bank[0].cache.data_mem.synth.nz.bk[54].mem_1rw_sync)
## bsg_mem_1rw_sync: instantiating width_p=          8, els_p=       1024 (TOP.testbench.wrapper.processor.m.multicore.cc.y[0].x[1].tile_node.tile.core.slices[1].l2s.bank[0].cache.data_mem.synth.nz.bk[55].mem_1rw_sync)
## bsg_mem_1rw_sync: instantiating width_p=          8, els_p=       1024 (TOP.testbench.wrapper.processor.m.multicore.cc.y[0].x[1].tile_node.tile.core.slices[1].l2s.bank[0].cache.data_mem.synth.nz.bk[56].mem_1rw_sync)
## bsg_mem_1rw_sync: instantiating width_p=          8, els_p=       1024 (TOP.testbench.wrapper.processor.m.multicore.cc.y[0].x[1].tile_node.tile.core.slices[1].l2s.bank[0].cache.data_mem.synth.nz.bk[57].mem_1rw_sync)
## bsg_mem_1rw_sync: instantiating width_p=          8, els_p=       1024 (TOP.testbench.wrapper.processor.m.multicore.cc.y[0].x[1].tile_node.tile.core.slices[1].l2s.bank[0].cache.data_mem.synth.nz.bk[58].mem_1rw_sync)
## bsg_mem_1rw_sync: instantiating width_p=          8, els_p=       1024 (TOP.testbench.wrapper.processor.m.multicore.cc.y[0].x[1].tile_node.tile.core.slices[1].l2s.bank[0].cache.data_mem.synth.nz.bk[59].mem_1rw_sync)
## bsg_mem_1rw_sync: instantiating width_p=          8, els_p=       1024 (TOP.testbench.wrapper.processor.m.multicore.cc.y[0].x[1].tile_node.tile.core.slices[1].l2s.bank[0].cache.data_mem.synth.nz.bk[60].mem_1rw_sync)
## bsg_mem_1rw_sync: instantiating width_p=          8, els_p=       1024 (TOP.testbench.wrapper.processor.m.multicore.cc.y[0].x[1].tile_node.tile.core.slices[1].l2s.bank[0].cache.data_mem.synth.nz.bk[61].mem_1rw_sync)
## bsg_mem_1rw_sync: instantiating width_p=          8, els_p=       1024 (TOP.testbench.wrapper.processor.m.multicore.cc.y[0].x[1].tile_node.tile.core.slices[1].l2s.bank[0].cache.data_mem.synth.nz.bk[62].mem_1rw_sync)
## bsg_mem_1rw_sync: instantiating width_p=          8, els_p=       1024 (TOP.testbench.wrapper.processor.m.multicore.cc.y[0].x[1].tile_node.tile.core.slices[1].l2s.bank[0].cache.data_mem.synth.nz.bk[63].mem_1rw_sync)
__________ ___________  _______________________________
\______   \\_   _____/ /   _____/\_   _____/\__    ___/
 |       _/ |    __)_  \_____  \  |    __)_   |    |   
 |    |   \ |        \ /        \ |        \  |    |  0->1 time =          0
 |____|_  //_______  //_______  //_______  /  |____|   
 ASYNC  \/         \/         \/         \/            
__________ ___________  _______________________________
\______   \\_   _____/ /   _____/\_   _____/\__    ___/
 |       _/ |    __)_  \_____  \  |    __)_   |    |   
 |    |   \ |        \ /        \ |        \  |    |  0->1 time =          0
 |____|_  //_______  //_______  //_______  /  |____|   
 ASYNC  \/         \/         \/         \/            
__________ ___________  _______________________________
\______   \\_   _____/ /   _____/\_   _____/\__    ___/
 |       _/ |    __)_  \_____  \  |    __)_   |    |   
 |    |   \ |        \ /        \ |        \  |    |  1->0 time =        100
 |____|_  //_______  //_______  //_______  /  |____|   
 ASYNC  \/         \/         \/         \/            
__________ ___________  _______________________________
\______   \\_   _____/ /   _____/\_   _____/\__    ___/
 |       _/ |    __)_  \_____  \  |    __)_   |    |   
 |    |   \ |        \ /        \ |        \  |    |  1->0 time =        200
 |____|_  //_______  //_______  //_______  /  |____|   
 ASYNC  \/         \/         \/         \/            
BSG-INFO: TOP.testbench.tracer trace begin at time                  205
[BSG-INFO]: Core 0 (     10000/      10000) instructions completed in       13514 cycles (mIPC ==         739)
[BSG-INFO]: Core 0 (     10000/      10000) instructions completed in       10071 cycles (mIPC ==         992)
[CORE FSH] FAIL
	terminating...
[BSG-FAIL]
- /home/cw025_jishnu/Documents/black-parrot-clean/bp_top/test/common/bp_nonsynth_host.sv:117: Verilog $finish
BSG-INFO: TOP.testbench.dram.dram_tracer terminating...
BSG-INFO: TOP.testbench.tracer flushing trace: dump.fst
BSG-INFO: TOP.testbench.wrapper.processor.m.multicore.cc.y[0].x[0].tile_node.tile.core.core_lite.core_minimal.fe.icache.icache_tracer terminating...
BSG-INFO: TOP.testbench.wrapper.processor.m.multicore.cc.y[0].x[0].tile_node.tile.core.core_lite.core_minimal.be.calculator.pipe_sys.csr.perf terminating...
BSG-INFO: TOP.testbench.wrapper.processor.m.multicore.cc.y[0].x[0].tile_node.tile.core.core_lite.core_minimal.be.calculator.pipe_mem.dcache.dcache_tracer terminating...
BSG-INFO: TOP.testbench.wrapper.processor.m.multicore.cc.y[0].x[0].tile_node.tile.core.core_lite.core_minimal.be.watchdog terminating...
BSG-INFO: TOP.testbench.wrapper.processor.m.multicore.cc.y[0].x[0].tile_node.tile.core.core_lite.core_minimal.be.cosim terminating...
BSG-INFO: TOP.testbench.wrapper.processor.m.multicore.cc.y[0].x[0].tile_node.tile.core.core_lite.fe_lce.lce_tracer terminating...
BSG-INFO: TOP.testbench.wrapper.processor.m.multicore.cc.y[0].x[0].tile_node.tile.core.core_lite.be_lce.lce_tracer terminating...
BSG-INFO: TOP.testbench.wrapper.processor.m.multicore.cc.y[0].x[0].tile_node.tile.cce.cce_tracer terminating...
BSG-INFO: TOP.testbench.wrapper.processor.m.multicore.cc.y[0].x[1].tile_node.tile.core.core_lite.core_minimal.fe.icache.icache_tracer terminating...
BSG-INFO: TOP.testbench.wrapper.processor.m.multicore.cc.y[0].x[1].tile_node.tile.core.core_lite.core_minimal.be.calculator.pipe_sys.csr.perf terminating...
BSG-INFO: TOP.testbench.wrapper.processor.m.multicore.cc.y[0].x[1].tile_node.tile.core.core_lite.core_minimal.be.calculator.pipe_mem.dcache.dcache_tracer terminating...
BSG-INFO: TOP.testbench.wrapper.processor.m.multicore.cc.y[0].x[1].tile_node.tile.core.core_lite.core_minimal.be.watchdog terminating...
BSG-INFO: TOP.testbench.wrapper.processor.m.multicore.cc.y[0].x[1].tile_node.tile.core.core_lite.core_minimal.be.cosim terminating...
BSG-INFO: TOP.testbench.wrapper.processor.m.multicore.cc.y[0].x[1].tile_node.tile.core.core_lite.fe_lce.lce_tracer terminating...
BSG-INFO: TOP.testbench.wrapper.processor.m.multicore.cc.y[0].x[1].tile_node.tile.core.core_lite.be_lce.lce_tracer terminating...
BSG-INFO: TOP.testbench.wrapper.processor.m.multicore.cc.y[0].x[1].tile_node.tile.cce.cce_tracer terminating...
